ISO-10303-21;
HEADER;
/* Generated by software containing ST-Developer
 * from STEP Tools, Inc. (www.steptools.com) 
 */

FILE_DESCRIPTION(
/* description */ ('KiCad electronic assembly'),
/* implementation_level */ '2;1');

FILE_NAME(
/* name */ 'Stardance hackpad top plate.step',
/* time_stamp */ '2026-08-09T10:52:59+10:00',
/* author */ (''),
/* organization */ (''),
/* preprocessor_version */ 'ST-DEVELOPER v20.1',
/* originating_system */ 'Autodesk Translation Framework v15.8.0.0',
/* authorisation */ '');

FILE_SCHEMA (('AUTOMOTIVE_DESIGN { 1 0 10303 214 3 1 1 }'));
ENDSEC;

DATA;
#10=MECHANICAL_DESIGN_GEOMETRIC_PRESENTATION_REPRESENTATION('',(#13),#5260);
#11=SHAPE_REPRESENTATION_RELATIONSHIP('SRR','None',#5266,#12);
#12=ADVANCED_BREP_SHAPE_REPRESENTATION('',(#14),#5259);
#13=STYLED_ITEM('',(#5275),#14);
#14=MANIFOLD_SOLID_BREP('Body5',#2599);
#15=B_SPLINE_SURFACE_WITH_KNOTS('',3,1,((#4297,#4298),(#4299,#4300),(#4301,
#4302),(#4303,#4304),(#4305,#4306),(#4307,#4308),(#4309,#4310),(#4311,#4312),
(#4313,#4314),(#4315,#4316),(#4317,#4318),(#4319,#4320)),.UNSPECIFIED.,
 .F.,.F.,.F.,(4,2,2,2,2,4),(2,2),(0.,0.164028534764017,0.289026195262356,
0.40402970795501,0.498573317970395,0.611971363874065),(0.,0.1),
 .UNSPECIFIED.);
#16=B_SPLINE_SURFACE_WITH_KNOTS('',3,1,((#4325,#4326),(#4327,#4328),(#4329,
#4330),(#4331,#4332),(#4333,#4334),(#4335,#4336),(#4337,#4338),(#4339,#4340),
(#4341,#4342),(#4343,#4344),(#4345,#4346),(#4347,#4348)),.UNSPECIFIED.,
 .F.,.F.,.F.,(4,2,2,2,2,4),(2,2),(0.,0.164028534763977,0.289026195262263,
0.404029707955089,0.498573317970652,0.611971363874292),(0.,0.1),
 .UNSPECIFIED.);
#17=B_SPLINE_SURFACE_WITH_KNOTS('',3,1,((#4352,#4353),(#4354,#4355),(#4356,
#4357),(#4358,#4359),(#4360,#4361),(#4362,#4363),(#4364,#4365),(#4366,#4367),
(#4368,#4369),(#4370,#4371),(#4372,#4373),(#4374,#4375)),.UNSPECIFIED.,
 .F.,.F.,.F.,(4,2,2,2,2,4),(2,2),(0.,0.164028534763992,0.289026195262302,
0.404029707955008,0.498573317970488,0.611971363874273),(0.,0.1),
 .UNSPECIFIED.);
#18=B_SPLINE_SURFACE_WITH_KNOTS('',3,1,((#4379,#4380),(#4381,#4382),(#4383,
#4384),(#4385,#4386),(#4387,#4388),(#4389,#4390),(#4391,#4392),(#4393,#4394),
(#4395,#4396),(#4397,#4398),(#4399,#4400),(#4401,#4402)),.UNSPECIFIED.,
 .F.,.F.,.F.,(4,2,2,2,2,4),(2,2),(0.,0.16402853476398,0.289026195262269,
0.404029707954997,0.498573317970307,0.611971363873433),(0.,0.1),
 .UNSPECIFIED.);
#19=B_SPLINE_SURFACE_WITH_KNOTS('',3,1,((#4429,#4430),(#4431,#4432),(#4433,
#4434),(#4435,#4436),(#4437,#4438)),.UNSPECIFIED.,.F.,.F.,.F.,(4,1,4),(2,
2),(0.,0.0472951085603631,0.0985922204039192),(0.,0.1),.UNSPECIFIED.);
#20=B_SPLINE_SURFACE_WITH_KNOTS('',3,1,((#4443,#4444),(#4445,#4446),(#4447,
#4448),(#4449,#4450),(#4451,#4452)),.UNSPECIFIED.,.F.,.F.,.F.,(4,1,4),(2,
2),(0.,0.0335626382050205,0.0621265441931654),(0.,0.1),.UNSPECIFIED.);
#21=B_SPLINE_SURFACE_WITH_KNOTS('',3,1,((#4454,#4455),(#4456,#4457),(#4458,
#4459),(#4460,#4461),(#4462,#4463)),.UNSPECIFIED.,.F.,.F.,.F.,(4,1,4),(2,
2),(0.,0.0266425655773624,0.0556226855581475),(0.,0.1),.UNSPECIFIED.);
#22=B_SPLINE_SURFACE_WITH_KNOTS('',3,1,((#4465,#4466),(#4467,#4468),(#4469,
#4470),(#4471,#4472),(#4473,#4474)),.UNSPECIFIED.,.F.,.F.,.F.,(4,1,4),(2,
2),(0.,0.0453383942586996,0.0872944046657619),(0.,0.1),.UNSPECIFIED.);
#23=B_SPLINE_SURFACE_WITH_KNOTS('',3,1,((#4476,#4477),(#4478,#4479),(#4480,
#4481),(#4482,#4483),(#4484,#4485)),.UNSPECIFIED.,.F.,.F.,.F.,(4,1,4),(2,
2),(0.,0.0471943561507081,0.104733348926003),(0.,0.1),.UNSPECIFIED.);
#24=B_SPLINE_SURFACE_WITH_KNOTS('',3,1,((#4487,#4488),(#4489,#4490),(#4491,
#4492),(#4493,#4494),(#4495,#4496)),.UNSPECIFIED.,.F.,.F.,.F.,(4,1,4),(2,
2),(0.,0.0585185849262709,0.105812901542534),(0.,0.1),.UNSPECIFIED.);
#25=B_SPLINE_SURFACE_WITH_KNOTS('',3,1,((#4498,#4499),(#4500,#4501),(#4502,
#4503),(#4504,#4505),(#4506,#4507)),.UNSPECIFIED.,.F.,.F.,.F.,(4,1,4),(2,
2),(0.,0.0411537538804761,0.0846712765431182),(0.,0.1),.UNSPECIFIED.);
#26=B_SPLINE_SURFACE_WITH_KNOTS('',3,1,((#4509,#4510),(#4511,#4512),(#4513,
#4514),(#4515,#4516),(#4517,#4518)),.UNSPECIFIED.,.F.,.F.,.F.,(4,1,4),(2,
2),(0.,0.0350896848684196,0.0661604045954373),(0.,0.1),.UNSPECIFIED.);
#27=B_SPLINE_SURFACE_WITH_KNOTS('',3,1,((#4520,#4521),(#4522,#4523),(#4524,
#4525),(#4526,#4527),(#4528,#4529)),.UNSPECIFIED.,.F.,.F.,.F.,(4,1,4),(2,
2),(0.,0.0333837589741104,0.0736192140246766),(0.,0.1),.UNSPECIFIED.);
#28=B_SPLINE_SURFACE_WITH_KNOTS('',3,1,((#4533,#4534),(#4535,#4536),(#4537,
#4538),(#4539,#4540),(#4541,#4542)),.UNSPECIFIED.,.F.,.F.,.F.,(4,1,4),(2,
2),(0.,0.061990093232125,0.115338440127712),(0.,0.1),.UNSPECIFIED.);
#29=B_SPLINE_SURFACE_WITH_KNOTS('',3,1,((#4544,#4545),(#4546,#4547),(#4548,
#4549),(#4550,#4551),(#4552,#4553)),.UNSPECIFIED.,.F.,.F.,.F.,(4,1,4),(2,
2),(0.,0.0504716183488041,0.101221768591606),(0.,0.1),.UNSPECIFIED.);
#30=B_SPLINE_SURFACE_WITH_KNOTS('',3,1,((#4555,#4556),(#4557,#4558),(#4559,
#4560),(#4561,#4562),(#4563,#4564)),.UNSPECIFIED.,.F.,.F.,.F.,(4,1,4),(2,
2),(0.,0.0697061359984286,0.133235241430394),(0.,0.1),.UNSPECIFIED.);
#31=B_SPLINE_SURFACE_WITH_KNOTS('',3,1,((#4566,#4567),(#4568,#4569),(#4570,
#4571),(#4572,#4573),(#4574,#4575)),.UNSPECIFIED.,.F.,.F.,.F.,(4,1,4),(2,
2),(0.,0.067029447978581,0.143260230558839),(0.,0.1),.UNSPECIFIED.);
#32=B_SPLINE_SURFACE_WITH_KNOTS('',3,1,((#4577,#4578),(#4579,#4580),(#4581,
#4582),(#4583,#4584),(#4585,#4586)),.UNSPECIFIED.,.F.,.F.,.F.,(4,1,4),(2,
2),(0.,0.0626473347211784,0.114372387252967),(0.,0.1),.UNSPECIFIED.);
#33=B_SPLINE_SURFACE_WITH_KNOTS('',3,1,((#4588,#4589),(#4590,#4591),(#4592,
#4593),(#4594,#4595),(#4596,#4597)),.UNSPECIFIED.,.F.,.F.,.F.,(4,1,4),(2,
2),(0.,0.0449346798734304,0.0855639006918636),(0.,0.1),.UNSPECIFIED.);
#34=B_SPLINE_SURFACE_WITH_KNOTS('',3,1,((#4599,#4600),(#4601,#4602),(#4603,
#4604),(#4605,#4606),(#4607,#4608)),.UNSPECIFIED.,.F.,.F.,.F.,(4,1,4),(2,
2),(0.,0.0395450982906683,0.0790320122204359),(0.,0.1),.UNSPECIFIED.);
#35=B_SPLINE_SURFACE_WITH_KNOTS('',3,1,((#4610,#4611),(#4612,#4613),(#4614,
#4615),(#4616,#4617),(#4618,#4619)),.UNSPECIFIED.,.F.,.F.,.F.,(4,1,4),(2,
2),(0.,0.0513847577620781,0.099260245203598),(0.,0.1),.UNSPECIFIED.);
#36=B_SPLINE_SURFACE_WITH_KNOTS('',3,1,((#4620,#4621),(#4622,#4623),(#4624,
#4625),(#4626,#4627),(#4628,#4629)),.UNSPECIFIED.,.F.,.F.,.F.,(4,1,4),(2,
2),(0.,0.0572101945353083,0.114816463736197),(0.,0.1),.UNSPECIFIED.);
#37=B_SPLINE_SURFACE_WITH_KNOTS('',3,1,((#4646,#4647),(#4648,#4649),(#4650,
#4651),(#4652,#4653),(#4654,#4655)),.UNSPECIFIED.,.F.,.F.,.F.,(4,1,4),(2,
2),(0.,0.054259444972323,0.110619740551138),(0.,0.1),.UNSPECIFIED.);
#38=B_SPLINE_SURFACE_WITH_KNOTS('',3,1,((#4657,#4658),(#4659,#4660),(#4661,
#4662),(#4663,#4664),(#4665,#4666)),.UNSPECIFIED.,.F.,.F.,.F.,(4,1,4),(2,
2),(0.,0.0630173097418968,0.123911139770023),(0.,0.1),.UNSPECIFIED.);
#39=B_SPLINE_SURFACE_WITH_KNOTS('',3,1,((#4668,#4669),(#4670,#4671),(#4672,
#4673),(#4674,#4675),(#4676,#4677)),.UNSPECIFIED.,.F.,.F.,.F.,(4,1,4),(2,
2),(0.,0.0652717470207715,0.138732432865317),(0.,0.1),.UNSPECIFIED.);
#40=B_SPLINE_SURFACE_WITH_KNOTS('',3,1,((#4679,#4680),(#4681,#4682),(#4683,
#4684),(#4685,#4686),(#4687,#4688)),.UNSPECIFIED.,.F.,.F.,.F.,(4,1,4),(2,
2),(0.,0.0827527915891276,0.152342032543943),(0.,0.1),.UNSPECIFIED.);
#41=B_SPLINE_SURFACE_WITH_KNOTS('',3,1,((#4690,#4691),(#4692,#4693),(#4694,
#4695),(#4696,#4697),(#4698,#4699)),.UNSPECIFIED.,.F.,.F.,.F.,(4,1,4),(2,
2),(0.,0.0619896010415459,0.120957172438288),(0.,0.1),.UNSPECIFIED.);
#42=B_SPLINE_SURFACE_WITH_KNOTS('',3,1,((#4713,#4714),(#4715,#4716),(#4717,
#4718),(#4719,#4720),(#4721,#4722)),.UNSPECIFIED.,.F.,.F.,.F.,(4,1,4),(2,
2),(0.,0.0405256830009571,0.0678403460903861),(0.,0.1),.UNSPECIFIED.);
#43=B_SPLINE_SURFACE_WITH_KNOTS('',3,1,((#4724,#4725),(#4726,#4727),(#4728,
#4729),(#4730,#4731),(#4732,#4733)),.UNSPECIFIED.,.F.,.F.,.F.,(4,1,4),(2,
2),(0.,0.0204218319855528,0.0420848777068352),(0.,0.1),.UNSPECIFIED.);
#44=B_SPLINE_SURFACE_WITH_KNOTS('',3,1,((#4735,#4736),(#4737,#4738),(#4739,
#4740),(#4741,#4742),(#4743,#4744)),.UNSPECIFIED.,.F.,.F.,.F.,(4,1,4),(2,
2),(0.,0.0231032472884454,0.0479269461613622),(0.,0.1),.UNSPECIFIED.);
#45=B_SPLINE_SURFACE_WITH_KNOTS('',3,1,((#4746,#4747),(#4748,#4749),(#4750,
#4751),(#4752,#4753),(#4754,#4755)),.UNSPECIFIED.,.F.,.F.,.F.,(4,1,4),(2,
2),(0.,0.0336592849335599,0.0694145262707413),(0.,0.1),.UNSPECIFIED.);
#46=B_SPLINE_SURFACE_WITH_KNOTS('',3,1,((#4757,#4758),(#4759,#4760),(#4761,
#4762),(#4763,#4764),(#4765,#4766)),.UNSPECIFIED.,.F.,.F.,.F.,(4,1,4),(2,
2),(0.,0.0428529869772419,0.104998474919286),(0.,0.1),.UNSPECIFIED.);
#47=B_SPLINE_SURFACE_WITH_KNOTS('',3,1,((#4780,#4781),(#4782,#4783),(#4784,
#4785),(#4786,#4787),(#4788,#4789)),.UNSPECIFIED.,.F.,.F.,.F.,(4,1,4),(2,
2),(0.,0.0663179239746916,0.131302333771341),(0.,0.1),.UNSPECIFIED.);
#48=B_SPLINE_SURFACE_WITH_KNOTS('',3,1,((#4791,#4792),(#4793,#4794),(#4795,
#4796),(#4797,#4798),(#4799,#4800)),.UNSPECIFIED.,.F.,.F.,.F.,(4,1,4),(2,
2),(0.,0.0360770147288332,0.071610344865401),(0.,0.1),.UNSPECIFIED.);
#49=B_SPLINE_SURFACE_WITH_KNOTS('',3,1,((#4802,#4803),(#4804,#4805),(#4806,
#4807),(#4808,#4809),(#4810,#4811)),.UNSPECIFIED.,.F.,.F.,.F.,(4,1,4),(2,
2),(0.,0.0333872428580761,0.0646808749366447),(0.,0.1),.UNSPECIFIED.);
#50=B_SPLINE_SURFACE_WITH_KNOTS('',3,1,((#4813,#4814),(#4815,#4816),(#4817,
#4818),(#4819,#4820),(#4821,#4822)),.UNSPECIFIED.,.F.,.F.,.F.,(4,1,4),(2,
2),(0.,0.0357606401856689,0.0796127913598469),(0.,0.1),.UNSPECIFIED.);
#51=B_SPLINE_SURFACE_WITH_KNOTS('',3,1,((#4828,#4829),(#4830,#4831),(#4832,
#4833),(#4834,#4835),(#4836,#4837)),.UNSPECIFIED.,.F.,.F.,.F.,(4,1,4),(2,
2),(0.,0.0492241356277029,0.0922643557325342),(0.,0.1),.UNSPECIFIED.);
#52=B_SPLINE_SURFACE_WITH_KNOTS('',3,1,((#4839,#4840),(#4841,#4842),(#4843,
#4844),(#4845,#4846),(#4847,#4848)),.UNSPECIFIED.,.F.,.F.,.F.,(4,1,4),(2,
2),(0.,0.0416691557445815,0.087241700102441),(0.,0.1),.UNSPECIFIED.);
#53=B_SPLINE_SURFACE_WITH_KNOTS('',3,1,((#4850,#4851),(#4852,#4853),(#4854,
#4855),(#4856,#4857),(#4858,#4859)),.UNSPECIFIED.,.F.,.F.,.F.,(4,1,4),(2,
2),(0.,0.0718703796878906,0.136662340161213),(0.,0.1),.UNSPECIFIED.);
#54=B_SPLINE_SURFACE_WITH_KNOTS('',3,1,((#4861,#4862),(#4863,#4864),(#4865,
#4866),(#4867,#4868),(#4869,#4870)),.UNSPECIFIED.,.F.,.F.,.F.,(4,1,4),(2,
2),(0.,0.0690251812899492,0.149381096988021),(0.,0.1),.UNSPECIFIED.);
#55=B_SPLINE_SURFACE_WITH_KNOTS('',3,1,((#4872,#4873),(#4874,#4875),(#4876,
#4877),(#4878,#4879),(#4880,#4881)),.UNSPECIFIED.,.F.,.F.,.F.,(4,1,4),(2,
2),(0.,0.0899687975664532,0.160946972455447),(0.,0.1),.UNSPECIFIED.);
#56=B_SPLINE_SURFACE_WITH_KNOTS('',3,1,((#4883,#4884),(#4885,#4886),(#4887,
#4888),(#4889,#4890),(#4891,#4892)),.UNSPECIFIED.,.F.,.F.,.F.,(4,1,4),(2,
2),(0.,0.0628265682360861,0.127732030994132),(0.,0.1),.UNSPECIFIED.);
#57=B_SPLINE_SURFACE_WITH_KNOTS('',3,1,((#4894,#4895),(#4896,#4897),(#4898,
#4899),(#4900,#4901),(#4902,#4903)),.UNSPECIFIED.,.F.,.F.,.F.,(4,1,4),(2,
2),(0.,0.0527232761863087,0.100137184887773),(0.,0.1),.UNSPECIFIED.);
#58=B_SPLINE_SURFACE_WITH_KNOTS('',3,1,((#4905,#4906),(#4907,#4908),(#4909,
#4910),(#4911,#4912),(#4913,#4914)),.UNSPECIFIED.,.F.,.F.,.F.,(4,1,4),(2,
2),(0.,0.0496481925712292,0.107871711110211),(0.,0.1),.UNSPECIFIED.);
#59=B_SPLINE_SURFACE_WITH_KNOTS('',3,1,((#4918,#4919),(#4920,#4921),(#4922,
#4923),(#4924,#4925),(#4926,#4927)),.UNSPECIFIED.,.F.,.F.,.F.,(4,1,4),(2,
2),(0.,0.0780108900536072,0.146609882348043),(0.,0.1),.UNSPECIFIED.);
#60=B_SPLINE_SURFACE_WITH_KNOTS('',3,1,((#4929,#4930),(#4931,#4932),(#4933,
#4934),(#4935,#4936),(#4937,#4938)),.UNSPECIFIED.,.F.,.F.,.F.,(4,1,4),(2,
2),(0.,0.0659998258689025,0.136039803094306),(0.,0.1),.UNSPECIFIED.);
#61=B_SPLINE_SURFACE_WITH_KNOTS('',3,1,((#4940,#4941),(#4942,#4943),(#4944,
#4945),(#4946,#4947),(#4948,#4949)),.UNSPECIFIED.,.F.,.F.,.F.,(4,1,4),(2,
2),(0.,0.105895101077231,0.197072872350893),(0.,0.1),.UNSPECIFIED.);
#62=B_SPLINE_SURFACE_WITH_KNOTS('',3,1,((#4951,#4952),(#4953,#4954),(#4955,
#4956),(#4957,#4958),(#4959,#4960)),.UNSPECIFIED.,.F.,.F.,.F.,(4,1,4),(2,
2),(0.,0.0929071213435913,0.192374259035611),(0.,0.1),.UNSPECIFIED.);
#63=B_SPLINE_SURFACE_WITH_KNOTS('',3,1,((#4962,#4963),(#4964,#4965),(#4966,
#4967),(#4968,#4969),(#4970,#4971)),.UNSPECIFIED.,.F.,.F.,.F.,(4,1,4),(2,
2),(0.,0.105948032282855,0.198710829705166),(0.,0.1),.UNSPECIFIED.);
#64=B_SPLINE_SURFACE_WITH_KNOTS('',3,1,((#4973,#4974),(#4975,#4976),(#4977,
#4978),(#4979,#4980),(#4981,#4982)),.UNSPECIFIED.,.F.,.F.,.F.,(4,1,4),(2,
2),(0.,0.0894226371676194,0.183481865206254),(0.,0.1),.UNSPECIFIED.);
#65=B_SPLINE_SURFACE_WITH_KNOTS('',3,1,((#4984,#4985),(#4986,#4987),(#4988,
#4989),(#4990,#4991),(#4992,#4993)),.UNSPECIFIED.,.F.,.F.,.F.,(4,1,4),(2,
2),(0.,0.0670815273574572,0.12948336892941),(0.,0.1),.UNSPECIFIED.);
#66=B_SPLINE_SURFACE_WITH_KNOTS('',3,1,((#4995,#4996),(#4997,#4998),(#4999,
#5000),(#5001,#5002),(#5003,#5004)),.UNSPECIFIED.,.F.,.F.,.F.,(4,1,4),(2,
2),(0.,0.0623924204272656,0.130305772996166),(0.,0.1),.UNSPECIFIED.);
#67=B_SPLINE_SURFACE_WITH_KNOTS('',3,1,((#5029,#5030),(#5031,#5032),(#5033,
#5034),(#5035,#5036),(#5037,#5038)),.UNSPECIFIED.,.F.,.F.,.F.,(4,1,4),(2,
2),(0.,0.0151532621119767,0.0329087827714012),(0.,0.1),.UNSPECIFIED.);
#68=B_SPLINE_SURFACE_WITH_KNOTS('',3,1,((#5041,#5042),(#5043,#5044),(#5045,
#5046),(#5047,#5048),(#5049,#5050)),.UNSPECIFIED.,.F.,.F.,.F.,(4,1,4),(2,
2),(0.,0.0218849088640301,0.0493168191278278),(0.,0.1),.UNSPECIFIED.);
#69=B_SPLINE_SURFACE_WITH_KNOTS('',3,1,((#5052,#5053),(#5054,#5055),(#5056,
#5057),(#5058,#5059),(#5060,#5061)),.UNSPECIFIED.,.F.,.F.,.F.,(4,1,4),(2,
2),(0.,0.0350049406714441,0.0638835250534065),(0.,0.1),.UNSPECIFIED.);
#70=B_SPLINE_SURFACE_WITH_KNOTS('',3,1,((#5063,#5064),(#5065,#5066),(#5067,
#5068),(#5069,#5070),(#5071,#5072)),.UNSPECIFIED.,.F.,.F.,.F.,(4,1,4),(2,
2),(0.,0.027960439693905,0.0630148432861721),(0.,0.1),.UNSPECIFIED.);
#71=B_SPLINE_SURFACE_WITH_KNOTS('',3,1,((#5076,#5077),(#5078,#5079),(#5080,
#5081),(#5082,#5083),(#5084,#5085)),.UNSPECIFIED.,.F.,.F.,.F.,(4,1,4),(2,
2),(0.,0.0508365559948079,0.0980811247173977),(0.,0.1),.UNSPECIFIED.);
#72=B_SPLINE_SURFACE_WITH_KNOTS('',3,1,((#5087,#5088),(#5089,#5090),(#5091,
#5092),(#5093,#5094),(#5095,#5096)),.UNSPECIFIED.,.F.,.F.,.F.,(4,1,4),(2,
2),(0.,0.0519627845392771,0.115112245271461),(0.,0.1),.UNSPECIFIED.);
#73=B_SPLINE_SURFACE_WITH_KNOTS('',3,1,((#5098,#5099),(#5100,#5101),(#5102,
#5103),(#5104,#5105),(#5106,#5107)),.UNSPECIFIED.,.F.,.F.,.F.,(4,1,4),(2,
2),(0.,0.055614686302825,0.0965343142808311),(0.,0.1),.UNSPECIFIED.);
#74=B_SPLINE_SURFACE_WITH_KNOTS('',3,1,((#5109,#5110),(#5111,#5112),(#5113,
#5114),(#5115,#5116),(#5117,#5118)),.UNSPECIFIED.,.F.,.F.,.F.,(4,1,4),(2,
2),(0.,0.0319384655037328,0.0597133893033052),(0.,0.1),.UNSPECIFIED.);
#75=B_SPLINE_SURFACE_WITH_KNOTS('',3,1,((#5120,#5121),(#5122,#5123),(#5124,
#5125),(#5126,#5127),(#5128,#5129)),.UNSPECIFIED.,.F.,.F.,.F.,(4,1,4),(2,
2),(0.,0.031084891153242,0.0694599849552858),(0.,0.1),.UNSPECIFIED.);
#76=B_SPLINE_SURFACE_WITH_KNOTS('',3,1,((#5133,#5134),(#5135,#5136),(#5137,
#5138),(#5139,#5140),(#5141,#5142)),.UNSPECIFIED.,.F.,.F.,.F.,(4,1,4),(2,
2),(0.,0.0618582257696584,0.0994933776554369),(0.,0.1),.UNSPECIFIED.);
#77=B_SPLINE_SURFACE_WITH_KNOTS('',3,1,((#5144,#5145),(#5146,#5147),(#5148,
#5149),(#5150,#5151),(#5152,#5153)),.UNSPECIFIED.,.F.,.F.,.F.,(4,1,4),(2,
2),(0.,0.0255022604510445,0.052247796450532),(0.,0.1),.UNSPECIFIED.);
#78=B_SPLINE_SURFACE_WITH_KNOTS('',3,1,((#5157,#5158),(#5159,#5160),(#5161,
#5162),(#5163,#5164),(#5165,#5166)),.UNSPECIFIED.,.F.,.F.,.F.,(4,1,4),(2,
2),(0.,0.0207202008898568,0.045736683612079),(0.,0.1),.UNSPECIFIED.);
#79=B_SPLINE_SURFACE_WITH_KNOTS('',3,1,((#5168,#5169),(#5170,#5171),(#5172,
#5173),(#5174,#5175),(#5176,#5177)),.UNSPECIFIED.,.F.,.F.,.F.,(4,1,4),(2,
2),(0.,0.0742075584999013,0.143333009278225),(0.,0.1),.UNSPECIFIED.);
#80=B_SPLINE_SURFACE_WITH_KNOTS('',3,1,((#5179,#5180),(#5181,#5182),(#5183,
#5184),(#5185,#5186),(#5187,#5188)),.UNSPECIFIED.,.F.,.F.,.F.,(4,1,4),(2,
2),(0.,0.0507928923812472,0.094620720864959),(0.,0.1),.UNSPECIFIED.);
#81=B_SPLINE_SURFACE_WITH_KNOTS('',3,1,((#5190,#5191),(#5192,#5193),(#5194,
#5195),(#5196,#5197),(#5198,#5199)),.UNSPECIFIED.,.F.,.F.,.F.,(4,1,4),(2,
2),(0.,0.040728752613486,0.0831949397648533),(0.,0.1),.UNSPECIFIED.);
#82=B_SPLINE_SURFACE_WITH_KNOTS('',3,1,((#5201,#5202),(#5203,#5204),(#5205,
#5206),(#5207,#5208),(#5209,#5210)),.UNSPECIFIED.,.F.,.F.,.F.,(4,1,4),(2,
2),(0.,0.0410055120099073,0.0809377520352429),(0.,0.1),.UNSPECIFIED.);
#83=B_SPLINE_SURFACE_WITH_KNOTS('',3,1,((#5212,#5213),(#5214,#5215),(#5216,
#5217),(#5218,#5219),(#5220,#5221)),.UNSPECIFIED.,.F.,.F.,.F.,(4,1,4),(2,
2),(0.,0.0491603691783747,0.116551909509244),(0.,0.1),.UNSPECIFIED.);
#84=B_SPLINE_SURFACE_WITH_KNOTS('',3,1,((#5225,#5226),(#5227,#5228),(#5229,
#5230),(#5231,#5232),(#5233,#5234)),.UNSPECIFIED.,.F.,.F.,.F.,(4,1,4),(2,
2),(0.,0.0292518725363916,0.0534078169600242),(0.,0.1),.UNSPECIFIED.);
#85=B_SPLINE_SURFACE_WITH_KNOTS('',3,1,((#5236,#5237),(#5238,#5239),(#5240,
#5241),(#5242,#5243),(#5244,#5245)),.UNSPECIFIED.,.F.,.F.,.F.,(4,1,4),(2,
2),(0.,0.0231051199460936,0.0382234002012369),(0.,0.1),.UNSPECIFIED.);
#86=B_SPLINE_SURFACE_WITH_KNOTS('',3,1,((#5247,#5248),(#5249,#5250),(#5251,
#5252),(#5253,#5254),(#5255,#5256)),.UNSPECIFIED.,.F.,.F.,.F.,(4,1,4),(2,
2),(0.,0.0120261097295065,0.0256680041370857),(0.,0.1),.UNSPECIFIED.);
#87=FACE_BOUND('',#234,.T.);
#88=FACE_BOUND('',#235,.T.);
#89=FACE_BOUND('',#236,.T.);
#90=FACE_BOUND('',#237,.T.);
#91=FACE_BOUND('',#238,.T.);
#92=FACE_BOUND('',#239,.T.);
#93=FACE_BOUND('',#240,.T.);
#94=FACE_BOUND('',#241,.T.);
#95=FACE_BOUND('',#243,.T.);
#96=FACE_BOUND('',#244,.T.);
#97=FACE_BOUND('',#245,.T.);
#98=FACE_BOUND('',#246,.T.);
#99=FACE_BOUND('',#247,.T.);
#100=FACE_BOUND('',#248,.T.);
#101=FACE_BOUND('',#249,.T.);
#102=FACE_BOUND('',#250,.T.);
#103=FACE_OUTER_BOUND('',#233,.T.);
#104=FACE_OUTER_BOUND('',#242,.T.);
#105=FACE_OUTER_BOUND('',#251,.T.);
#106=FACE_OUTER_BOUND('',#252,.T.);
#107=FACE_OUTER_BOUND('',#253,.T.);
#108=FACE_OUTER_BOUND('',#254,.T.);
#109=FACE_OUTER_BOUND('',#255,.T.);
#110=FACE_OUTER_BOUND('',#256,.T.);
#111=FACE_OUTER_BOUND('',#257,.T.);
#112=FACE_OUTER_BOUND('',#258,.T.);
#113=FACE_OUTER_BOUND('',#259,.T.);
#114=FACE_OUTER_BOUND('',#260,.T.);
#115=FACE_OUTER_BOUND('',#261,.T.);
#116=FACE_OUTER_BOUND('',#262,.T.);
#117=FACE_OUTER_BOUND('',#263,.T.);
#118=FACE_OUTER_BOUND('',#264,.T.);
#119=FACE_OUTER_BOUND('',#265,.T.);
#120=FACE_OUTER_BOUND('',#266,.T.);
#121=FACE_OUTER_BOUND('',#267,.T.);
#122=FACE_OUTER_BOUND('',#268,.T.);
#123=FACE_OUTER_BOUND('',#269,.T.);
#124=FACE_OUTER_BOUND('',#270,.T.);
#125=FACE_OUTER_BOUND('',#271,.T.);
#126=FACE_OUTER_BOUND('',#272,.T.);
#127=FACE_OUTER_BOUND('',#273,.T.);
#128=FACE_OUTER_BOUND('',#274,.T.);
#129=FACE_OUTER_BOUND('',#275,.T.);
#130=FACE_OUTER_BOUND('',#276,.T.);
#131=FACE_OUTER_BOUND('',#277,.T.);
#132=FACE_OUTER_BOUND('',#278,.T.);
#133=FACE_OUTER_BOUND('',#279,.T.);
#134=FACE_OUTER_BOUND('',#280,.T.);
#135=FACE_OUTER_BOUND('',#281,.T.);
#136=FACE_OUTER_BOUND('',#282,.T.);
#137=FACE_OUTER_BOUND('',#283,.T.);
#138=FACE_OUTER_BOUND('',#284,.T.);
#139=FACE_OUTER_BOUND('',#285,.T.);
#140=FACE_OUTER_BOUND('',#286,.T.);
#141=FACE_OUTER_BOUND('',#287,.T.);
#142=FACE_OUTER_BOUND('',#288,.T.);
#143=FACE_OUTER_BOUND('',#289,.T.);
#144=FACE_OUTER_BOUND('',#290,.T.);
#145=FACE_OUTER_BOUND('',#291,.T.);
#146=FACE_OUTER_BOUND('',#292,.T.);
#147=FACE_OUTER_BOUND('',#293,.T.);
#148=FACE_OUTER_BOUND('',#294,.T.);
#149=FACE_OUTER_BOUND('',#295,.T.);
#150=FACE_OUTER_BOUND('',#296,.T.);
#151=FACE_OUTER_BOUND('',#297,.T.);
#152=FACE_OUTER_BOUND('',#298,.T.);
#153=FACE_OUTER_BOUND('',#299,.T.);
#154=FACE_OUTER_BOUND('',#300,.T.);
#155=FACE_OUTER_BOUND('',#301,.T.);
#156=FACE_OUTER_BOUND('',#302,.T.);
#157=FACE_OUTER_BOUND('',#303,.T.);
#158=FACE_OUTER_BOUND('',#304,.T.);
#159=FACE_OUTER_BOUND('',#305,.T.);
#160=FACE_OUTER_BOUND('',#306,.T.);
#161=FACE_OUTER_BOUND('',#307,.T.);
#162=FACE_OUTER_BOUND('',#308,.T.);
#163=FACE_OUTER_BOUND('',#309,.T.);
#164=FACE_OUTER_BOUND('',#310,.T.);
#165=FACE_OUTER_BOUND('',#311,.T.);
#166=FACE_OUTER_BOUND('',#312,.T.);
#167=FACE_OUTER_BOUND('',#313,.T.);
#168=FACE_OUTER_BOUND('',#314,.T.);
#169=FACE_OUTER_BOUND('',#315,.T.);
#170=FACE_OUTER_BOUND('',#316,.T.);
#171=FACE_OUTER_BOUND('',#317,.T.);
#172=FACE_OUTER_BOUND('',#318,.T.);
#173=FACE_OUTER_BOUND('',#319,.T.);
#174=FACE_OUTER_BOUND('',#320,.T.);
#175=FACE_OUTER_BOUND('',#321,.T.);
#176=FACE_OUTER_BOUND('',#322,.T.);
#177=FACE_OUTER_BOUND('',#323,.T.);
#178=FACE_OUTER_BOUND('',#324,.T.);
#179=FACE_OUTER_BOUND('',#325,.T.);
#180=FACE_OUTER_BOUND('',#326,.T.);
#181=FACE_OUTER_BOUND('',#327,.T.);
#182=FACE_OUTER_BOUND('',#328,.T.);
#183=FACE_OUTER_BOUND('',#329,.T.);
#184=FACE_OUTER_BOUND('',#330,.T.);
#185=FACE_OUTER_BOUND('',#331,.T.);
#186=FACE_OUTER_BOUND('',#332,.T.);
#187=FACE_OUTER_BOUND('',#333,.T.);
#188=FACE_OUTER_BOUND('',#334,.T.);
#189=FACE_OUTER_BOUND('',#335,.T.);
#190=FACE_OUTER_BOUND('',#336,.T.);
#191=FACE_OUTER_BOUND('',#337,.T.);
#192=FACE_OUTER_BOUND('',#338,.T.);
#193=FACE_OUTER_BOUND('',#339,.T.);
#194=FACE_OUTER_BOUND('',#340,.T.);
#195=FACE_OUTER_BOUND('',#341,.T.);
#196=FACE_OUTER_BOUND('',#342,.T.);
#197=FACE_OUTER_BOUND('',#343,.T.);
#198=FACE_OUTER_BOUND('',#344,.T.);
#199=FACE_OUTER_BOUND('',#345,.T.);
#200=FACE_OUTER_BOUND('',#346,.T.);
#201=FACE_OUTER_BOUND('',#347,.T.);
#202=FACE_OUTER_BOUND('',#348,.T.);
#203=FACE_OUTER_BOUND('',#349,.T.);
#204=FACE_OUTER_BOUND('',#350,.T.);
#205=FACE_OUTER_BOUND('',#351,.T.);
#206=FACE_OUTER_BOUND('',#352,.T.);
#207=FACE_OUTER_BOUND('',#353,.T.);
#208=FACE_OUTER_BOUND('',#354,.T.);
#209=FACE_OUTER_BOUND('',#355,.T.);
#210=FACE_OUTER_BOUND('',#356,.T.);
#211=FACE_OUTER_BOUND('',#357,.T.);
#212=FACE_OUTER_BOUND('',#358,.T.);
#213=FACE_OUTER_BOUND('',#359,.T.);
#214=FACE_OUTER_BOUND('',#360,.T.);
#215=FACE_OUTER_BOUND('',#361,.T.);
#216=FACE_OUTER_BOUND('',#362,.T.);
#217=FACE_OUTER_BOUND('',#363,.T.);
#218=FACE_OUTER_BOUND('',#364,.T.);
#219=FACE_OUTER_BOUND('',#365,.T.);
#220=FACE_OUTER_BOUND('',#366,.T.);
#221=FACE_OUTER_BOUND('',#367,.T.);
#222=FACE_OUTER_BOUND('',#368,.T.);
#223=FACE_OUTER_BOUND('',#369,.T.);
#224=FACE_OUTER_BOUND('',#370,.T.);
#225=FACE_OUTER_BOUND('',#371,.T.);
#226=FACE_OUTER_BOUND('',#372,.T.);
#227=FACE_OUTER_BOUND('',#373,.T.);
#228=FACE_OUTER_BOUND('',#374,.T.);
#229=FACE_OUTER_BOUND('',#375,.T.);
#230=FACE_OUTER_BOUND('',#376,.T.);
#231=FACE_OUTER_BOUND('',#377,.T.);
#232=FACE_OUTER_BOUND('',#378,.T.);
#233=EDGE_LOOP('',(#1643,#1644,#1645,#1646,#1647,#1648,#1649,#1650));
#234=EDGE_LOOP('',(#1651,#1652,#1653,#1654,#1655,#1656,#1657,#1658,#1659,
#1660,#1661,#1662));
#235=EDGE_LOOP('',(#1663,#1664,#1665,#1666,#1667,#1668,#1669,#1670,#1671,
#1672,#1673,#1674,#1675,#1676,#1677,#1678,#1679,#1680,#1681));
#236=EDGE_LOOP('',(#1682,#1683,#1684,#1685,#1686,#1687,#1688,#1689,#1690,
#1691,#1692,#1693,#1694));
#237=EDGE_LOOP('',(#1695,#1696,#1697,#1698));
#238=EDGE_LOOP('',(#1699,#1700,#1701,#1702,#1703,#1704,#1705,#1706,#1707,
#1708,#1709,#1710,#1711,#1712,#1713,#1714,#1715,#1716));
#239=EDGE_LOOP('',(#1717,#1718,#1719,#1720,#1721,#1722,#1723,#1724,#1725,
#1726,#1727,#1728,#1729,#1730,#1731,#1732,#1733,#1734));
#240=EDGE_LOOP('',(#1735,#1736,#1737,#1738,#1739,#1740,#1741,#1742,#1743,
#1744,#1745,#1746));
#241=EDGE_LOOP('',(#1747,#1748,#1749,#1750,#1751,#1752,#1753,#1754,#1755,
#1756,#1757,#1758,#1759,#1760,#1761,#1762,#1763,#1764,#1765,#1766,#1767,
#1768,#1769,#1770));
#242=EDGE_LOOP('',(#1771,#1772,#1773,#1774,#1775,#1776,#1777,#1778));
#243=EDGE_LOOP('',(#1779,#1780,#1781,#1782,#1783,#1784,#1785,#1786,#1787,
#1788,#1789,#1790));
#244=EDGE_LOOP('',(#1791,#1792,#1793,#1794,#1795,#1796,#1797,#1798,#1799,
#1800,#1801,#1802,#1803,#1804,#1805,#1806,#1807,#1808,#1809));
#245=EDGE_LOOP('',(#1810,#1811,#1812,#1813,#1814,#1815,#1816,#1817,#1818,
#1819,#1820,#1821,#1822));
#246=EDGE_LOOP('',(#1823,#1824,#1825,#1826));
#247=EDGE_LOOP('',(#1827,#1828,#1829,#1830,#1831,#1832,#1833,#1834,#1835,
#1836,#1837,#1838,#1839,#1840,#1841,#1842,#1843,#1844));
#248=EDGE_LOOP('',(#1845,#1846,#1847,#1848,#1849,#1850,#1851,#1852,#1853,
#1854,#1855,#1856,#1857,#1858,#1859,#1860,#1861,#1862));
#249=EDGE_LOOP('',(#1863,#1864,#1865,#1866,#1867,#1868,#1869,#1870,#1871,
#1872,#1873,#1874));
#250=EDGE_LOOP('',(#1875,#1876,#1877,#1878,#1879,#1880,#1881,#1882,#1883,
#1884,#1885,#1886,#1887,#1888,#1889,#1890,#1891,#1892,#1893,#1894,#1895,
#1896,#1897,#1898));
#251=EDGE_LOOP('',(#1899,#1900,#1901,#1902));
#252=EDGE_LOOP('',(#1903,#1904,#1905,#1906));
#253=EDGE_LOOP('',(#1907,#1908,#1909,#1910));
#254=EDGE_LOOP('',(#1911,#1912,#1913,#1914));
#255=EDGE_LOOP('',(#1915,#1916,#1917,#1918));
#256=EDGE_LOOP('',(#1919,#1920,#1921,#1922));
#257=EDGE_LOOP('',(#1923,#1924,#1925,#1926));
#258=EDGE_LOOP('',(#1927,#1928,#1929,#1930));
#259=EDGE_LOOP('',(#1931,#1932,#1933,#1934));
#260=EDGE_LOOP('',(#1935,#1936,#1937,#1938));
#261=EDGE_LOOP('',(#1939,#1940,#1941,#1942));
#262=EDGE_LOOP('',(#1943,#1944,#1945,#1946));
#263=EDGE_LOOP('',(#1947,#1948,#1949,#1950));
#264=EDGE_LOOP('',(#1951,#1952,#1953,#1954));
#265=EDGE_LOOP('',(#1955,#1956,#1957,#1958));
#266=EDGE_LOOP('',(#1959,#1960,#1961,#1962));
#267=EDGE_LOOP('',(#1963,#1964,#1965,#1966));
#268=EDGE_LOOP('',(#1967,#1968,#1969,#1970));
#269=EDGE_LOOP('',(#1971,#1972,#1973,#1974));
#270=EDGE_LOOP('',(#1975,#1976,#1977,#1978));
#271=EDGE_LOOP('',(#1979,#1980,#1981,#1982));
#272=EDGE_LOOP('',(#1983,#1984,#1985,#1986));
#273=EDGE_LOOP('',(#1987,#1988,#1989,#1990));
#274=EDGE_LOOP('',(#1991,#1992,#1993,#1994));
#275=EDGE_LOOP('',(#1995,#1996,#1997,#1998));
#276=EDGE_LOOP('',(#1999,#2000,#2001,#2002));
#277=EDGE_LOOP('',(#2003,#2004,#2005,#2006));
#278=EDGE_LOOP('',(#2007,#2008,#2009,#2010));
#279=EDGE_LOOP('',(#2011,#2012,#2013,#2014));
#280=EDGE_LOOP('',(#2015,#2016,#2017,#2018));
#281=EDGE_LOOP('',(#2019,#2020,#2021,#2022));
#282=EDGE_LOOP('',(#2023,#2024,#2025,#2026));
#283=EDGE_LOOP('',(#2027,#2028,#2029,#2030));
#284=EDGE_LOOP('',(#2031,#2032,#2033,#2034));
#285=EDGE_LOOP('',(#2035,#2036,#2037,#2038));
#286=EDGE_LOOP('',(#2039,#2040,#2041,#2042));
#287=EDGE_LOOP('',(#2043,#2044,#2045,#2046));
#288=EDGE_LOOP('',(#2047,#2048,#2049,#2050));
#289=EDGE_LOOP('',(#2051,#2052,#2053,#2054));
#290=EDGE_LOOP('',(#2055,#2056,#2057,#2058));
#291=EDGE_LOOP('',(#2059,#2060,#2061,#2062));
#292=EDGE_LOOP('',(#2063,#2064,#2065,#2066));
#293=EDGE_LOOP('',(#2067,#2068,#2069,#2070));
#294=EDGE_LOOP('',(#2071,#2072,#2073,#2074));
#295=EDGE_LOOP('',(#2075,#2076,#2077,#2078));
#296=EDGE_LOOP('',(#2079,#2080,#2081,#2082));
#297=EDGE_LOOP('',(#2083,#2084,#2085,#2086));
#298=EDGE_LOOP('',(#2087,#2088,#2089,#2090));
#299=EDGE_LOOP('',(#2091,#2092,#2093,#2094));
#300=EDGE_LOOP('',(#2095,#2096,#2097,#2098));
#301=EDGE_LOOP('',(#2099,#2100,#2101,#2102));
#302=EDGE_LOOP('',(#2103,#2104,#2105,#2106));
#303=EDGE_LOOP('',(#2107,#2108,#2109,#2110));
#304=EDGE_LOOP('',(#2111,#2112,#2113,#2114));
#305=EDGE_LOOP('',(#2115,#2116,#2117,#2118));
#306=EDGE_LOOP('',(#2119,#2120,#2121,#2122));
#307=EDGE_LOOP('',(#2123,#2124,#2125,#2126));
#308=EDGE_LOOP('',(#2127,#2128,#2129,#2130));
#309=EDGE_LOOP('',(#2131,#2132,#2133,#2134));
#310=EDGE_LOOP('',(#2135,#2136,#2137,#2138));
#311=EDGE_LOOP('',(#2139,#2140,#2141,#2142));
#312=EDGE_LOOP('',(#2143,#2144,#2145,#2146));
#313=EDGE_LOOP('',(#2147,#2148,#2149,#2150));
#314=EDGE_LOOP('',(#2151,#2152,#2153,#2154));
#315=EDGE_LOOP('',(#2155,#2156,#2157,#2158));
#316=EDGE_LOOP('',(#2159,#2160,#2161,#2162));
#317=EDGE_LOOP('',(#2163,#2164,#2165,#2166));
#318=EDGE_LOOP('',(#2167,#2168,#2169,#2170));
#319=EDGE_LOOP('',(#2171,#2172,#2173,#2174));
#320=EDGE_LOOP('',(#2175,#2176,#2177,#2178));
#321=EDGE_LOOP('',(#2179,#2180,#2181,#2182));
#322=EDGE_LOOP('',(#2183,#2184,#2185,#2186));
#323=EDGE_LOOP('',(#2187,#2188,#2189,#2190));
#324=EDGE_LOOP('',(#2191,#2192,#2193,#2194));
#325=EDGE_LOOP('',(#2195,#2196,#2197,#2198));
#326=EDGE_LOOP('',(#2199,#2200,#2201,#2202));
#327=EDGE_LOOP('',(#2203,#2204,#2205,#2206));
#328=EDGE_LOOP('',(#2207,#2208,#2209,#2210));
#329=EDGE_LOOP('',(#2211,#2212,#2213,#2214));
#330=EDGE_LOOP('',(#2215,#2216,#2217,#2218));
#331=EDGE_LOOP('',(#2219,#2220,#2221,#2222));
#332=EDGE_LOOP('',(#2223,#2224,#2225,#2226));
#333=EDGE_LOOP('',(#2227,#2228,#2229,#2230));
#334=EDGE_LOOP('',(#2231,#2232,#2233,#2234));
#335=EDGE_LOOP('',(#2235,#2236,#2237,#2238));
#336=EDGE_LOOP('',(#2239,#2240,#2241,#2242));
#337=EDGE_LOOP('',(#2243,#2244,#2245,#2246));
#338=EDGE_LOOP('',(#2247,#2248,#2249,#2250));
#339=EDGE_LOOP('',(#2251,#2252,#2253,#2254));
#340=EDGE_LOOP('',(#2255,#2256,#2257,#2258));
#341=EDGE_LOOP('',(#2259,#2260,#2261,#2262));
#342=EDGE_LOOP('',(#2263,#2264,#2265,#2266));
#343=EDGE_LOOP('',(#2267,#2268,#2269,#2270));
#344=EDGE_LOOP('',(#2271,#2272,#2273,#2274));
#345=EDGE_LOOP('',(#2275,#2276,#2277,#2278));
#346=EDGE_LOOP('',(#2279,#2280,#2281,#2282));
#347=EDGE_LOOP('',(#2283,#2284,#2285,#2286));
#348=EDGE_LOOP('',(#2287,#2288,#2289,#2290));
#349=EDGE_LOOP('',(#2291,#2292,#2293,#2294));
#350=EDGE_LOOP('',(#2295,#2296,#2297,#2298));
#351=EDGE_LOOP('',(#2299,#2300,#2301,#2302));
#352=EDGE_LOOP('',(#2303,#2304,#2305,#2306));
#353=EDGE_LOOP('',(#2307,#2308,#2309,#2310));
#354=EDGE_LOOP('',(#2311,#2312,#2313,#2314));
#355=EDGE_LOOP('',(#2315,#2316,#2317,#2318));
#356=EDGE_LOOP('',(#2319,#2320,#2321,#2322));
#357=EDGE_LOOP('',(#2323,#2324,#2325,#2326));
#358=EDGE_LOOP('',(#2327,#2328,#2329,#2330));
#359=EDGE_LOOP('',(#2331,#2332,#2333,#2334));
#360=EDGE_LOOP('',(#2335,#2336,#2337,#2338));
#361=EDGE_LOOP('',(#2339,#2340,#2341,#2342));
#362=EDGE_LOOP('',(#2343,#2344,#2345,#2346));
#363=EDGE_LOOP('',(#2347,#2348,#2349,#2350));
#364=EDGE_LOOP('',(#2351,#2352,#2353,#2354));
#365=EDGE_LOOP('',(#2355,#2356,#2357,#2358));
#366=EDGE_LOOP('',(#2359,#2360,#2361,#2362));
#367=EDGE_LOOP('',(#2363,#2364,#2365,#2366));
#368=EDGE_LOOP('',(#2367,#2368,#2369,#2370));
#369=EDGE_LOOP('',(#2371,#2372,#2373,#2374));
#370=EDGE_LOOP('',(#2375,#2376,#2377,#2378));
#371=EDGE_LOOP('',(#2379,#2380,#2381,#2382));
#372=EDGE_LOOP('',(#2383,#2384,#2385,#2386));
#373=EDGE_LOOP('',(#2387,#2388,#2389,#2390));
#374=EDGE_LOOP('',(#2391,#2392,#2393,#2394));
#375=EDGE_LOOP('',(#2395,#2396,#2397,#2398));
#376=EDGE_LOOP('',(#2399,#2400,#2401,#2402));
#377=EDGE_LOOP('',(#2403,#2404,#2405,#2406));
#378=EDGE_LOOP('',(#2407,#2408,#2409,#2410));
#379=LINE('',#3034,#619);
#380=LINE('',#3049,#620);
#381=LINE('',#3064,#621);
#382=LINE('',#3078,#622);
#383=LINE('',#3081,#623);
#384=LINE('',#3083,#624);
#385=LINE('',#3085,#625);
#386=LINE('',#3087,#626);
#387=LINE('',#3089,#627);
#388=LINE('',#3091,#628);
#389=LINE('',#3093,#629);
#390=LINE('',#3095,#630);
#391=LINE('',#3097,#631);
#392=LINE('',#3099,#632);
#393=LINE('',#3101,#633);
#394=LINE('',#3102,#634);
#395=LINE('',#3169,#635);
#396=LINE('',#3242,#636);
#397=LINE('',#3245,#637);
#398=LINE('',#3247,#638);
#399=LINE('',#3249,#639);
#400=LINE('',#3251,#640);
#401=LINE('',#3253,#641);
#402=LINE('',#3255,#642);
#403=LINE('',#3304,#643);
#404=LINE('',#3307,#644);
#405=LINE('',#3309,#645);
#406=LINE('',#3311,#646);
#407=LINE('',#3312,#647);
#408=LINE('',#3315,#648);
#409=LINE('',#3317,#649);
#410=LINE('',#3358,#650);
#411=LINE('',#3360,#651);
#412=LINE('',#3362,#652);
#413=LINE('',#3396,#653);
#414=LINE('',#3398,#654);
#415=LINE('',#3400,#655);
#416=LINE('',#3401,#656);
#417=LINE('',#3468,#657);
#418=LINE('',#3533,#658);
#419=LINE('',#3536,#659);
#420=LINE('',#3538,#660);
#421=LINE('',#3540,#661);
#422=LINE('',#3542,#662);
#423=LINE('',#3544,#663);
#424=LINE('',#3546,#664);
#425=LINE('',#3548,#665);
#426=LINE('',#3550,#666);
#427=LINE('',#3552,#667);
#428=LINE('',#3554,#668);
#429=LINE('',#3556,#669);
#430=LINE('',#3557,#670);
#431=LINE('',#3568,#671);
#432=LINE('',#3610,#672);
#433=LINE('',#3668,#673);
#434=LINE('',#3717,#674);
#435=LINE('',#3740,#675);
#436=LINE('',#3755,#676);
#437=LINE('',#3770,#677);
#438=LINE('',#3784,#678);
#439=LINE('',#3787,#679);
#440=LINE('',#3789,#680);
#441=LINE('',#3791,#681);
#442=LINE('',#3793,#682);
#443=LINE('',#3795,#683);
#444=LINE('',#3797,#684);
#445=LINE('',#3799,#685);
#446=LINE('',#3801,#686);
#447=LINE('',#3803,#687);
#448=LINE('',#3805,#688);
#449=LINE('',#3807,#689);
#450=LINE('',#3808,#690);
#451=LINE('',#3817,#691);
#452=LINE('',#3873,#692);
#453=LINE('',#3917,#693);
#454=LINE('',#3919,#694);
#455=LINE('',#3957,#695);
#456=LINE('',#3959,#696);
#457=LINE('',#3961,#697);
#458=LINE('',#3963,#698);
#459=LINE('',#3964,#699);
#460=LINE('',#3967,#700);
#461=LINE('',#3969,#701);
#462=LINE('',#3971,#702);
#463=LINE('',#3972,#703);
#464=LINE('',#3975,#704);
#465=LINE('',#3977,#705);
#466=LINE('',#3979,#706);
#467=LINE('',#3981,#707);
#468=LINE('',#3983,#708);
#469=LINE('',#4009,#709);
#470=LINE('',#4011,#710);
#471=LINE('',#4013,#711);
#472=LINE('',#4044,#712);
#473=LINE('',#4053,#713);
#474=LINE('',#4103,#714);
#475=LINE('',#4147,#715);
#476=LINE('',#4149,#716);
#477=LINE('',#4151,#717);
#478=LINE('',#4153,#718);
#479=LINE('',#4155,#719);
#480=LINE('',#4157,#720);
#481=LINE('',#4159,#721);
#482=LINE('',#4161,#722);
#483=LINE('',#4163,#723);
#484=LINE('',#4165,#724);
#485=LINE('',#4167,#725);
#486=LINE('',#4168,#726);
#487=LINE('',#4183,#727);
#488=LINE('',#4221,#728);
#489=LINE('',#4265,#729);
#490=LINE('',#4296,#730);
#491=LINE('',#4321,#731);
#492=LINE('',#4322,#732);
#493=LINE('',#4324,#733);
#494=LINE('',#4349,#734);
#495=LINE('',#4351,#735);
#496=LINE('',#4376,#736);
#497=LINE('',#4378,#737);
#498=LINE('',#4403,#738);
#499=LINE('',#4406,#739);
#500=LINE('',#4407,#740);
#501=LINE('',#4409,#741);
#502=LINE('',#4411,#742);
#503=LINE('',#4413,#743);
#504=LINE('',#4415,#744);
#505=LINE('',#4417,#745);
#506=LINE('',#4419,#746);
#507=LINE('',#4421,#747);
#508=LINE('',#4423,#748);
#509=LINE('',#4425,#749);
#510=LINE('',#4427,#750);
#511=LINE('',#4439,#751);
#512=LINE('',#4440,#752);
#513=LINE('',#4442,#753);
#514=LINE('',#4453,#754);
#515=LINE('',#4464,#755);
#516=LINE('',#4475,#756);
#517=LINE('',#4486,#757);
#518=LINE('',#4497,#758);
#519=LINE('',#4508,#759);
#520=LINE('',#4519,#760);
#521=LINE('',#4530,#761);
#522=LINE('',#4532,#762);
#523=LINE('',#4543,#763);
#524=LINE('',#4554,#764);
#525=LINE('',#4565,#765);
#526=LINE('',#4576,#766);
#527=LINE('',#4587,#767);
#528=LINE('',#4598,#768);
#529=LINE('',#4609,#769);
#530=LINE('',#4630,#770);
#531=LINE('',#4631,#771);
#532=LINE('',#4633,#772);
#533=LINE('',#4635,#773);
#534=LINE('',#4637,#774);
#535=LINE('',#4639,#775);
#536=LINE('',#4641,#776);
#537=LINE('',#4643,#777);
#538=LINE('',#4645,#778);
#539=LINE('',#4656,#779);
#540=LINE('',#4667,#780);
#541=LINE('',#4678,#781);
#542=LINE('',#4689,#782);
#543=LINE('',#4701,#783);
#544=LINE('',#4702,#784);
#545=LINE('',#4704,#785);
#546=LINE('',#4706,#786);
#547=LINE('',#4709,#787);
#548=LINE('',#4710,#788);
#549=LINE('',#4712,#789);
#550=LINE('',#4723,#790);
#551=LINE('',#4734,#791);
#552=LINE('',#4745,#792);
#553=LINE('',#4756,#793);
#554=LINE('',#4767,#794);
#555=LINE('',#4769,#795);
#556=LINE('',#4771,#796);
#557=LINE('',#4773,#797);
#558=LINE('',#4775,#798);
#559=LINE('',#4777,#799);
#560=LINE('',#4779,#800);
#561=LINE('',#4790,#801);
#562=LINE('',#4801,#802);
#563=LINE('',#4812,#803);
#564=LINE('',#4823,#804);
#565=LINE('',#4826,#805);
#566=LINE('',#4827,#806);
#567=LINE('',#4838,#807);
#568=LINE('',#4849,#808);
#569=LINE('',#4860,#809);
#570=LINE('',#4871,#810);
#571=LINE('',#4882,#811);
#572=LINE('',#4893,#812);
#573=LINE('',#4904,#813);
#574=LINE('',#4915,#814);
#575=LINE('',#4917,#815);
#576=LINE('',#4928,#816);
#577=LINE('',#4939,#817);
#578=LINE('',#4950,#818);
#579=LINE('',#4961,#819);
#580=LINE('',#4972,#820);
#581=LINE('',#4983,#821);
#582=LINE('',#4994,#822);
#583=LINE('',#5006,#823);
#584=LINE('',#5007,#824);
#585=LINE('',#5009,#825);
#586=LINE('',#5011,#826);
#587=LINE('',#5013,#827);
#588=LINE('',#5015,#828);
#589=LINE('',#5017,#829);
#590=LINE('',#5019,#830);
#591=LINE('',#5021,#831);
#592=LINE('',#5023,#832);
#593=LINE('',#5025,#833);
#594=LINE('',#5027,#834);
#595=LINE('',#5039,#835);
#596=LINE('',#5040,#836);
#597=LINE('',#5051,#837);
#598=LINE('',#5062,#838);
#599=LINE('',#5073,#839);
#600=LINE('',#5075,#840);
#601=LINE('',#5086,#841);
#602=LINE('',#5097,#842);
#603=LINE('',#5108,#843);
#604=LINE('',#5119,#844);
#605=LINE('',#5130,#845);
#606=LINE('',#5132,#846);
#607=LINE('',#5143,#847);
#608=LINE('',#5154,#848);
#609=LINE('',#5156,#849);
#610=LINE('',#5167,#850);
#611=LINE('',#5178,#851);
#612=LINE('',#5189,#852);
#613=LINE('',#5200,#853);
#614=LINE('',#5211,#854);
#615=LINE('',#5222,#855);
#616=LINE('',#5224,#856);
#617=LINE('',#5235,#857);
#618=LINE('',#5246,#858);
#619=VECTOR('',#2663,9.59983);
#620=VECTOR('',#2664,9.59983);
#621=VECTOR('',#2665,9.59983);
#622=VECTOR('',#2666,9.59983);
#623=VECTOR('',#2667,10.);
#624=VECTOR('',#2668,10.);
#625=VECTOR('',#2669,10.);
#626=VECTOR('',#2670,10.);
#627=VECTOR('',#2671,10.);
#628=VECTOR('',#2672,10.);
#629=VECTOR('',#2673,10.);
#630=VECTOR('',#2674,10.);
#631=VECTOR('',#2675,10.);
#632=VECTOR('',#2676,10.);
#633=VECTOR('',#2677,10.);
#634=VECTOR('',#2678,10.);
#635=VECTOR('',#2679,10.);
#636=VECTOR('',#2680,10.);
#637=VECTOR('',#2681,10.);
#638=VECTOR('',#2682,10.);
#639=VECTOR('',#2683,10.);
#640=VECTOR('',#2684,10.);
#641=VECTOR('',#2685,10.);
#642=VECTOR('',#2686,10.);
#643=VECTOR('',#2687,10.);
#644=VECTOR('',#2688,10.);
#645=VECTOR('',#2689,10.);
#646=VECTOR('',#2690,10.);
#647=VECTOR('',#2691,10.);
#648=VECTOR('',#2692,10.);
#649=VECTOR('',#2693,10.);
#650=VECTOR('',#2694,10.);
#651=VECTOR('',#2695,10.);
#652=VECTOR('',#2696,10.);
#653=VECTOR('',#2697,10.);
#654=VECTOR('',#2698,10.);
#655=VECTOR('',#2699,10.);
#656=VECTOR('',#2700,10.);
#657=VECTOR('',#2701,10.);
#658=VECTOR('',#2702,10.);
#659=VECTOR('',#2703,10.);
#660=VECTOR('',#2704,10.);
#661=VECTOR('',#2705,10.);
#662=VECTOR('',#2706,10.);
#663=VECTOR('',#2707,10.);
#664=VECTOR('',#2708,10.);
#665=VECTOR('',#2709,10.);
#666=VECTOR('',#2710,10.);
#667=VECTOR('',#2711,10.);
#668=VECTOR('',#2712,10.);
#669=VECTOR('',#2713,10.);
#670=VECTOR('',#2714,10.);
#671=VECTOR('',#2715,10.);
#672=VECTOR('',#2716,10.);
#673=VECTOR('',#2717,10.);
#674=VECTOR('',#2718,10.);
#675=VECTOR('',#2721,9.59983);
#676=VECTOR('',#2722,9.59983);
#677=VECTOR('',#2723,9.59983);
#678=VECTOR('',#2724,9.59983);
#679=VECTOR('',#2725,10.);
#680=VECTOR('',#2726,10.);
#681=VECTOR('',#2727,10.);
#682=VECTOR('',#2728,10.);
#683=VECTOR('',#2729,10.);
#684=VECTOR('',#2730,10.);
#685=VECTOR('',#2731,10.);
#686=VECTOR('',#2732,10.);
#687=VECTOR('',#2733,10.);
#688=VECTOR('',#2734,10.);
#689=VECTOR('',#2735,10.);
#690=VECTOR('',#2736,10.);
#691=VECTOR('',#2737,10.);
#692=VECTOR('',#2738,10.);
#693=VECTOR('',#2739,10.);
#694=VECTOR('',#2740,10.);
#695=VECTOR('',#2741,10.);
#696=VECTOR('',#2742,10.);
#697=VECTOR('',#2743,10.);
#698=VECTOR('',#2744,10.);
#699=VECTOR('',#2745,10.);
#700=VECTOR('',#2746,10.);
#701=VECTOR('',#2747,10.);
#702=VECTOR('',#2748,10.);
#703=VECTOR('',#2749,10.);
#704=VECTOR('',#2750,10.);
#705=VECTOR('',#2751,10.);
#706=VECTOR('',#2752,10.);
#707=VECTOR('',#2753,10.);
#708=VECTOR('',#2754,10.);
#709=VECTOR('',#2755,10.);
#710=VECTOR('',#2756,10.);
#711=VECTOR('',#2757,10.);
#712=VECTOR('',#2758,10.);
#713=VECTOR('',#2759,10.);
#714=VECTOR('',#2760,10.);
#715=VECTOR('',#2761,10.);
#716=VECTOR('',#2762,10.);
#717=VECTOR('',#2763,10.);
#718=VECTOR('',#2764,10.);
#719=VECTOR('',#2765,10.);
#720=VECTOR('',#2766,10.);
#721=VECTOR('',#2767,10.);
#722=VECTOR('',#2768,10.);
#723=VECTOR('',#2769,10.);
#724=VECTOR('',#2770,10.);
#725=VECTOR('',#2771,10.);
#726=VECTOR('',#2772,10.);
#727=VECTOR('',#2773,10.);
#728=VECTOR('',#2774,10.);
#729=VECTOR('',#2775,10.);
#730=VECTOR('',#2776,10.);
#731=VECTOR('',#2777,9.59983);
#732=VECTOR('',#2778,9.59983);
#733=VECTOR('',#2781,9.59983);
#734=VECTOR('',#2782,9.59983);
#735=VECTOR('',#2785,9.59983);
#736=VECTOR('',#2786,9.59983);
#737=VECTOR('',#2789,9.59983);
#738=VECTOR('',#2790,9.59983);
#739=VECTOR('',#2795,10.);
#740=VECTOR('',#2796,10.);
#741=VECTOR('',#2799,10.);
#742=VECTOR('',#2802,10.);
#743=VECTOR('',#2805,10.);
#744=VECTOR('',#2808,10.);
#745=VECTOR('',#2811,10.);
#746=VECTOR('',#2814,10.);
#747=VECTOR('',#2817,10.);
#748=VECTOR('',#2820,10.);
#749=VECTOR('',#2823,10.);
#750=VECTOR('',#2826,10.);
#751=VECTOR('',#2829,10.);
#752=VECTOR('',#2830,10.);
#753=VECTOR('',#2833,10.);
#754=VECTOR('',#2834,10.);
#755=VECTOR('',#2835,10.);
#756=VECTOR('',#2836,10.);
#757=VECTOR('',#2837,10.);
#758=VECTOR('',#2838,10.);
#759=VECTOR('',#2839,10.);
#760=VECTOR('',#2840,10.);
#761=VECTOR('',#2841,10.);
#762=VECTOR('',#2844,10.);
#763=VECTOR('',#2845,10.);
#764=VECTOR('',#2846,10.);
#765=VECTOR('',#2847,10.);
#766=VECTOR('',#2848,10.);
#767=VECTOR('',#2849,10.);
#768=VECTOR('',#2850,10.);
#769=VECTOR('',#2851,10.);
#770=VECTOR('',#2852,10.);
#771=VECTOR('',#2853,10.);
#772=VECTOR('',#2856,10.);
#773=VECTOR('',#2859,10.);
#774=VECTOR('',#2862,10.);
#775=VECTOR('',#2865,10.);
#776=VECTOR('',#2868,10.);
#777=VECTOR('',#2871,10.);
#778=VECTOR('',#2874,10.);
#779=VECTOR('',#2875,10.);
#780=VECTOR('',#2876,10.);
#781=VECTOR('',#2877,10.);
#782=VECTOR('',#2878,10.);
#783=VECTOR('',#2881,10.);
#784=VECTOR('',#2882,10.);
#785=VECTOR('',#2885,10.);
#786=VECTOR('',#2888,10.);
#787=VECTOR('',#2893,10.);
#788=VECTOR('',#2894,10.);
#789=VECTOR('',#2897,10.);
#790=VECTOR('',#2898,10.);
#791=VECTOR('',#2899,10.);
#792=VECTOR('',#2900,10.);
#793=VECTOR('',#2901,10.);
#794=VECTOR('',#2902,10.);
#795=VECTOR('',#2905,10.);
#796=VECTOR('',#2908,10.);
#797=VECTOR('',#2911,10.);
#798=VECTOR('',#2914,10.);
#799=VECTOR('',#2917,10.);
#800=VECTOR('',#2920,10.);
#801=VECTOR('',#2921,10.);
#802=VECTOR('',#2922,10.);
#803=VECTOR('',#2923,10.);
#804=VECTOR('',#2924,10.);
#805=VECTOR('',#2929,10.);
#806=VECTOR('',#2930,10.);
#807=VECTOR('',#2931,10.);
#808=VECTOR('',#2932,10.);
#809=VECTOR('',#2933,10.);
#810=VECTOR('',#2934,10.);
#811=VECTOR('',#2935,10.);
#812=VECTOR('',#2936,10.);
#813=VECTOR('',#2937,10.);
#814=VECTOR('',#2938,10.);
#815=VECTOR('',#2941,10.);
#816=VECTOR('',#2942,10.);
#817=VECTOR('',#2943,10.);
#818=VECTOR('',#2944,10.);
#819=VECTOR('',#2945,10.);
#820=VECTOR('',#2946,10.);
#821=VECTOR('',#2947,10.);
#822=VECTOR('',#2948,10.);
#823=VECTOR('',#2951,10.);
#824=VECTOR('',#2952,10.);
#825=VECTOR('',#2955,10.);
#826=VECTOR('',#2958,10.);
#827=VECTOR('',#2961,10.);
#828=VECTOR('',#2964,10.);
#829=VECTOR('',#2967,10.);
#830=VECTOR('',#2970,10.);
#831=VECTOR('',#2973,10.);
#832=VECTOR('',#2976,10.);
#833=VECTOR('',#2979,10.);
#834=VECTOR('',#2982,10.);
#835=VECTOR('',#2985,10.);
#836=VECTOR('',#2986,10.);
#837=VECTOR('',#2987,10.);
#838=VECTOR('',#2988,10.);
#839=VECTOR('',#2989,10.);
#840=VECTOR('',#2992,10.);
#841=VECTOR('',#2993,10.);
#842=VECTOR('',#2994,10.);
#843=VECTOR('',#2995,10.);
#844=VECTOR('',#2996,10.);
#845=VECTOR('',#2997,10.);
#846=VECTOR('',#3000,10.);
#847=VECTOR('',#3001,10.);
#848=VECTOR('',#3002,10.);
#849=VECTOR('',#3005,10.);
#850=VECTOR('',#3006,10.);
#851=VECTOR('',#3007,10.);
#852=VECTOR('',#3008,10.);
#853=VECTOR('',#3009,10.);
#854=VECTOR('',#3010,10.);
#855=VECTOR('',#3011,10.);
#856=VECTOR('',#3014,10.);
#857=VECTOR('',#3015,10.);
#858=VECTOR('',#3016,10.);
#859=B_SPLINE_CURVE_WITH_KNOTS('',3,(#3021,#3022,#3023,#3024,#3025,#3026,
#3027,#3028,#3029,#3030,#3031,#3032),.UNSPECIFIED.,.F.,.F.,(4,2,2,2,2,4),
(0.,0.164028534764017,0.289026195262356,0.40402970795501,0.498573317970395,
0.611971363874065),.UNSPECIFIED.);
#860=B_SPLINE_CURVE_WITH_KNOTS('',3,(#3036,#3037,#3038,#3039,#3040,#3041,
#3042,#3043,#3044,#3045,#3046,#3047),.UNSPECIFIED.,.F.,.F.,(4,2,2,2,2,4),
(0.,0.16402853476398,0.289026195262269,0.404029707954997,0.498573317970307,
0.611971363873433),.UNSPECIFIED.);
#861=B_SPLINE_CURVE_WITH_KNOTS('',3,(#3051,#3052,#3053,#3054,#3055,#3056,
#3057,#3058,#3059,#3060,#3061,#3062),.UNSPECIFIED.,.F.,.F.,(4,2,2,2,2,4),
(0.,0.164028534763992,0.289026195262302,0.404029707955008,0.498573317970488,
0.611971363874273),.UNSPECIFIED.);
#862=B_SPLINE_CURVE_WITH_KNOTS('',3,(#3066,#3067,#3068,#3069,#3070,#3071,
#3072,#3073,#3074,#3075,#3076,#3077),.UNSPECIFIED.,.F.,.F.,(4,2,2,2,2,4),
(0.,0.164028534763977,0.289026195262263,0.404029707955089,0.498573317970652,
0.611971363874292),.UNSPECIFIED.);
#863=B_SPLINE_CURVE_WITH_KNOTS('',3,(#3105,#3106,#3107,#3108,#3109,#3110,
#3111),.UNSPECIFIED.,.F.,.F.,(4,3,4),(0.,0.0412843289010466,0.0755383489862759),
 .UNSPECIFIED.);
#864=B_SPLINE_CURVE_WITH_KNOTS('',3,(#3113,#3114,#3115,#3116,#3117,#3118,
#3119),.UNSPECIFIED.,.F.,.F.,(4,3,4),(0.,0.0345364905365425,0.0735402400484871),
 .UNSPECIFIED.);
#865=B_SPLINE_CURVE_WITH_KNOTS('',3,(#3121,#3122,#3123,#3124,#3125,#3126,
#3127),.UNSPECIFIED.,.F.,.F.,(4,3,4),(0.,0.0403661706453597,0.078539746487776),
 .UNSPECIFIED.);
#866=B_SPLINE_CURVE_WITH_KNOTS('',3,(#3129,#3130,#3131,#3132,#3133,#3134,
#3135),.UNSPECIFIED.,.F.,.F.,(4,3,4),(0.,0.0534140702911989,0.119504798146616),
 .UNSPECIFIED.);
#867=B_SPLINE_CURVE_WITH_KNOTS('',3,(#3137,#3138,#3139,#3140,#3141,#3142,
#3143),.UNSPECIFIED.,.F.,.F.,(4,3,4),(0.,0.0589939607297399,0.107381703704199),
 .UNSPECIFIED.);
#868=B_SPLINE_CURVE_WITH_KNOTS('',3,(#3145,#3146,#3147,#3148,#3149,#3150,
#3151),.UNSPECIFIED.,.F.,.F.,(4,3,4),(0.,0.0461515567740027,0.0960237313771504),
 .UNSPECIFIED.);
#869=B_SPLINE_CURVE_WITH_KNOTS('',3,(#3153,#3154,#3155,#3156,#3157,#3158,
#3159),.UNSPECIFIED.,.F.,.F.,(4,3,4),(0.,0.0296903771443594,0.0569859101031498),
 .UNSPECIFIED.);
#870=B_SPLINE_CURVE_WITH_KNOTS('',3,(#3161,#3162,#3163,#3164,#3165,#3166,
#3167),.UNSPECIFIED.,.F.,.F.,(4,3,4),(0.,0.0318755142554931,0.0693292978171708),
 .UNSPECIFIED.);
#871=B_SPLINE_CURVE_WITH_KNOTS('',3,(#3171,#3172,#3173,#3174,#3175,#3176,
#3177),.UNSPECIFIED.,.F.,.F.,(4,3,4),(0.,0.0527126742861148,0.101312908554119),
 .UNSPECIFIED.);
#872=B_SPLINE_CURVE_WITH_KNOTS('',3,(#3179,#3180,#3181,#3182,#3183,#3184,
#3185),.UNSPECIFIED.,.F.,.F.,(4,3,4),(0.,0.0514362474309967,0.106642768673429),
 .UNSPECIFIED.);
#873=B_SPLINE_CURVE_WITH_KNOTS('',3,(#3187,#3188,#3189,#3190,#3191,#3192,
#3193),.UNSPECIFIED.,.F.,.F.,(4,3,4),(0.,0.0398452299880626,0.0797491723193061),
 .UNSPECIFIED.);
#874=B_SPLINE_CURVE_WITH_KNOTS('',3,(#3195,#3196,#3197,#3198,#3199,#3200,
#3201),.UNSPECIFIED.,.F.,.F.,(4,3,4),(0.,0.0443291467965356,0.0933558320304526),
 .UNSPECIFIED.);
#875=B_SPLINE_CURVE_WITH_KNOTS('',3,(#3203,#3204,#3205,#3206,#3207,#3208,
#3209),.UNSPECIFIED.,.F.,.F.,(4,3,4),(0.,0.0579866791399363,0.128217847976674),
 .UNSPECIFIED.);
#876=B_SPLINE_CURVE_WITH_KNOTS('',3,(#3211,#3212,#3213,#3214,#3215,#3216,
#3217),.UNSPECIFIED.,.F.,.F.,(4,3,4),(0.,0.078080476600124,0.146736353757107),
 .UNSPECIFIED.);
#877=B_SPLINE_CURVE_WITH_KNOTS('',3,(#3219,#3220,#3221,#3222,#3223,#3224,
#3225),.UNSPECIFIED.,.F.,.F.,(4,3,4),(0.,0.0701122469492539,0.147041613225849),
 .UNSPECIFIED.);
#878=B_SPLINE_CURVE_WITH_KNOTS('',3,(#3227,#3228,#3229,#3230,#3231,#3232,
#3233),.UNSPECIFIED.,.F.,.F.,(4,3,4),(0.,0.0516069550761048,0.102930675858872),
 .UNSPECIFIED.);
#879=B_SPLINE_CURVE_WITH_KNOTS('',3,(#3235,#3236,#3237,#3238,#3239,#3240,
#3241),.UNSPECIFIED.,.F.,.F.,(4,3,4),(0.,0.0597811067367837,0.129245984203107),
 .UNSPECIFIED.);
#880=B_SPLINE_CURVE_WITH_KNOTS('',3,(#3257,#3258,#3259,#3260,#3261,#3262,
#3263),.UNSPECIFIED.,.F.,.F.,(4,3,4),(0.,0.0587576288292849,0.117111266764667),
 .UNSPECIFIED.);
#881=B_SPLINE_CURVE_WITH_KNOTS('',3,(#3265,#3266,#3267,#3268,#3269,#3270,
#3271),.UNSPECIFIED.,.F.,.F.,(4,3,4),(0.,0.0631911031651286,0.129620687796079),
 .UNSPECIFIED.);
#882=B_SPLINE_CURVE_WITH_KNOTS('',3,(#3273,#3274,#3275,#3276,#3277,#3278,
#3279),.UNSPECIFIED.,.F.,.F.,(4,3,4),(0.,0.0784843567919743,0.171814870697566),
 .UNSPECIFIED.);
#883=B_SPLINE_CURVE_WITH_KNOTS('',3,(#3281,#3282,#3283,#3284,#3285,#3286,
#3287),.UNSPECIFIED.,.F.,.F.,(4,3,4),(0.,0.0751897206793885,0.141997760521721),
 .UNSPECIFIED.);
#884=B_SPLINE_CURVE_WITH_KNOTS('',3,(#3289,#3290,#3291,#3292,#3293,#3294,
#3295),.UNSPECIFIED.,.F.,.F.,(4,3,4),(0.,0.0647796567440911,0.131818299117721),
 .UNSPECIFIED.);
#885=B_SPLINE_CURVE_WITH_KNOTS('',3,(#3297,#3298,#3299,#3300,#3301,#3302,
#3303),.UNSPECIFIED.,.F.,.F.,(4,3,4),(0.,0.0531656600120009,0.104349550625284),
 .UNSPECIFIED.);
#886=B_SPLINE_CURVE_WITH_KNOTS('',3,(#3319,#3320,#3321,#3322,#3323,#3324),
 .UNSPECIFIED.,.F.,.F.,(4,2,4),(0.,0.0543335994272243,0.1113499974912),
 .UNSPECIFIED.);
#887=B_SPLINE_CURVE_WITH_KNOTS('',3,(#3326,#3327,#3328,#3329,#3330,#3331,
#3332),.UNSPECIFIED.,.F.,.F.,(4,3,4),(0.,0.0364395016440362,0.0707429358484668),
 .UNSPECIFIED.);
#888=B_SPLINE_CURVE_WITH_KNOTS('',3,(#3334,#3335,#3336,#3337,#3338,#3339,
#3340),.UNSPECIFIED.,.F.,.F.,(4,3,4),(0.,0.0252267862832291,0.0487051842761275),
 .UNSPECIFIED.);
#889=B_SPLINE_CURVE_WITH_KNOTS('',3,(#3342,#3343,#3344,#3345,#3346,#3347,
#3348),.UNSPECIFIED.,.F.,.F.,(4,3,4),(0.,0.0221719461949691,0.0430735205078341),
 .UNSPECIFIED.);
#890=B_SPLINE_CURVE_WITH_KNOTS('',3,(#3350,#3351,#3352,#3353,#3354,#3355,
#3356),.UNSPECIFIED.,.F.,.F.,(4,3,4),(0.,0.0304977576589235,0.0757460719097357),
 .UNSPECIFIED.);
#891=B_SPLINE_CURVE_WITH_KNOTS('',3,(#3364,#3365,#3366,#3367,#3368,#3369,
#3370),.UNSPECIFIED.,.F.,.F.,(4,3,4),(0.,0.0444271760990072,0.080656738763597),
 .UNSPECIFIED.);
#892=B_SPLINE_CURVE_WITH_KNOTS('',3,(#3372,#3373,#3374,#3375,#3376,#3377,
#3378),.UNSPECIFIED.,.F.,.F.,(4,3,4),(0.,0.0336615943536816,0.0695752212172789),
 .UNSPECIFIED.);
#893=B_SPLINE_CURVE_WITH_KNOTS('',3,(#3380,#3381,#3382,#3383,#3384,#3385,
#3386),.UNSPECIFIED.,.F.,.F.,(4,3,4),(0.,0.0363964336921243,0.0733497580594475),
 .UNSPECIFIED.);
#894=B_SPLINE_CURVE_WITH_KNOTS('',3,(#3388,#3389,#3390,#3391,#3392,#3393,
#3394),.UNSPECIFIED.,.F.,.F.,(4,3,4),(0.,0.070020992533024,0.141478852563892),
 .UNSPECIFIED.);
#895=B_SPLINE_CURVE_WITH_KNOTS('',3,(#3404,#3405,#3406,#3407,#3408,#3409,
#3410),.UNSPECIFIED.,.F.,.F.,(4,3,4),(0.,0.0595472791870873,0.110324265160443),
 .UNSPECIFIED.);
#896=B_SPLINE_CURVE_WITH_KNOTS('',3,(#3412,#3413,#3414,#3415,#3416,#3417,
#3418),.UNSPECIFIED.,.F.,.F.,(4,3,4),(0.,0.052138849974977,0.110116162172028),
 .UNSPECIFIED.);
#897=B_SPLINE_CURVE_WITH_KNOTS('',3,(#3420,#3421,#3422,#3423,#3424,#3425,
#3426),.UNSPECIFIED.,.F.,.F.,(4,3,4),(0.,0.0669024974514757,0.131662136204358),
 .UNSPECIFIED.);
#898=B_SPLINE_CURVE_WITH_KNOTS('',3,(#3428,#3429,#3430,#3431,#3432,#3433,
#3434),.UNSPECIFIED.,.F.,.F.,(4,3,4),(0.,0.0807635944301672,0.18313595733455),
 .UNSPECIFIED.);
#899=B_SPLINE_CURVE_WITH_KNOTS('',3,(#3436,#3437,#3438,#3439,#3440,#3441,
#3442),.UNSPECIFIED.,.F.,.F.,(4,3,4),(0.,0.0823062262062014,0.153006710866486),
 .UNSPECIFIED.);
#900=B_SPLINE_CURVE_WITH_KNOTS('',3,(#3444,#3445,#3446,#3447,#3448,#3449,
#3450),.UNSPECIFIED.,.F.,.F.,(4,3,4),(0.,0.0720384980359482,0.151947088054932),
 .UNSPECIFIED.);
#901=B_SPLINE_CURVE_WITH_KNOTS('',3,(#3452,#3453,#3454,#3455,#3456,#3457,
#3458),.UNSPECIFIED.,.F.,.F.,(4,3,4),(0.,0.0465122839468291,0.089040688518613),
 .UNSPECIFIED.);
#902=B_SPLINE_CURVE_WITH_KNOTS('',3,(#3460,#3461,#3462,#3463,#3464,#3465,
#3466),.UNSPECIFIED.,.F.,.F.,(4,3,4),(0.,0.0476114516674845,0.102063602437248),
 .UNSPECIFIED.);
#903=B_SPLINE_CURVE_WITH_KNOTS('',3,(#3470,#3471,#3472,#3473,#3474,#3475,
#3476),.UNSPECIFIED.,.F.,.F.,(4,3,4),(0.,0.0692991620099389,0.132964734210851),
 .UNSPECIFIED.);
#904=B_SPLINE_CURVE_WITH_KNOTS('',3,(#3478,#3479,#3480,#3481,#3482,#3483,
#3484),.UNSPECIFIED.,.F.,.F.,(4,3,4),(0.,0.0670732750567333,0.139176559548498),
 .UNSPECIFIED.);
#905=B_SPLINE_CURVE_WITH_KNOTS('',3,(#3486,#3487,#3488,#3489,#3490,#3491,
#3492),.UNSPECIFIED.,.F.,.F.,(4,3,4),(0.,0.0966536997899687,0.188542915845158),
 .UNSPECIFIED.);
#906=B_SPLINE_CURVE_WITH_KNOTS('',3,(#3494,#3495,#3496,#3497,#3498,#3499,
#3500),.UNSPECIFIED.,.F.,.F.,(4,3,4),(0.,0.103477447045567,0.221663101260155),
 .UNSPECIFIED.);
#907=B_SPLINE_CURVE_WITH_KNOTS('',3,(#3502,#3503,#3504,#3505,#3506,#3507,
#3508),.UNSPECIFIED.,.F.,.F.,(4,3,4),(0.,0.101214435133476,0.195753616865889),
 .UNSPECIFIED.);
#908=B_SPLINE_CURVE_WITH_KNOTS('',3,(#3510,#3511,#3512,#3513,#3514,#3515,
#3516),.UNSPECIFIED.,.F.,.F.,(4,3,4),(0.,0.10340530223419,0.223501623728443),
 .UNSPECIFIED.);
#909=B_SPLINE_CURVE_WITH_KNOTS('',3,(#3518,#3519,#3520,#3521,#3522,#3523,
#3524),.UNSPECIFIED.,.F.,.F.,(4,3,4),(0.,0.0713359388315558,0.138556970699192),
 .UNSPECIFIED.);
#910=B_SPLINE_CURVE_WITH_KNOTS('',3,(#3526,#3527,#3528,#3529,#3530,#3531,
#3532),.UNSPECIFIED.,.F.,.F.,(4,3,4),(0.,0.0759549262712384,0.16233099688381),
 .UNSPECIFIED.);
#911=B_SPLINE_CURVE_WITH_KNOTS('',3,(#3560,#3561,#3562,#3563,#3564,#3565,
#3566),.UNSPECIFIED.,.F.,.F.,(4,3,4),(0.,0.0411918409412239,0.108895943864559),
 .UNSPECIFIED.);
#912=B_SPLINE_CURVE_WITH_KNOTS('',3,(#3570,#3571,#3572,#3573,#3574,#3575,
#3576),.UNSPECIFIED.,.F.,.F.,(4,3,4),(0.,0.0388302421503043,0.0702838160991438),
 .UNSPECIFIED.);
#913=B_SPLINE_CURVE_WITH_KNOTS('',3,(#3578,#3579,#3580,#3581,#3582,#3583,
#3584),.UNSPECIFIED.,.F.,.F.,(4,3,4),(0.,0.0310514041764984,0.0667575039768093),
 .UNSPECIFIED.);
#914=B_SPLINE_CURVE_WITH_KNOTS('',3,(#3586,#3587,#3588,#3589,#3590,#3591,
#3592),.UNSPECIFIED.,.F.,.F.,(4,3,4),(0.,0.0463757697339551,0.109406007623514),
 .UNSPECIFIED.);
#915=B_SPLINE_CURVE_WITH_KNOTS('',3,(#3594,#3595,#3596,#3597,#3598,#3599,
#3600),.UNSPECIFIED.,.F.,.F.,(4,3,4),(0.,0.0646253037404119,0.117802491559799),
 .UNSPECIFIED.);
#916=B_SPLINE_CURVE_WITH_KNOTS('',3,(#3602,#3603,#3604,#3605,#3606,#3607,
#3608),.UNSPECIFIED.,.F.,.F.,(4,3,4),(0.,0.0513079803922897,0.106516887759159),
 .UNSPECIFIED.);
#917=B_SPLINE_CURVE_WITH_KNOTS('',3,(#3612,#3613,#3614,#3615,#3616,#3617,
#3618),.UNSPECIFIED.,.F.,.F.,(4,3,4),(0.,0.0363837641635265,0.0654045415689639),
 .UNSPECIFIED.);
#918=B_SPLINE_CURVE_WITH_KNOTS('',3,(#3620,#3621,#3622,#3623,#3624,#3625,
#3626),.UNSPECIFIED.,.F.,.F.,(4,3,4),(0.,0.0324258691939439,0.0717306222365818),
 .UNSPECIFIED.);
#919=B_SPLINE_CURVE_WITH_KNOTS('',3,(#3628,#3629,#3630,#3631,#3632,#3633,
#3634),.UNSPECIFIED.,.F.,.F.,(4,3,4),(0.,0.0278882790706133,0.0501372744911208),
 .UNSPECIFIED.);
#920=B_SPLINE_CURVE_WITH_KNOTS('',3,(#3636,#3637,#3638,#3639,#3640,#3641,
#3642),.UNSPECIFIED.,.F.,.F.,(4,3,4),(0.,0.0181214003114214,0.0335869185590809),
 .UNSPECIFIED.);
#921=B_SPLINE_CURVE_WITH_KNOTS('',3,(#3644,#3645,#3646,#3647,#3648,#3649,
#3650),.UNSPECIFIED.,.F.,.F.,(4,3,4),(0.,0.013811603869668,0.0259873221910782),
 .UNSPECIFIED.);
#922=B_SPLINE_CURVE_WITH_KNOTS('',3,(#3652,#3653,#3654,#3655,#3656,#3657,
#3658),.UNSPECIFIED.,.F.,.F.,(4,3,4),(0.,0.0167962569921793,0.0424658123847439),
 .UNSPECIFIED.);
#923=B_SPLINE_CURVE_WITH_KNOTS('',3,(#3660,#3661,#3662,#3663,#3664,#3665,
#3666),.UNSPECIFIED.,.F.,.F.,(4,3,4),(0.,0.0268601180263463,0.0593866355178518),
 .UNSPECIFIED.);
#924=B_SPLINE_CURVE_WITH_KNOTS('',3,(#3670,#3671,#3672,#3673,#3674,#3675,
#3676),.UNSPECIFIED.,.F.,.F.,(4,3,4),(0.,0.0697501478498272,0.120631059633544),
 .UNSPECIFIED.);
#925=B_SPLINE_CURVE_WITH_KNOTS('',3,(#3678,#3679,#3680,#3681,#3682,#3683,
#3684),.UNSPECIFIED.,.F.,.F.,(4,3,4),(0.,0.0420651702410001,0.0852609399354057),
 .UNSPECIFIED.);
#926=B_SPLINE_CURVE_WITH_KNOTS('',3,(#3686,#3687,#3688,#3689,#3690,#3691,
#3692),.UNSPECIFIED.,.F.,.F.,(4,3,4),(0.,0.0438102801618464,0.0858281344203234),
 .UNSPECIFIED.);
#927=B_SPLINE_CURVE_WITH_KNOTS('',3,(#3694,#3695,#3696,#3697,#3698,#3699),
 .UNSPECIFIED.,.F.,.F.,(4,2,4),(0.,0.0531135805364243,0.10573013050573),
 .UNSPECIFIED.);
#928=B_SPLINE_CURVE_WITH_KNOTS('',3,(#3701,#3702,#3703,#3704,#3705,#3706,
#3707),.UNSPECIFIED.,.F.,.F.,(4,3,4),(0.,0.0745876215830225,0.154658930047116),
 .UNSPECIFIED.);
#929=B_SPLINE_CURVE_WITH_KNOTS('',3,(#3709,#3710,#3711,#3712,#3713,#3714,
#3715),.UNSPECIFIED.,.F.,.F.,(4,3,4),(0.,0.0253271151712876,0.0463046011007325),
 .UNSPECIFIED.);
#930=B_SPLINE_CURVE_WITH_KNOTS('',3,(#3718,#3719,#3720,#3721,#3722,#3723),
 .UNSPECIFIED.,.F.,.F.,(4,2,4),(0.,0.026292043324096,0.0526125090776323),
 .UNSPECIFIED.);
#931=B_SPLINE_CURVE_WITH_KNOTS('',3,(#3727,#3728,#3729,#3730,#3731,#3732,
#3733,#3734,#3735,#3736,#3737,#3738),.UNSPECIFIED.,.F.,.F.,(4,2,2,2,2,4),
(0.,0.164028534764017,0.289026195262356,0.40402970795501,0.498573317970395,
0.611971363874065),.UNSPECIFIED.);
#932=B_SPLINE_CURVE_WITH_KNOTS('',3,(#3742,#3743,#3744,#3745,#3746,#3747,
#3748,#3749,#3750,#3751,#3752,#3753),.UNSPECIFIED.,.F.,.F.,(4,2,2,2,2,4),
(0.,0.164028534763977,0.289026195262263,0.404029707955089,0.498573317970652,
0.611971363874292),.UNSPECIFIED.);
#933=B_SPLINE_CURVE_WITH_KNOTS('',3,(#3757,#3758,#3759,#3760,#3761,#3762,
#3763,#3764,#3765,#3766,#3767,#3768),.UNSPECIFIED.,.F.,.F.,(4,2,2,2,2,4),
(0.,0.164028534763992,0.289026195262302,0.404029707955008,0.498573317970488,
0.611971363874273),.UNSPECIFIED.);
#934=B_SPLINE_CURVE_WITH_KNOTS('',3,(#3772,#3773,#3774,#3775,#3776,#3777,
#3778,#3779,#3780,#3781,#3782,#3783),.UNSPECIFIED.,.F.,.F.,(4,2,2,2,2,4),
(0.,0.16402853476398,0.289026195262269,0.404029707954997,0.498573317970307,
0.611971363873433),.UNSPECIFIED.);
#935=B_SPLINE_CURVE_WITH_KNOTS('',3,(#3811,#3812,#3813,#3814,#3815),
 .UNSPECIFIED.,.F.,.F.,(4,1,4),(0.,0.0333837589741104,0.0736192140246766),
 .UNSPECIFIED.);
#936=B_SPLINE_CURVE_WITH_KNOTS('',3,(#3819,#3820,#3821,#3822,#3823),
 .UNSPECIFIED.,.F.,.F.,(4,1,4),(0.,0.061990093232125,0.115338440127712),
 .UNSPECIFIED.);
#937=B_SPLINE_CURVE_WITH_KNOTS('',3,(#3825,#3826,#3827,#3828,#3829),
 .UNSPECIFIED.,.F.,.F.,(4,1,4),(0.,0.0504716183488041,0.101221768591606),
 .UNSPECIFIED.);
#938=B_SPLINE_CURVE_WITH_KNOTS('',3,(#3831,#3832,#3833,#3834,#3835),
 .UNSPECIFIED.,.F.,.F.,(4,1,4),(0.,0.0697061359984286,0.133235241430394),
 .UNSPECIFIED.);
#939=B_SPLINE_CURVE_WITH_KNOTS('',3,(#3837,#3838,#3839,#3840,#3841),
 .UNSPECIFIED.,.F.,.F.,(4,1,4),(0.,0.067029447978581,0.143260230558839),
 .UNSPECIFIED.);
#940=B_SPLINE_CURVE_WITH_KNOTS('',3,(#3843,#3844,#3845,#3846,#3847),
 .UNSPECIFIED.,.F.,.F.,(4,1,4),(0.,0.0626473347211784,0.114372387252967),
 .UNSPECIFIED.);
#941=B_SPLINE_CURVE_WITH_KNOTS('',3,(#3849,#3850,#3851,#3852,#3853),
 .UNSPECIFIED.,.F.,.F.,(4,1,4),(0.,0.0449346798734304,0.0855639006918636),
 .UNSPECIFIED.);
#942=B_SPLINE_CURVE_WITH_KNOTS('',3,(#3855,#3856,#3857,#3858,#3859),
 .UNSPECIFIED.,.F.,.F.,(4,1,4),(0.,0.0395450982906683,0.0790320122204359),
 .UNSPECIFIED.);
#943=B_SPLINE_CURVE_WITH_KNOTS('',3,(#3861,#3862,#3863,#3864,#3865),
 .UNSPECIFIED.,.F.,.F.,(4,1,4),(0.,0.0513847577620781,0.099260245203598),
 .UNSPECIFIED.);
#944=B_SPLINE_CURVE_WITH_KNOTS('',3,(#3867,#3868,#3869,#3870,#3871),
 .UNSPECIFIED.,.F.,.F.,(4,1,4),(0.,0.0472951085603631,0.0985922204039192),
 .UNSPECIFIED.);
#945=B_SPLINE_CURVE_WITH_KNOTS('',3,(#3875,#3876,#3877,#3878,#3879),
 .UNSPECIFIED.,.F.,.F.,(4,1,4),(0.,0.0335626382050205,0.0621265441931654),
 .UNSPECIFIED.);
#946=B_SPLINE_CURVE_WITH_KNOTS('',3,(#3881,#3882,#3883,#3884,#3885),
 .UNSPECIFIED.,.F.,.F.,(4,1,4),(0.,0.0266425655773624,0.0556226855581475),
 .UNSPECIFIED.);
#947=B_SPLINE_CURVE_WITH_KNOTS('',3,(#3887,#3888,#3889,#3890,#3891),
 .UNSPECIFIED.,.F.,.F.,(4,1,4),(0.,0.0453383942586996,0.0872944046657619),
 .UNSPECIFIED.);
#948=B_SPLINE_CURVE_WITH_KNOTS('',3,(#3893,#3894,#3895,#3896,#3897),
 .UNSPECIFIED.,.F.,.F.,(4,1,4),(0.,0.0471943561507081,0.104733348926003),
 .UNSPECIFIED.);
#949=B_SPLINE_CURVE_WITH_KNOTS('',3,(#3899,#3900,#3901,#3902,#3903),
 .UNSPECIFIED.,.F.,.F.,(4,1,4),(0.,0.0585185849262709,0.105812901542534),
 .UNSPECIFIED.);
#950=B_SPLINE_CURVE_WITH_KNOTS('',3,(#3905,#3906,#3907,#3908,#3909),
 .UNSPECIFIED.,.F.,.F.,(4,1,4),(0.,0.0411537538804761,0.0846712765431182),
 .UNSPECIFIED.);
#951=B_SPLINE_CURVE_WITH_KNOTS('',3,(#3910,#3911,#3912,#3913,#3914),
 .UNSPECIFIED.,.F.,.F.,(4,1,4),(0.,0.0350896848684196,0.0661604045954373),
 .UNSPECIFIED.);
#952=B_SPLINE_CURVE_WITH_KNOTS('',3,(#3921,#3922,#3923,#3924,#3925),
 .UNSPECIFIED.,.F.,.F.,(4,1,4),(0.,0.054259444972323,0.110619740551138),
 .UNSPECIFIED.);
#953=B_SPLINE_CURVE_WITH_KNOTS('',3,(#3927,#3928,#3929,#3930,#3931),
 .UNSPECIFIED.,.F.,.F.,(4,1,4),(0.,0.0630173097418968,0.123911139770023),
 .UNSPECIFIED.);
#954=B_SPLINE_CURVE_WITH_KNOTS('',3,(#3933,#3934,#3935,#3936,#3937),
 .UNSPECIFIED.,.F.,.F.,(4,1,4),(0.,0.0652717470207715,0.138732432865317),
 .UNSPECIFIED.);
#955=B_SPLINE_CURVE_WITH_KNOTS('',3,(#3939,#3940,#3941,#3942,#3943),
 .UNSPECIFIED.,.F.,.F.,(4,1,4),(0.,0.0827527915891276,0.152342032543943),
 .UNSPECIFIED.);
#956=B_SPLINE_CURVE_WITH_KNOTS('',3,(#3945,#3946,#3947,#3948,#3949),
 .UNSPECIFIED.,.F.,.F.,(4,1,4),(0.,0.0619896010415459,0.120957172438288),
 .UNSPECIFIED.);
#957=B_SPLINE_CURVE_WITH_KNOTS('',3,(#3951,#3952,#3953,#3954,#3955),
 .UNSPECIFIED.,.F.,.F.,(4,1,4),(0.,0.0572101945353083,0.114816463736197),
 .UNSPECIFIED.);
#958=B_SPLINE_CURVE_WITH_KNOTS('',3,(#3985,#3986,#3987,#3988,#3989),
 .UNSPECIFIED.,.F.,.F.,(4,1,4),(0.,0.0663179239746916,0.131302333771341),
 .UNSPECIFIED.);
#959=B_SPLINE_CURVE_WITH_KNOTS('',3,(#3991,#3992,#3993,#3994,#3995),
 .UNSPECIFIED.,.F.,.F.,(4,1,4),(0.,0.0360770147288332,0.071610344865401),
 .UNSPECIFIED.);
#960=B_SPLINE_CURVE_WITH_KNOTS('',3,(#3997,#3998,#3999,#4000,#4001),
 .UNSPECIFIED.,.F.,.F.,(4,1,4),(0.,0.0333872428580761,0.0646808749366447),
 .UNSPECIFIED.);
#961=B_SPLINE_CURVE_WITH_KNOTS('',3,(#4003,#4004,#4005,#4006,#4007),
 .UNSPECIFIED.,.F.,.F.,(4,1,4),(0.,0.0357606401856689,0.0796127913598469),
 .UNSPECIFIED.);
#962=B_SPLINE_CURVE_WITH_KNOTS('',3,(#4015,#4016,#4017,#4018,#4019),
 .UNSPECIFIED.,.F.,.F.,(4,1,4),(0.,0.0405256830009571,0.0678403460903861),
 .UNSPECIFIED.);
#963=B_SPLINE_CURVE_WITH_KNOTS('',3,(#4021,#4022,#4023,#4024,#4025),
 .UNSPECIFIED.,.F.,.F.,(4,1,4),(0.,0.0204218319855528,0.0420848777068352),
 .UNSPECIFIED.);
#964=B_SPLINE_CURVE_WITH_KNOTS('',3,(#4027,#4028,#4029,#4030,#4031),
 .UNSPECIFIED.,.F.,.F.,(4,1,4),(0.,0.0231032472884454,0.0479269461613622),
 .UNSPECIFIED.);
#965=B_SPLINE_CURVE_WITH_KNOTS('',3,(#4033,#4034,#4035,#4036,#4037),
 .UNSPECIFIED.,.F.,.F.,(4,1,4),(0.,0.0336592849335599,0.0694145262707413),
 .UNSPECIFIED.);
#966=B_SPLINE_CURVE_WITH_KNOTS('',3,(#4039,#4040,#4041,#4042,#4043),
 .UNSPECIFIED.,.F.,.F.,(4,1,4),(0.,0.0428529869772419,0.104998474919286),
 .UNSPECIFIED.);
#967=B_SPLINE_CURVE_WITH_KNOTS('',3,(#4047,#4048,#4049,#4050,#4051),
 .UNSPECIFIED.,.F.,.F.,(4,1,4),(0.,0.0496481925712292,0.107871711110211),
 .UNSPECIFIED.);
#968=B_SPLINE_CURVE_WITH_KNOTS('',3,(#4055,#4056,#4057,#4058,#4059),
 .UNSPECIFIED.,.F.,.F.,(4,1,4),(0.,0.0780108900536072,0.146609882348043),
 .UNSPECIFIED.);
#969=B_SPLINE_CURVE_WITH_KNOTS('',3,(#4061,#4062,#4063,#4064,#4065),
 .UNSPECIFIED.,.F.,.F.,(4,1,4),(0.,0.0659998258689025,0.136039803094306),
 .UNSPECIFIED.);
#970=B_SPLINE_CURVE_WITH_KNOTS('',3,(#4067,#4068,#4069,#4070,#4071),
 .UNSPECIFIED.,.F.,.F.,(4,1,4),(0.,0.105895101077231,0.197072872350893),
 .UNSPECIFIED.);
#971=B_SPLINE_CURVE_WITH_KNOTS('',3,(#4073,#4074,#4075,#4076,#4077),
 .UNSPECIFIED.,.F.,.F.,(4,1,4),(0.,0.0929071213435913,0.192374259035611),
 .UNSPECIFIED.);
#972=B_SPLINE_CURVE_WITH_KNOTS('',3,(#4079,#4080,#4081,#4082,#4083),
 .UNSPECIFIED.,.F.,.F.,(4,1,4),(0.,0.105948032282855,0.198710829705166),
 .UNSPECIFIED.);
#973=B_SPLINE_CURVE_WITH_KNOTS('',3,(#4085,#4086,#4087,#4088,#4089),
 .UNSPECIFIED.,.F.,.F.,(4,1,4),(0.,0.0894226371676194,0.183481865206254),
 .UNSPECIFIED.);
#974=B_SPLINE_CURVE_WITH_KNOTS('',3,(#4091,#4092,#4093,#4094,#4095),
 .UNSPECIFIED.,.F.,.F.,(4,1,4),(0.,0.0670815273574572,0.12948336892941),
 .UNSPECIFIED.);
#975=B_SPLINE_CURVE_WITH_KNOTS('',3,(#4097,#4098,#4099,#4100,#4101),
 .UNSPECIFIED.,.F.,.F.,(4,1,4),(0.,0.0623924204272656,0.130305772996166),
 .UNSPECIFIED.);
#976=B_SPLINE_CURVE_WITH_KNOTS('',3,(#4105,#4106,#4107,#4108,#4109),
 .UNSPECIFIED.,.F.,.F.,(4,1,4),(0.,0.0492241356277029,0.0922643557325342),
 .UNSPECIFIED.);
#977=B_SPLINE_CURVE_WITH_KNOTS('',3,(#4111,#4112,#4113,#4114,#4115),
 .UNSPECIFIED.,.F.,.F.,(4,1,4),(0.,0.0416691557445815,0.087241700102441),
 .UNSPECIFIED.);
#978=B_SPLINE_CURVE_WITH_KNOTS('',3,(#4117,#4118,#4119,#4120,#4121),
 .UNSPECIFIED.,.F.,.F.,(4,1,4),(0.,0.0718703796878906,0.136662340161213),
 .UNSPECIFIED.);
#979=B_SPLINE_CURVE_WITH_KNOTS('',3,(#4123,#4124,#4125,#4126,#4127),
 .UNSPECIFIED.,.F.,.F.,(4,1,4),(0.,0.0690251812899492,0.149381096988021),
 .UNSPECIFIED.);
#980=B_SPLINE_CURVE_WITH_KNOTS('',3,(#4129,#4130,#4131,#4132,#4133),
 .UNSPECIFIED.,.F.,.F.,(4,1,4),(0.,0.0899687975664532,0.160946972455447),
 .UNSPECIFIED.);
#981=B_SPLINE_CURVE_WITH_KNOTS('',3,(#4135,#4136,#4137,#4138,#4139),
 .UNSPECIFIED.,.F.,.F.,(4,1,4),(0.,0.0628265682360861,0.127732030994132),
 .UNSPECIFIED.);
#982=B_SPLINE_CURVE_WITH_KNOTS('',3,(#4140,#4141,#4142,#4143,#4144),
 .UNSPECIFIED.,.F.,.F.,(4,1,4),(0.,0.0527232761863087,0.100137184887773),
 .UNSPECIFIED.);
#983=B_SPLINE_CURVE_WITH_KNOTS('',3,(#4171,#4172,#4173,#4174,#4175),
 .UNSPECIFIED.,.F.,.F.,(4,1,4),(0.,0.0618582257696584,0.0994933776554369),
 .UNSPECIFIED.);
#984=B_SPLINE_CURVE_WITH_KNOTS('',3,(#4177,#4178,#4179,#4180,#4181),
 .UNSPECIFIED.,.F.,.F.,(4,1,4),(0.,0.0255022604510445,0.052247796450532),
 .UNSPECIFIED.);
#985=B_SPLINE_CURVE_WITH_KNOTS('',3,(#4185,#4186,#4187,#4188,#4189),
 .UNSPECIFIED.,.F.,.F.,(4,1,4),(0.,0.0207202008898568,0.045736683612079),
 .UNSPECIFIED.);
#986=B_SPLINE_CURVE_WITH_KNOTS('',3,(#4191,#4192,#4193,#4194,#4195),
 .UNSPECIFIED.,.F.,.F.,(4,1,4),(0.,0.0742075584999013,0.143333009278225),
 .UNSPECIFIED.);
#987=B_SPLINE_CURVE_WITH_KNOTS('',3,(#4197,#4198,#4199,#4200,#4201),
 .UNSPECIFIED.,.F.,.F.,(4,1,4),(0.,0.0507928923812472,0.094620720864959),
 .UNSPECIFIED.);
#988=B_SPLINE_CURVE_WITH_KNOTS('',3,(#4203,#4204,#4205,#4206,#4207),
 .UNSPECIFIED.,.F.,.F.,(4,1,4),(0.,0.040728752613486,0.0831949397648533),
 .UNSPECIFIED.);
#989=B_SPLINE_CURVE_WITH_KNOTS('',3,(#4209,#4210,#4211,#4212,#4213),
 .UNSPECIFIED.,.F.,.F.,(4,1,4),(0.,0.0410055120099073,0.0809377520352429),
 .UNSPECIFIED.);
#990=B_SPLINE_CURVE_WITH_KNOTS('',3,(#4215,#4216,#4217,#4218,#4219),
 .UNSPECIFIED.,.F.,.F.,(4,1,4),(0.,0.0491603691783747,0.116551909509244),
 .UNSPECIFIED.);
#991=B_SPLINE_CURVE_WITH_KNOTS('',3,(#4223,#4224,#4225,#4226,#4227),
 .UNSPECIFIED.,.F.,.F.,(4,1,4),(0.,0.0292518725363916,0.0534078169600242),
 .UNSPECIFIED.);
#992=B_SPLINE_CURVE_WITH_KNOTS('',3,(#4229,#4230,#4231,#4232,#4233),
 .UNSPECIFIED.,.F.,.F.,(4,1,4),(0.,0.0231051199460936,0.0382234002012369),
 .UNSPECIFIED.);
#993=B_SPLINE_CURVE_WITH_KNOTS('',3,(#4235,#4236,#4237,#4238,#4239),
 .UNSPECIFIED.,.F.,.F.,(4,1,4),(0.,0.0120261097295065,0.0256680041370857),
 .UNSPECIFIED.);
#994=B_SPLINE_CURVE_WITH_KNOTS('',3,(#4241,#4242,#4243,#4244,#4245),
 .UNSPECIFIED.,.F.,.F.,(4,1,4),(0.,0.0151532621119767,0.0329087827714012),
 .UNSPECIFIED.);
#995=B_SPLINE_CURVE_WITH_KNOTS('',3,(#4247,#4248,#4249,#4250,#4251),
 .UNSPECIFIED.,.F.,.F.,(4,1,4),(0.,0.0218849088640301,0.0493168191278278),
 .UNSPECIFIED.);
#996=B_SPLINE_CURVE_WITH_KNOTS('',3,(#4253,#4254,#4255,#4256,#4257),
 .UNSPECIFIED.,.F.,.F.,(4,1,4),(0.,0.0350049406714441,0.0638835250534065),
 .UNSPECIFIED.);
#997=B_SPLINE_CURVE_WITH_KNOTS('',3,(#4259,#4260,#4261,#4262,#4263),
 .UNSPECIFIED.,.F.,.F.,(4,1,4),(0.,0.027960439693905,0.0630148432861721),
 .UNSPECIFIED.);
#998=B_SPLINE_CURVE_WITH_KNOTS('',3,(#4267,#4268,#4269,#4270,#4271),
 .UNSPECIFIED.,.F.,.F.,(4,1,4),(0.,0.0508365559948079,0.0980811247173977),
 .UNSPECIFIED.);
#999=B_SPLINE_CURVE_WITH_KNOTS('',3,(#4273,#4274,#4275,#4276,#4277),
 .UNSPECIFIED.,.F.,.F.,(4,1,4),(0.,0.0519627845392771,0.115112245271461),
 .UNSPECIFIED.);
#1000=B_SPLINE_CURVE_WITH_KNOTS('',3,(#4279,#4280,#4281,#4282,#4283),
 .UNSPECIFIED.,.F.,.F.,(4,1,4),(0.,0.055614686302825,0.0965343142808311),
 .UNSPECIFIED.);
#1001=B_SPLINE_CURVE_WITH_KNOTS('',3,(#4285,#4286,#4287,#4288,#4289),
 .UNSPECIFIED.,.F.,.F.,(4,1,4),(0.,0.0319384655037328,0.0597133893033052),
 .UNSPECIFIED.);
#1002=B_SPLINE_CURVE_WITH_KNOTS('',3,(#4291,#4292,#4293,#4294,#4295),
 .UNSPECIFIED.,.F.,.F.,(4,1,4),(0.,0.031084891153242,0.0694599849552858),
 .UNSPECIFIED.);
#1003=VERTEX_POINT('',#3019);
#1004=VERTEX_POINT('',#3020);
#1005=VERTEX_POINT('',#3033);
#1006=VERTEX_POINT('',#3035);
#1007=VERTEX_POINT('',#3048);
#1008=VERTEX_POINT('',#3050);
#1009=VERTEX_POINT('',#3063);
#1010=VERTEX_POINT('',#3065);
#1011=VERTEX_POINT('',#3079);
#1012=VERTEX_POINT('',#3080);
#1013=VERTEX_POINT('',#3082);
#1014=VERTEX_POINT('',#3084);
#1015=VERTEX_POINT('',#3086);
#1016=VERTEX_POINT('',#3088);
#1017=VERTEX_POINT('',#3090);
#1018=VERTEX_POINT('',#3092);
#1019=VERTEX_POINT('',#3094);
#1020=VERTEX_POINT('',#3096);
#1021=VERTEX_POINT('',#3098);
#1022=VERTEX_POINT('',#3100);
#1023=VERTEX_POINT('',#3103);
#1024=VERTEX_POINT('',#3104);
#1025=VERTEX_POINT('',#3112);
#1026=VERTEX_POINT('',#3120);
#1027=VERTEX_POINT('',#3128);
#1028=VERTEX_POINT('',#3136);
#1029=VERTEX_POINT('',#3144);
#1030=VERTEX_POINT('',#3152);
#1031=VERTEX_POINT('',#3160);
#1032=VERTEX_POINT('',#3168);
#1033=VERTEX_POINT('',#3170);
#1034=VERTEX_POINT('',#3178);
#1035=VERTEX_POINT('',#3186);
#1036=VERTEX_POINT('',#3194);
#1037=VERTEX_POINT('',#3202);
#1038=VERTEX_POINT('',#3210);
#1039=VERTEX_POINT('',#3218);
#1040=VERTEX_POINT('',#3226);
#1041=VERTEX_POINT('',#3234);
#1042=VERTEX_POINT('',#3243);
#1043=VERTEX_POINT('',#3244);
#1044=VERTEX_POINT('',#3246);
#1045=VERTEX_POINT('',#3248);
#1046=VERTEX_POINT('',#3250);
#1047=VERTEX_POINT('',#3252);
#1048=VERTEX_POINT('',#3254);
#1049=VERTEX_POINT('',#3256);
#1050=VERTEX_POINT('',#3264);
#1051=VERTEX_POINT('',#3272);
#1052=VERTEX_POINT('',#3280);
#1053=VERTEX_POINT('',#3288);
#1054=VERTEX_POINT('',#3296);
#1055=VERTEX_POINT('',#3305);
#1056=VERTEX_POINT('',#3306);
#1057=VERTEX_POINT('',#3308);
#1058=VERTEX_POINT('',#3310);
#1059=VERTEX_POINT('',#3313);
#1060=VERTEX_POINT('',#3314);
#1061=VERTEX_POINT('',#3316);
#1062=VERTEX_POINT('',#3318);
#1063=VERTEX_POINT('',#3325);
#1064=VERTEX_POINT('',#3333);
#1065=VERTEX_POINT('',#3341);
#1066=VERTEX_POINT('',#3349);
#1067=VERTEX_POINT('',#3357);
#1068=VERTEX_POINT('',#3359);
#1069=VERTEX_POINT('',#3361);
#1070=VERTEX_POINT('',#3363);
#1071=VERTEX_POINT('',#3371);
#1072=VERTEX_POINT('',#3379);
#1073=VERTEX_POINT('',#3387);
#1074=VERTEX_POINT('',#3395);
#1075=VERTEX_POINT('',#3397);
#1076=VERTEX_POINT('',#3399);
#1077=VERTEX_POINT('',#3402);
#1078=VERTEX_POINT('',#3403);
#1079=VERTEX_POINT('',#3411);
#1080=VERTEX_POINT('',#3419);
#1081=VERTEX_POINT('',#3427);
#1082=VERTEX_POINT('',#3435);
#1083=VERTEX_POINT('',#3443);
#1084=VERTEX_POINT('',#3451);
#1085=VERTEX_POINT('',#3459);
#1086=VERTEX_POINT('',#3467);
#1087=VERTEX_POINT('',#3469);
#1088=VERTEX_POINT('',#3477);
#1089=VERTEX_POINT('',#3485);
#1090=VERTEX_POINT('',#3493);
#1091=VERTEX_POINT('',#3501);
#1092=VERTEX_POINT('',#3509);
#1093=VERTEX_POINT('',#3517);
#1094=VERTEX_POINT('',#3525);
#1095=VERTEX_POINT('',#3534);
#1096=VERTEX_POINT('',#3535);
#1097=VERTEX_POINT('',#3537);
#1098=VERTEX_POINT('',#3539);
#1099=VERTEX_POINT('',#3541);
#1100=VERTEX_POINT('',#3543);
#1101=VERTEX_POINT('',#3545);
#1102=VERTEX_POINT('',#3547);
#1103=VERTEX_POINT('',#3549);
#1104=VERTEX_POINT('',#3551);
#1105=VERTEX_POINT('',#3553);
#1106=VERTEX_POINT('',#3555);
#1107=VERTEX_POINT('',#3558);
#1108=VERTEX_POINT('',#3559);
#1109=VERTEX_POINT('',#3567);
#1110=VERTEX_POINT('',#3569);
#1111=VERTEX_POINT('',#3577);
#1112=VERTEX_POINT('',#3585);
#1113=VERTEX_POINT('',#3593);
#1114=VERTEX_POINT('',#3601);
#1115=VERTEX_POINT('',#3609);
#1116=VERTEX_POINT('',#3611);
#1117=VERTEX_POINT('',#3619);
#1118=VERTEX_POINT('',#3627);
#1119=VERTEX_POINT('',#3635);
#1120=VERTEX_POINT('',#3643);
#1121=VERTEX_POINT('',#3651);
#1122=VERTEX_POINT('',#3659);
#1123=VERTEX_POINT('',#3667);
#1124=VERTEX_POINT('',#3669);
#1125=VERTEX_POINT('',#3677);
#1126=VERTEX_POINT('',#3685);
#1127=VERTEX_POINT('',#3693);
#1128=VERTEX_POINT('',#3700);
#1129=VERTEX_POINT('',#3708);
#1130=VERTEX_POINT('',#3716);
#1131=VERTEX_POINT('',#3725);
#1132=VERTEX_POINT('',#3726);
#1133=VERTEX_POINT('',#3739);
#1134=VERTEX_POINT('',#3741);
#1135=VERTEX_POINT('',#3754);
#1136=VERTEX_POINT('',#3756);
#1137=VERTEX_POINT('',#3769);
#1138=VERTEX_POINT('',#3771);
#1139=VERTEX_POINT('',#3785);
#1140=VERTEX_POINT('',#3786);
#1141=VERTEX_POINT('',#3788);
#1142=VERTEX_POINT('',#3790);
#1143=VERTEX_POINT('',#3792);
#1144=VERTEX_POINT('',#3794);
#1145=VERTEX_POINT('',#3796);
#1146=VERTEX_POINT('',#3798);
#1147=VERTEX_POINT('',#3800);
#1148=VERTEX_POINT('',#3802);
#1149=VERTEX_POINT('',#3804);
#1150=VERTEX_POINT('',#3806);
#1151=VERTEX_POINT('',#3809);
#1152=VERTEX_POINT('',#3810);
#1153=VERTEX_POINT('',#3816);
#1154=VERTEX_POINT('',#3818);
#1155=VERTEX_POINT('',#3824);
#1156=VERTEX_POINT('',#3830);
#1157=VERTEX_POINT('',#3836);
#1158=VERTEX_POINT('',#3842);
#1159=VERTEX_POINT('',#3848);
#1160=VERTEX_POINT('',#3854);
#1161=VERTEX_POINT('',#3860);
#1162=VERTEX_POINT('',#3866);
#1163=VERTEX_POINT('',#3872);
#1164=VERTEX_POINT('',#3874);
#1165=VERTEX_POINT('',#3880);
#1166=VERTEX_POINT('',#3886);
#1167=VERTEX_POINT('',#3892);
#1168=VERTEX_POINT('',#3898);
#1169=VERTEX_POINT('',#3904);
#1170=VERTEX_POINT('',#3915);
#1171=VERTEX_POINT('',#3916);
#1172=VERTEX_POINT('',#3918);
#1173=VERTEX_POINT('',#3920);
#1174=VERTEX_POINT('',#3926);
#1175=VERTEX_POINT('',#3932);
#1176=VERTEX_POINT('',#3938);
#1177=VERTEX_POINT('',#3944);
#1178=VERTEX_POINT('',#3950);
#1179=VERTEX_POINT('',#3956);
#1180=VERTEX_POINT('',#3958);
#1181=VERTEX_POINT('',#3960);
#1182=VERTEX_POINT('',#3962);
#1183=VERTEX_POINT('',#3965);
#1184=VERTEX_POINT('',#3966);
#1185=VERTEX_POINT('',#3968);
#1186=VERTEX_POINT('',#3970);
#1187=VERTEX_POINT('',#3973);
#1188=VERTEX_POINT('',#3974);
#1189=VERTEX_POINT('',#3976);
#1190=VERTEX_POINT('',#3978);
#1191=VERTEX_POINT('',#3980);
#1192=VERTEX_POINT('',#3982);
#1193=VERTEX_POINT('',#3984);
#1194=VERTEX_POINT('',#3990);
#1195=VERTEX_POINT('',#3996);
#1196=VERTEX_POINT('',#4002);
#1197=VERTEX_POINT('',#4008);
#1198=VERTEX_POINT('',#4010);
#1199=VERTEX_POINT('',#4012);
#1200=VERTEX_POINT('',#4014);
#1201=VERTEX_POINT('',#4020);
#1202=VERTEX_POINT('',#4026);
#1203=VERTEX_POINT('',#4032);
#1204=VERTEX_POINT('',#4038);
#1205=VERTEX_POINT('',#4045);
#1206=VERTEX_POINT('',#4046);
#1207=VERTEX_POINT('',#4052);
#1208=VERTEX_POINT('',#4054);
#1209=VERTEX_POINT('',#4060);
#1210=VERTEX_POINT('',#4066);
#1211=VERTEX_POINT('',#4072);
#1212=VERTEX_POINT('',#4078);
#1213=VERTEX_POINT('',#4084);
#1214=VERTEX_POINT('',#4090);
#1215=VERTEX_POINT('',#4096);
#1216=VERTEX_POINT('',#4102);
#1217=VERTEX_POINT('',#4104);
#1218=VERTEX_POINT('',#4110);
#1219=VERTEX_POINT('',#4116);
#1220=VERTEX_POINT('',#4122);
#1221=VERTEX_POINT('',#4128);
#1222=VERTEX_POINT('',#4134);
#1223=VERTEX_POINT('',#4145);
#1224=VERTEX_POINT('',#4146);
#1225=VERTEX_POINT('',#4148);
#1226=VERTEX_POINT('',#4150);
#1227=VERTEX_POINT('',#4152);
#1228=VERTEX_POINT('',#4154);
#1229=VERTEX_POINT('',#4156);
#1230=VERTEX_POINT('',#4158);
#1231=VERTEX_POINT('',#4160);
#1232=VERTEX_POINT('',#4162);
#1233=VERTEX_POINT('',#4164);
#1234=VERTEX_POINT('',#4166);
#1235=VERTEX_POINT('',#4169);
#1236=VERTEX_POINT('',#4170);
#1237=VERTEX_POINT('',#4176);
#1238=VERTEX_POINT('',#4182);
#1239=VERTEX_POINT('',#4184);
#1240=VERTEX_POINT('',#4190);
#1241=VERTEX_POINT('',#4196);
#1242=VERTEX_POINT('',#4202);
#1243=VERTEX_POINT('',#4208);
#1244=VERTEX_POINT('',#4214);
#1245=VERTEX_POINT('',#4220);
#1246=VERTEX_POINT('',#4222);
#1247=VERTEX_POINT('',#4228);
#1248=VERTEX_POINT('',#4234);
#1249=VERTEX_POINT('',#4240);
#1250=VERTEX_POINT('',#4246);
#1251=VERTEX_POINT('',#4252);
#1252=VERTEX_POINT('',#4258);
#1253=VERTEX_POINT('',#4264);
#1254=VERTEX_POINT('',#4266);
#1255=VERTEX_POINT('',#4272);
#1256=VERTEX_POINT('',#4278);
#1257=VERTEX_POINT('',#4284);
#1258=VERTEX_POINT('',#4290);
#1259=EDGE_CURVE('',#1003,#1004,#859,.T.);
#1260=EDGE_CURVE('',#1003,#1005,#379,.T.);
#1261=EDGE_CURVE('',#1006,#1005,#860,.T.);
#1262=EDGE_CURVE('',#1006,#1007,#380,.T.);
#1263=EDGE_CURVE('',#1008,#1007,#861,.T.);
#1264=EDGE_CURVE('',#1008,#1009,#381,.T.);
#1265=EDGE_CURVE('',#1010,#1009,#862,.T.);
#1266=EDGE_CURVE('',#1010,#1004,#382,.T.);
#1267=EDGE_CURVE('',#1011,#1012,#383,.T.);
#1268=EDGE_CURVE('',#1012,#1013,#384,.T.);
#1269=EDGE_CURVE('',#1013,#1014,#385,.T.);
#1270=EDGE_CURVE('',#1014,#1015,#386,.T.);
#1271=EDGE_CURVE('',#1015,#1016,#387,.T.);
#1272=EDGE_CURVE('',#1016,#1017,#388,.T.);
#1273=EDGE_CURVE('',#1017,#1018,#389,.T.);
#1274=EDGE_CURVE('',#1018,#1019,#390,.T.);
#1275=EDGE_CURVE('',#1019,#1020,#391,.T.);
#1276=EDGE_CURVE('',#1020,#1021,#392,.T.);
#1277=EDGE_CURVE('',#1021,#1022,#393,.T.);
#1278=EDGE_CURVE('',#1022,#1011,#394,.T.);
#1279=EDGE_CURVE('',#1023,#1024,#863,.T.);
#1280=EDGE_CURVE('',#1024,#1025,#864,.T.);
#1281=EDGE_CURVE('',#1025,#1026,#865,.T.);
#1282=EDGE_CURVE('',#1026,#1027,#866,.T.);
#1283=EDGE_CURVE('',#1027,#1028,#867,.T.);
#1284=EDGE_CURVE('',#1028,#1029,#868,.T.);
#1285=EDGE_CURVE('',#1029,#1030,#869,.T.);
#1286=EDGE_CURVE('',#1030,#1031,#870,.T.);
#1287=EDGE_CURVE('',#1031,#1032,#395,.T.);
#1288=EDGE_CURVE('',#1032,#1033,#871,.T.);
#1289=EDGE_CURVE('',#1033,#1034,#872,.T.);
#1290=EDGE_CURVE('',#1034,#1035,#873,.T.);
#1291=EDGE_CURVE('',#1035,#1036,#874,.T.);
#1292=EDGE_CURVE('',#1036,#1037,#875,.T.);
#1293=EDGE_CURVE('',#1037,#1038,#876,.T.);
#1294=EDGE_CURVE('',#1038,#1039,#877,.T.);
#1295=EDGE_CURVE('',#1039,#1040,#878,.T.);
#1296=EDGE_CURVE('',#1040,#1041,#879,.T.);
#1297=EDGE_CURVE('',#1041,#1023,#396,.T.);
#1298=EDGE_CURVE('',#1042,#1043,#397,.T.);
#1299=EDGE_CURVE('',#1043,#1044,#398,.T.);
#1300=EDGE_CURVE('',#1044,#1045,#399,.T.);
#1301=EDGE_CURVE('',#1045,#1046,#400,.T.);
#1302=EDGE_CURVE('',#1046,#1047,#401,.T.);
#1303=EDGE_CURVE('',#1047,#1048,#402,.T.);
#1304=EDGE_CURVE('',#1048,#1049,#880,.T.);
#1305=EDGE_CURVE('',#1049,#1050,#881,.T.);
#1306=EDGE_CURVE('',#1050,#1051,#882,.T.);
#1307=EDGE_CURVE('',#1051,#1052,#883,.T.);
#1308=EDGE_CURVE('',#1052,#1053,#884,.T.);
#1309=EDGE_CURVE('',#1053,#1054,#885,.T.);
#1310=EDGE_CURVE('',#1054,#1042,#403,.T.);
#1311=EDGE_CURVE('',#1055,#1056,#404,.T.);
#1312=EDGE_CURVE('',#1056,#1057,#405,.T.);
#1313=EDGE_CURVE('',#1057,#1058,#406,.T.);
#1314=EDGE_CURVE('',#1058,#1055,#407,.T.);
#1315=EDGE_CURVE('',#1059,#1060,#408,.T.);
#1316=EDGE_CURVE('',#1060,#1061,#409,.T.);
#1317=EDGE_CURVE('',#1061,#1062,#886,.T.);
#1318=EDGE_CURVE('',#1062,#1063,#887,.T.);
#1319=EDGE_CURVE('',#1063,#1064,#888,.T.);
#1320=EDGE_CURVE('',#1064,#1065,#889,.T.);
#1321=EDGE_CURVE('',#1065,#1066,#890,.T.);
#1322=EDGE_CURVE('',#1066,#1067,#410,.T.);
#1323=EDGE_CURVE('',#1067,#1068,#411,.T.);
#1324=EDGE_CURVE('',#1068,#1069,#412,.T.);
#1325=EDGE_CURVE('',#1069,#1070,#891,.T.);
#1326=EDGE_CURVE('',#1070,#1071,#892,.T.);
#1327=EDGE_CURVE('',#1071,#1072,#893,.T.);
#1328=EDGE_CURVE('',#1072,#1073,#894,.T.);
#1329=EDGE_CURVE('',#1073,#1074,#413,.T.);
#1330=EDGE_CURVE('',#1074,#1075,#414,.T.);
#1331=EDGE_CURVE('',#1075,#1076,#415,.T.);
#1332=EDGE_CURVE('',#1076,#1059,#416,.T.);
#1333=EDGE_CURVE('',#1077,#1078,#895,.T.);
#1334=EDGE_CURVE('',#1078,#1079,#896,.T.);
#1335=EDGE_CURVE('',#1079,#1080,#897,.T.);
#1336=EDGE_CURVE('',#1080,#1081,#898,.T.);
#1337=EDGE_CURVE('',#1081,#1082,#899,.T.);
#1338=EDGE_CURVE('',#1082,#1083,#900,.T.);
#1339=EDGE_CURVE('',#1083,#1084,#901,.T.);
#1340=EDGE_CURVE('',#1084,#1085,#902,.T.);
#1341=EDGE_CURVE('',#1085,#1086,#417,.T.);
#1342=EDGE_CURVE('',#1086,#1087,#903,.T.);
#1343=EDGE_CURVE('',#1087,#1088,#904,.T.);
#1344=EDGE_CURVE('',#1088,#1089,#905,.T.);
#1345=EDGE_CURVE('',#1089,#1090,#906,.T.);
#1346=EDGE_CURVE('',#1090,#1091,#907,.T.);
#1347=EDGE_CURVE('',#1091,#1092,#908,.T.);
#1348=EDGE_CURVE('',#1092,#1093,#909,.T.);
#1349=EDGE_CURVE('',#1093,#1094,#910,.T.);
#1350=EDGE_CURVE('',#1094,#1077,#418,.T.);
#1351=EDGE_CURVE('',#1095,#1096,#419,.T.);
#1352=EDGE_CURVE('',#1096,#1097,#420,.T.);
#1353=EDGE_CURVE('',#1097,#1098,#421,.T.);
#1354=EDGE_CURVE('',#1098,#1099,#422,.T.);
#1355=EDGE_CURVE('',#1099,#1100,#423,.T.);
#1356=EDGE_CURVE('',#1100,#1101,#424,.T.);
#1357=EDGE_CURVE('',#1101,#1102,#425,.T.);
#1358=EDGE_CURVE('',#1102,#1103,#426,.T.);
#1359=EDGE_CURVE('',#1103,#1104,#427,.T.);
#1360=EDGE_CURVE('',#1104,#1105,#428,.T.);
#1361=EDGE_CURVE('',#1105,#1106,#429,.T.);
#1362=EDGE_CURVE('',#1106,#1095,#430,.T.);
#1363=EDGE_CURVE('',#1107,#1108,#911,.T.);
#1364=EDGE_CURVE('',#1108,#1109,#431,.T.);
#1365=EDGE_CURVE('',#1109,#1110,#912,.T.);
#1366=EDGE_CURVE('',#1110,#1111,#913,.T.);
#1367=EDGE_CURVE('',#1111,#1112,#914,.T.);
#1368=EDGE_CURVE('',#1112,#1113,#915,.T.);
#1369=EDGE_CURVE('',#1113,#1114,#916,.T.);
#1370=EDGE_CURVE('',#1114,#1115,#432,.T.);
#1371=EDGE_CURVE('',#1115,#1116,#917,.T.);
#1372=EDGE_CURVE('',#1116,#1117,#918,.T.);
#1373=EDGE_CURVE('',#1117,#1118,#919,.T.);
#1374=EDGE_CURVE('',#1118,#1119,#920,.T.);
#1375=EDGE_CURVE('',#1119,#1120,#921,.T.);
#1376=EDGE_CURVE('',#1120,#1121,#922,.T.);
#1377=EDGE_CURVE('',#1121,#1122,#923,.T.);
#1378=EDGE_CURVE('',#1122,#1123,#433,.T.);
#1379=EDGE_CURVE('',#1123,#1124,#924,.T.);
#1380=EDGE_CURVE('',#1124,#1125,#925,.T.);
#1381=EDGE_CURVE('',#1125,#1126,#926,.T.);
#1382=EDGE_CURVE('',#1126,#1127,#927,.T.);
#1383=EDGE_CURVE('',#1127,#1128,#928,.T.);
#1384=EDGE_CURVE('',#1128,#1129,#929,.T.);
#1385=EDGE_CURVE('',#1129,#1130,#434,.T.);
#1386=EDGE_CURVE('',#1130,#1107,#930,.T.);
#1387=EDGE_CURVE('',#1131,#1132,#931,.T.);
#1388=EDGE_CURVE('',#1132,#1133,#435,.T.);
#1389=EDGE_CURVE('',#1133,#1134,#932,.T.);
#1390=EDGE_CURVE('',#1134,#1135,#436,.T.);
#1391=EDGE_CURVE('',#1135,#1136,#933,.T.);
#1392=EDGE_CURVE('',#1136,#1137,#437,.T.);
#1393=EDGE_CURVE('',#1137,#1138,#934,.T.);
#1394=EDGE_CURVE('',#1138,#1131,#438,.T.);
#1395=EDGE_CURVE('',#1139,#1140,#439,.T.);
#1396=EDGE_CURVE('',#1140,#1141,#440,.T.);
#1397=EDGE_CURVE('',#1141,#1142,#441,.T.);
#1398=EDGE_CURVE('',#1142,#1143,#442,.T.);
#1399=EDGE_CURVE('',#1143,#1144,#443,.T.);
#1400=EDGE_CURVE('',#1144,#1145,#444,.T.);
#1401=EDGE_CURVE('',#1145,#1146,#445,.T.);
#1402=EDGE_CURVE('',#1146,#1147,#446,.T.);
#1403=EDGE_CURVE('',#1147,#1148,#447,.T.);
#1404=EDGE_CURVE('',#1148,#1149,#448,.T.);
#1405=EDGE_CURVE('',#1149,#1150,#449,.T.);
#1406=EDGE_CURVE('',#1150,#1139,#450,.T.);
#1407=EDGE_CURVE('',#1151,#1152,#935,.T.);
#1408=EDGE_CURVE('',#1152,#1153,#451,.T.);
#1409=EDGE_CURVE('',#1153,#1154,#936,.T.);
#1410=EDGE_CURVE('',#1154,#1155,#937,.T.);
#1411=EDGE_CURVE('',#1155,#1156,#938,.T.);
#1412=EDGE_CURVE('',#1156,#1157,#939,.T.);
#1413=EDGE_CURVE('',#1157,#1158,#940,.T.);
#1414=EDGE_CURVE('',#1158,#1159,#941,.T.);
#1415=EDGE_CURVE('',#1159,#1160,#942,.T.);
#1416=EDGE_CURVE('',#1160,#1161,#943,.T.);
#1417=EDGE_CURVE('',#1161,#1162,#944,.T.);
#1418=EDGE_CURVE('',#1162,#1163,#452,.T.);
#1419=EDGE_CURVE('',#1163,#1164,#945,.T.);
#1420=EDGE_CURVE('',#1164,#1165,#946,.T.);
#1421=EDGE_CURVE('',#1165,#1166,#947,.T.);
#1422=EDGE_CURVE('',#1166,#1167,#948,.T.);
#1423=EDGE_CURVE('',#1167,#1168,#949,.T.);
#1424=EDGE_CURVE('',#1168,#1169,#950,.T.);
#1425=EDGE_CURVE('',#1169,#1151,#951,.T.);
#1426=EDGE_CURVE('',#1170,#1171,#453,.T.);
#1427=EDGE_CURVE('',#1171,#1172,#454,.T.);
#1428=EDGE_CURVE('',#1172,#1173,#952,.T.);
#1429=EDGE_CURVE('',#1173,#1174,#953,.T.);
#1430=EDGE_CURVE('',#1174,#1175,#954,.T.);
#1431=EDGE_CURVE('',#1175,#1176,#955,.T.);
#1432=EDGE_CURVE('',#1176,#1177,#956,.T.);
#1433=EDGE_CURVE('',#1177,#1178,#957,.T.);
#1434=EDGE_CURVE('',#1178,#1179,#455,.T.);
#1435=EDGE_CURVE('',#1179,#1180,#456,.T.);
#1436=EDGE_CURVE('',#1180,#1181,#457,.T.);
#1437=EDGE_CURVE('',#1181,#1182,#458,.T.);
#1438=EDGE_CURVE('',#1182,#1170,#459,.T.);
#1439=EDGE_CURVE('',#1183,#1184,#460,.T.);
#1440=EDGE_CURVE('',#1184,#1185,#461,.T.);
#1441=EDGE_CURVE('',#1185,#1186,#462,.T.);
#1442=EDGE_CURVE('',#1186,#1183,#463,.T.);
#1443=EDGE_CURVE('',#1187,#1188,#464,.T.);
#1444=EDGE_CURVE('',#1188,#1189,#465,.T.);
#1445=EDGE_CURVE('',#1189,#1190,#466,.T.);
#1446=EDGE_CURVE('',#1190,#1191,#467,.T.);
#1447=EDGE_CURVE('',#1191,#1192,#468,.T.);
#1448=EDGE_CURVE('',#1192,#1193,#958,.T.);
#1449=EDGE_CURVE('',#1193,#1194,#959,.T.);
#1450=EDGE_CURVE('',#1194,#1195,#960,.T.);
#1451=EDGE_CURVE('',#1195,#1196,#961,.T.);
#1452=EDGE_CURVE('',#1196,#1197,#469,.T.);
#1453=EDGE_CURVE('',#1197,#1198,#470,.T.);
#1454=EDGE_CURVE('',#1198,#1199,#471,.T.);
#1455=EDGE_CURVE('',#1199,#1200,#962,.T.);
#1456=EDGE_CURVE('',#1200,#1201,#963,.T.);
#1457=EDGE_CURVE('',#1201,#1202,#964,.T.);
#1458=EDGE_CURVE('',#1202,#1203,#965,.T.);
#1459=EDGE_CURVE('',#1203,#1204,#966,.T.);
#1460=EDGE_CURVE('',#1204,#1187,#472,.T.);
#1461=EDGE_CURVE('',#1205,#1206,#967,.T.);
#1462=EDGE_CURVE('',#1206,#1207,#473,.T.);
#1463=EDGE_CURVE('',#1207,#1208,#968,.T.);
#1464=EDGE_CURVE('',#1208,#1209,#969,.T.);
#1465=EDGE_CURVE('',#1209,#1210,#970,.T.);
#1466=EDGE_CURVE('',#1210,#1211,#971,.T.);
#1467=EDGE_CURVE('',#1211,#1212,#972,.T.);
#1468=EDGE_CURVE('',#1212,#1213,#973,.T.);
#1469=EDGE_CURVE('',#1213,#1214,#974,.T.);
#1470=EDGE_CURVE('',#1214,#1215,#975,.T.);
#1471=EDGE_CURVE('',#1215,#1216,#474,.T.);
#1472=EDGE_CURVE('',#1216,#1217,#976,.T.);
#1473=EDGE_CURVE('',#1217,#1218,#977,.T.);
#1474=EDGE_CURVE('',#1218,#1219,#978,.T.);
#1475=EDGE_CURVE('',#1219,#1220,#979,.T.);
#1476=EDGE_CURVE('',#1220,#1221,#980,.T.);
#1477=EDGE_CURVE('',#1221,#1222,#981,.T.);
#1478=EDGE_CURVE('',#1222,#1205,#982,.T.);
#1479=EDGE_CURVE('',#1223,#1224,#475,.T.);
#1480=EDGE_CURVE('',#1224,#1225,#476,.T.);
#1481=EDGE_CURVE('',#1225,#1226,#477,.T.);
#1482=EDGE_CURVE('',#1226,#1227,#478,.T.);
#1483=EDGE_CURVE('',#1227,#1228,#479,.T.);
#1484=EDGE_CURVE('',#1228,#1229,#480,.T.);
#1485=EDGE_CURVE('',#1229,#1230,#481,.T.);
#1486=EDGE_CURVE('',#1230,#1231,#482,.T.);
#1487=EDGE_CURVE('',#1231,#1232,#483,.T.);
#1488=EDGE_CURVE('',#1232,#1233,#484,.T.);
#1489=EDGE_CURVE('',#1233,#1234,#485,.T.);
#1490=EDGE_CURVE('',#1234,#1223,#486,.T.);
#1491=EDGE_CURVE('',#1235,#1236,#983,.T.);
#1492=EDGE_CURVE('',#1236,#1237,#984,.T.);
#1493=EDGE_CURVE('',#1237,#1238,#487,.T.);
#1494=EDGE_CURVE('',#1238,#1239,#985,.T.);
#1495=EDGE_CURVE('',#1239,#1240,#986,.T.);
#1496=EDGE_CURVE('',#1240,#1241,#987,.T.);
#1497=EDGE_CURVE('',#1241,#1242,#988,.T.);
#1498=EDGE_CURVE('',#1242,#1243,#989,.T.);
#1499=EDGE_CURVE('',#1243,#1244,#990,.T.);
#1500=EDGE_CURVE('',#1244,#1245,#488,.T.);
#1501=EDGE_CURVE('',#1245,#1246,#991,.T.);
#1502=EDGE_CURVE('',#1246,#1247,#992,.T.);
#1503=EDGE_CURVE('',#1247,#1248,#993,.T.);
#1504=EDGE_CURVE('',#1248,#1249,#994,.T.);
#1505=EDGE_CURVE('',#1249,#1250,#995,.T.);
#1506=EDGE_CURVE('',#1250,#1251,#996,.T.);
#1507=EDGE_CURVE('',#1251,#1252,#997,.T.);
#1508=EDGE_CURVE('',#1252,#1253,#489,.T.);
#1509=EDGE_CURVE('',#1253,#1254,#998,.T.);
#1510=EDGE_CURVE('',#1254,#1255,#999,.T.);
#1511=EDGE_CURVE('',#1255,#1256,#1000,.T.);
#1512=EDGE_CURVE('',#1256,#1257,#1001,.T.);
#1513=EDGE_CURVE('',#1257,#1258,#1002,.T.);
#1514=EDGE_CURVE('',#1258,#1235,#490,.T.);
#1515=EDGE_CURVE('',#1004,#1132,#491,.T.);
#1516=EDGE_CURVE('',#1003,#1131,#492,.T.);
#1517=EDGE_CURVE('',#1010,#1133,#493,.T.);
#1518=EDGE_CURVE('',#1009,#1134,#494,.T.);
#1519=EDGE_CURVE('',#1008,#1135,#495,.T.);
#1520=EDGE_CURVE('',#1007,#1136,#496,.T.);
#1521=EDGE_CURVE('',#1006,#1137,#497,.T.);
#1522=EDGE_CURVE('',#1005,#1138,#498,.T.);
#1523=EDGE_CURVE('',#1147,#1016,#499,.T.);
#1524=EDGE_CURVE('',#1146,#1017,#500,.T.);
#1525=EDGE_CURVE('',#1148,#1015,#501,.T.);
#1526=EDGE_CURVE('',#1149,#1014,#502,.T.);
#1527=EDGE_CURVE('',#1150,#1013,#503,.T.);
#1528=EDGE_CURVE('',#1139,#1012,#504,.T.);
#1529=EDGE_CURVE('',#1140,#1011,#505,.T.);
#1530=EDGE_CURVE('',#1141,#1022,#506,.T.);
#1531=EDGE_CURVE('',#1142,#1021,#507,.T.);
#1532=EDGE_CURVE('',#1143,#1020,#508,.T.);
#1533=EDGE_CURVE('',#1144,#1019,#509,.T.);
#1534=EDGE_CURVE('',#1145,#1018,#510,.T.);
#1535=EDGE_CURVE('',#1162,#1032,#511,.T.);
#1536=EDGE_CURVE('',#1161,#1033,#512,.T.);
#1537=EDGE_CURVE('',#1163,#1031,#513,.T.);
#1538=EDGE_CURVE('',#1164,#1030,#514,.T.);
#1539=EDGE_CURVE('',#1165,#1029,#515,.T.);
#1540=EDGE_CURVE('',#1166,#1028,#516,.T.);
#1541=EDGE_CURVE('',#1167,#1027,#517,.T.);
#1542=EDGE_CURVE('',#1168,#1026,#518,.T.);
#1543=EDGE_CURVE('',#1169,#1025,#519,.T.);
#1544=EDGE_CURVE('',#1151,#1024,#520,.T.);
#1545=EDGE_CURVE('',#1152,#1023,#521,.T.);
#1546=EDGE_CURVE('',#1153,#1041,#522,.T.);
#1547=EDGE_CURVE('',#1154,#1040,#523,.T.);
#1548=EDGE_CURVE('',#1155,#1039,#524,.T.);
#1549=EDGE_CURVE('',#1156,#1038,#525,.T.);
#1550=EDGE_CURVE('',#1157,#1037,#526,.T.);
#1551=EDGE_CURVE('',#1158,#1036,#527,.T.);
#1552=EDGE_CURVE('',#1159,#1035,#528,.T.);
#1553=EDGE_CURVE('',#1160,#1034,#529,.T.);
#1554=EDGE_CURVE('',#1178,#1048,#530,.T.);
#1555=EDGE_CURVE('',#1177,#1049,#531,.T.);
#1556=EDGE_CURVE('',#1179,#1047,#532,.T.);
#1557=EDGE_CURVE('',#1180,#1046,#533,.T.);
#1558=EDGE_CURVE('',#1181,#1045,#534,.T.);
#1559=EDGE_CURVE('',#1182,#1044,#535,.T.);
#1560=EDGE_CURVE('',#1170,#1043,#536,.T.);
#1561=EDGE_CURVE('',#1171,#1042,#537,.T.);
#1562=EDGE_CURVE('',#1172,#1054,#538,.T.);
#1563=EDGE_CURVE('',#1173,#1053,#539,.T.);
#1564=EDGE_CURVE('',#1174,#1052,#540,.T.);
#1565=EDGE_CURVE('',#1175,#1051,#541,.T.);
#1566=EDGE_CURVE('',#1176,#1050,#542,.T.);
#1567=EDGE_CURVE('',#1183,#1056,#543,.T.);
#1568=EDGE_CURVE('',#1186,#1057,#544,.T.);
#1569=EDGE_CURVE('',#1184,#1055,#545,.T.);
#1570=EDGE_CURVE('',#1185,#1058,#546,.T.);
#1571=EDGE_CURVE('',#1198,#1067,#547,.T.);
#1572=EDGE_CURVE('',#1197,#1068,#548,.T.);
#1573=EDGE_CURVE('',#1199,#1066,#549,.T.);
#1574=EDGE_CURVE('',#1200,#1065,#550,.T.);
#1575=EDGE_CURVE('',#1201,#1064,#551,.T.);
#1576=EDGE_CURVE('',#1202,#1063,#552,.T.);
#1577=EDGE_CURVE('',#1203,#1062,#553,.T.);
#1578=EDGE_CURVE('',#1204,#1061,#554,.T.);
#1579=EDGE_CURVE('',#1187,#1060,#555,.T.);
#1580=EDGE_CURVE('',#1188,#1059,#556,.T.);
#1581=EDGE_CURVE('',#1189,#1076,#557,.T.);
#1582=EDGE_CURVE('',#1190,#1075,#558,.T.);
#1583=EDGE_CURVE('',#1191,#1074,#559,.T.);
#1584=EDGE_CURVE('',#1192,#1073,#560,.T.);
#1585=EDGE_CURVE('',#1193,#1072,#561,.T.);
#1586=EDGE_CURVE('',#1194,#1071,#562,.T.);
#1587=EDGE_CURVE('',#1195,#1070,#563,.T.);
#1588=EDGE_CURVE('',#1196,#1069,#564,.T.);
#1589=EDGE_CURVE('',#1216,#1085,#565,.T.);
#1590=EDGE_CURVE('',#1215,#1086,#566,.T.);
#1591=EDGE_CURVE('',#1217,#1084,#567,.T.);
#1592=EDGE_CURVE('',#1218,#1083,#568,.T.);
#1593=EDGE_CURVE('',#1219,#1082,#569,.T.);
#1594=EDGE_CURVE('',#1220,#1081,#570,.T.);
#1595=EDGE_CURVE('',#1221,#1080,#571,.T.);
#1596=EDGE_CURVE('',#1222,#1079,#572,.T.);
#1597=EDGE_CURVE('',#1205,#1078,#573,.T.);
#1598=EDGE_CURVE('',#1206,#1077,#574,.T.);
#1599=EDGE_CURVE('',#1207,#1094,#575,.T.);
#1600=EDGE_CURVE('',#1208,#1093,#576,.T.);
#1601=EDGE_CURVE('',#1209,#1092,#577,.T.);
#1602=EDGE_CURVE('',#1210,#1091,#578,.T.);
#1603=EDGE_CURVE('',#1211,#1090,#579,.T.);
#1604=EDGE_CURVE('',#1212,#1089,#580,.T.);
#1605=EDGE_CURVE('',#1213,#1088,#581,.T.);
#1606=EDGE_CURVE('',#1214,#1087,#582,.T.);
#1607=EDGE_CURVE('',#1231,#1100,#583,.T.);
#1608=EDGE_CURVE('',#1230,#1101,#584,.T.);
#1609=EDGE_CURVE('',#1232,#1099,#585,.T.);
#1610=EDGE_CURVE('',#1233,#1098,#586,.T.);
#1611=EDGE_CURVE('',#1234,#1097,#587,.T.);
#1612=EDGE_CURVE('',#1223,#1096,#588,.T.);
#1613=EDGE_CURVE('',#1224,#1095,#589,.T.);
#1614=EDGE_CURVE('',#1225,#1106,#590,.T.);
#1615=EDGE_CURVE('',#1226,#1105,#591,.T.);
#1616=EDGE_CURVE('',#1227,#1104,#592,.T.);
#1617=EDGE_CURVE('',#1228,#1103,#593,.T.);
#1618=EDGE_CURVE('',#1229,#1102,#594,.T.);
#1619=EDGE_CURVE('',#1249,#1118,#595,.T.);
#1620=EDGE_CURVE('',#1248,#1119,#596,.T.);
#1621=EDGE_CURVE('',#1250,#1117,#597,.T.);
#1622=EDGE_CURVE('',#1251,#1116,#598,.T.);
#1623=EDGE_CURVE('',#1252,#1115,#599,.T.);
#1624=EDGE_CURVE('',#1253,#1114,#600,.T.);
#1625=EDGE_CURVE('',#1254,#1113,#601,.T.);
#1626=EDGE_CURVE('',#1255,#1112,#602,.T.);
#1627=EDGE_CURVE('',#1256,#1111,#603,.T.);
#1628=EDGE_CURVE('',#1257,#1110,#604,.T.);
#1629=EDGE_CURVE('',#1258,#1109,#605,.T.);
#1630=EDGE_CURVE('',#1235,#1108,#606,.T.);
#1631=EDGE_CURVE('',#1236,#1107,#607,.T.);
#1632=EDGE_CURVE('',#1237,#1130,#608,.T.);
#1633=EDGE_CURVE('',#1238,#1129,#609,.T.);
#1634=EDGE_CURVE('',#1239,#1128,#610,.T.);
#1635=EDGE_CURVE('',#1240,#1127,#611,.T.);
#1636=EDGE_CURVE('',#1241,#1126,#612,.T.);
#1637=EDGE_CURVE('',#1242,#1125,#613,.T.);
#1638=EDGE_CURVE('',#1243,#1124,#614,.T.);
#1639=EDGE_CURVE('',#1244,#1123,#615,.T.);
#1640=EDGE_CURVE('',#1245,#1122,#616,.T.);
#1641=EDGE_CURVE('',#1246,#1121,#617,.T.);
#1642=EDGE_CURVE('',#1247,#1120,#618,.T.);
#1643=ORIENTED_EDGE('',*,*,#1259,.F.);
#1644=ORIENTED_EDGE('',*,*,#1260,.T.);
#1645=ORIENTED_EDGE('',*,*,#1261,.F.);
#1646=ORIENTED_EDGE('',*,*,#1262,.T.);
#1647=ORIENTED_EDGE('',*,*,#1263,.F.);
#1648=ORIENTED_EDGE('',*,*,#1264,.T.);
#1649=ORIENTED_EDGE('',*,*,#1265,.F.);
#1650=ORIENTED_EDGE('',*,*,#1266,.T.);
#1651=ORIENTED_EDGE('',*,*,#1267,.T.);
#1652=ORIENTED_EDGE('',*,*,#1268,.T.);
#1653=ORIENTED_EDGE('',*,*,#1269,.T.);
#1654=ORIENTED_EDGE('',*,*,#1270,.T.);
#1655=ORIENTED_EDGE('',*,*,#1271,.T.);
#1656=ORIENTED_EDGE('',*,*,#1272,.T.);
#1657=ORIENTED_EDGE('',*,*,#1273,.T.);
#1658=ORIENTED_EDGE('',*,*,#1274,.T.);
#1659=ORIENTED_EDGE('',*,*,#1275,.T.);
#1660=ORIENTED_EDGE('',*,*,#1276,.T.);
#1661=ORIENTED_EDGE('',*,*,#1277,.T.);
#1662=ORIENTED_EDGE('',*,*,#1278,.T.);
#1663=ORIENTED_EDGE('',*,*,#1279,.T.);
#1664=ORIENTED_EDGE('',*,*,#1280,.T.);
#1665=ORIENTED_EDGE('',*,*,#1281,.T.);
#1666=ORIENTED_EDGE('',*,*,#1282,.T.);
#1667=ORIENTED_EDGE('',*,*,#1283,.T.);
#1668=ORIENTED_EDGE('',*,*,#1284,.T.);
#1669=ORIENTED_EDGE('',*,*,#1285,.T.);
#1670=ORIENTED_EDGE('',*,*,#1286,.T.);
#1671=ORIENTED_EDGE('',*,*,#1287,.T.);
#1672=ORIENTED_EDGE('',*,*,#1288,.T.);
#1673=ORIENTED_EDGE('',*,*,#1289,.T.);
#1674=ORIENTED_EDGE('',*,*,#1290,.T.);
#1675=ORIENTED_EDGE('',*,*,#1291,.T.);
#1676=ORIENTED_EDGE('',*,*,#1292,.T.);
#1677=ORIENTED_EDGE('',*,*,#1293,.T.);
#1678=ORIENTED_EDGE('',*,*,#1294,.T.);
#1679=ORIENTED_EDGE('',*,*,#1295,.T.);
#1680=ORIENTED_EDGE('',*,*,#1296,.T.);
#1681=ORIENTED_EDGE('',*,*,#1297,.T.);
#1682=ORIENTED_EDGE('',*,*,#1298,.T.);
#1683=ORIENTED_EDGE('',*,*,#1299,.T.);
#1684=ORIENTED_EDGE('',*,*,#1300,.T.);
#1685=ORIENTED_EDGE('',*,*,#1301,.T.);
#1686=ORIENTED_EDGE('',*,*,#1302,.T.);
#1687=ORIENTED_EDGE('',*,*,#1303,.T.);
#1688=ORIENTED_EDGE('',*,*,#1304,.T.);
#1689=ORIENTED_EDGE('',*,*,#1305,.T.);
#1690=ORIENTED_EDGE('',*,*,#1306,.T.);
#1691=ORIENTED_EDGE('',*,*,#1307,.T.);
#1692=ORIENTED_EDGE('',*,*,#1308,.T.);
#1693=ORIENTED_EDGE('',*,*,#1309,.T.);
#1694=ORIENTED_EDGE('',*,*,#1310,.T.);
#1695=ORIENTED_EDGE('',*,*,#1311,.T.);
#1696=ORIENTED_EDGE('',*,*,#1312,.T.);
#1697=ORIENTED_EDGE('',*,*,#1313,.T.);
#1698=ORIENTED_EDGE('',*,*,#1314,.T.);
#1699=ORIENTED_EDGE('',*,*,#1315,.T.);
#1700=ORIENTED_EDGE('',*,*,#1316,.T.);
#1701=ORIENTED_EDGE('',*,*,#1317,.T.);
#1702=ORIENTED_EDGE('',*,*,#1318,.T.);
#1703=ORIENTED_EDGE('',*,*,#1319,.T.);
#1704=ORIENTED_EDGE('',*,*,#1320,.T.);
#1705=ORIENTED_EDGE('',*,*,#1321,.T.);
#1706=ORIENTED_EDGE('',*,*,#1322,.T.);
#1707=ORIENTED_EDGE('',*,*,#1323,.T.);
#1708=ORIENTED_EDGE('',*,*,#1324,.T.);
#1709=ORIENTED_EDGE('',*,*,#1325,.T.);
#1710=ORIENTED_EDGE('',*,*,#1326,.T.);
#1711=ORIENTED_EDGE('',*,*,#1327,.T.);
#1712=ORIENTED_EDGE('',*,*,#1328,.T.);
#1713=ORIENTED_EDGE('',*,*,#1329,.T.);
#1714=ORIENTED_EDGE('',*,*,#1330,.T.);
#1715=ORIENTED_EDGE('',*,*,#1331,.T.);
#1716=ORIENTED_EDGE('',*,*,#1332,.T.);
#1717=ORIENTED_EDGE('',*,*,#1333,.T.);
#1718=ORIENTED_EDGE('',*,*,#1334,.T.);
#1719=ORIENTED_EDGE('',*,*,#1335,.T.);
#1720=ORIENTED_EDGE('',*,*,#1336,.T.);
#1721=ORIENTED_EDGE('',*,*,#1337,.T.);
#1722=ORIENTED_EDGE('',*,*,#1338,.T.);
#1723=ORIENTED_EDGE('',*,*,#1339,.T.);
#1724=ORIENTED_EDGE('',*,*,#1340,.T.);
#1725=ORIENTED_EDGE('',*,*,#1341,.T.);
#1726=ORIENTED_EDGE('',*,*,#1342,.T.);
#1727=ORIENTED_EDGE('',*,*,#1343,.T.);
#1728=ORIENTED_EDGE('',*,*,#1344,.T.);
#1729=ORIENTED_EDGE('',*,*,#1345,.T.);
#1730=ORIENTED_EDGE('',*,*,#1346,.T.);
#1731=ORIENTED_EDGE('',*,*,#1347,.T.);
#1732=ORIENTED_EDGE('',*,*,#1348,.T.);
#1733=ORIENTED_EDGE('',*,*,#1349,.T.);
#1734=ORIENTED_EDGE('',*,*,#1350,.T.);
#1735=ORIENTED_EDGE('',*,*,#1351,.T.);
#1736=ORIENTED_EDGE('',*,*,#1352,.T.);
#1737=ORIENTED_EDGE('',*,*,#1353,.T.);
#1738=ORIENTED_EDGE('',*,*,#1354,.T.);
#1739=ORIENTED_EDGE('',*,*,#1355,.T.);
#1740=ORIENTED_EDGE('',*,*,#1356,.T.);
#1741=ORIENTED_EDGE('',*,*,#1357,.T.);
#1742=ORIENTED_EDGE('',*,*,#1358,.T.);
#1743=ORIENTED_EDGE('',*,*,#1359,.T.);
#1744=ORIENTED_EDGE('',*,*,#1360,.T.);
#1745=ORIENTED_EDGE('',*,*,#1361,.T.);
#1746=ORIENTED_EDGE('',*,*,#1362,.T.);
#1747=ORIENTED_EDGE('',*,*,#1363,.T.);
#1748=ORIENTED_EDGE('',*,*,#1364,.T.);
#1749=ORIENTED_EDGE('',*,*,#1365,.T.);
#1750=ORIENTED_EDGE('',*,*,#1366,.T.);
#1751=ORIENTED_EDGE('',*,*,#1367,.T.);
#1752=ORIENTED_EDGE('',*,*,#1368,.T.);
#1753=ORIENTED_EDGE('',*,*,#1369,.T.);
#1754=ORIENTED_EDGE('',*,*,#1370,.T.);
#1755=ORIENTED_EDGE('',*,*,#1371,.T.);
#1756=ORIENTED_EDGE('',*,*,#1372,.T.);
#1757=ORIENTED_EDGE('',*,*,#1373,.T.);
#1758=ORIENTED_EDGE('',*,*,#1374,.T.);
#1759=ORIENTED_EDGE('',*,*,#1375,.T.);
#1760=ORIENTED_EDGE('',*,*,#1376,.T.);
#1761=ORIENTED_EDGE('',*,*,#1377,.T.);
#1762=ORIENTED_EDGE('',*,*,#1378,.T.);
#1763=ORIENTED_EDGE('',*,*,#1379,.T.);
#1764=ORIENTED_EDGE('',*,*,#1380,.T.);
#1765=ORIENTED_EDGE('',*,*,#1381,.T.);
#1766=ORIENTED_EDGE('',*,*,#1382,.T.);
#1767=ORIENTED_EDGE('',*,*,#1383,.T.);
#1768=ORIENTED_EDGE('',*,*,#1384,.T.);
#1769=ORIENTED_EDGE('',*,*,#1385,.T.);
#1770=ORIENTED_EDGE('',*,*,#1386,.T.);
#1771=ORIENTED_EDGE('',*,*,#1387,.T.);
#1772=ORIENTED_EDGE('',*,*,#1388,.T.);
#1773=ORIENTED_EDGE('',*,*,#1389,.T.);
#1774=ORIENTED_EDGE('',*,*,#1390,.T.);
#1775=ORIENTED_EDGE('',*,*,#1391,.T.);
#1776=ORIENTED_EDGE('',*,*,#1392,.T.);
#1777=ORIENTED_EDGE('',*,*,#1393,.T.);
#1778=ORIENTED_EDGE('',*,*,#1394,.T.);
#1779=ORIENTED_EDGE('',*,*,#1395,.T.);
#1780=ORIENTED_EDGE('',*,*,#1396,.T.);
#1781=ORIENTED_EDGE('',*,*,#1397,.T.);
#1782=ORIENTED_EDGE('',*,*,#1398,.T.);
#1783=ORIENTED_EDGE('',*,*,#1399,.T.);
#1784=ORIENTED_EDGE('',*,*,#1400,.T.);
#1785=ORIENTED_EDGE('',*,*,#1401,.T.);
#1786=ORIENTED_EDGE('',*,*,#1402,.T.);
#1787=ORIENTED_EDGE('',*,*,#1403,.T.);
#1788=ORIENTED_EDGE('',*,*,#1404,.T.);
#1789=ORIENTED_EDGE('',*,*,#1405,.T.);
#1790=ORIENTED_EDGE('',*,*,#1406,.T.);
#1791=ORIENTED_EDGE('',*,*,#1407,.T.);
#1792=ORIENTED_EDGE('',*,*,#1408,.T.);
#1793=ORIENTED_EDGE('',*,*,#1409,.T.);
#1794=ORIENTED_EDGE('',*,*,#1410,.T.);
#1795=ORIENTED_EDGE('',*,*,#1411,.T.);
#1796=ORIENTED_EDGE('',*,*,#1412,.T.);
#1797=ORIENTED_EDGE('',*,*,#1413,.T.);
#1798=ORIENTED_EDGE('',*,*,#1414,.T.);
#1799=ORIENTED_EDGE('',*,*,#1415,.T.);
#1800=ORIENTED_EDGE('',*,*,#1416,.T.);
#1801=ORIENTED_EDGE('',*,*,#1417,.T.);
#1802=ORIENTED_EDGE('',*,*,#1418,.T.);
#1803=ORIENTED_EDGE('',*,*,#1419,.T.);
#1804=ORIENTED_EDGE('',*,*,#1420,.T.);
#1805=ORIENTED_EDGE('',*,*,#1421,.T.);
#1806=ORIENTED_EDGE('',*,*,#1422,.T.);
#1807=ORIENTED_EDGE('',*,*,#1423,.T.);
#1808=ORIENTED_EDGE('',*,*,#1424,.T.);
#1809=ORIENTED_EDGE('',*,*,#1425,.T.);
#1810=ORIENTED_EDGE('',*,*,#1426,.T.);
#1811=ORIENTED_EDGE('',*,*,#1427,.T.);
#1812=ORIENTED_EDGE('',*,*,#1428,.T.);
#1813=ORIENTED_EDGE('',*,*,#1429,.T.);
#1814=ORIENTED_EDGE('',*,*,#1430,.T.);
#1815=ORIENTED_EDGE('',*,*,#1431,.T.);
#1816=ORIENTED_EDGE('',*,*,#1432,.T.);
#1817=ORIENTED_EDGE('',*,*,#1433,.T.);
#1818=ORIENTED_EDGE('',*,*,#1434,.T.);
#1819=ORIENTED_EDGE('',*,*,#1435,.T.);
#1820=ORIENTED_EDGE('',*,*,#1436,.T.);
#1821=ORIENTED_EDGE('',*,*,#1437,.T.);
#1822=ORIENTED_EDGE('',*,*,#1438,.T.);
#1823=ORIENTED_EDGE('',*,*,#1439,.T.);
#1824=ORIENTED_EDGE('',*,*,#1440,.T.);
#1825=ORIENTED_EDGE('',*,*,#1441,.T.);
#1826=ORIENTED_EDGE('',*,*,#1442,.T.);
#1827=ORIENTED_EDGE('',*,*,#1443,.T.);
#1828=ORIENTED_EDGE('',*,*,#1444,.T.);
#1829=ORIENTED_EDGE('',*,*,#1445,.T.);
#1830=ORIENTED_EDGE('',*,*,#1446,.T.);
#1831=ORIENTED_EDGE('',*,*,#1447,.T.);
#1832=ORIENTED_EDGE('',*,*,#1448,.T.);
#1833=ORIENTED_EDGE('',*,*,#1449,.T.);
#1834=ORIENTED_EDGE('',*,*,#1450,.T.);
#1835=ORIENTED_EDGE('',*,*,#1451,.T.);
#1836=ORIENTED_EDGE('',*,*,#1452,.T.);
#1837=ORIENTED_EDGE('',*,*,#1453,.T.);
#1838=ORIENTED_EDGE('',*,*,#1454,.T.);
#1839=ORIENTED_EDGE('',*,*,#1455,.T.);
#1840=ORIENTED_EDGE('',*,*,#1456,.T.);
#1841=ORIENTED_EDGE('',*,*,#1457,.T.);
#1842=ORIENTED_EDGE('',*,*,#1458,.T.);
#1843=ORIENTED_EDGE('',*,*,#1459,.T.);
#1844=ORIENTED_EDGE('',*,*,#1460,.T.);
#1845=ORIENTED_EDGE('',*,*,#1461,.T.);
#1846=ORIENTED_EDGE('',*,*,#1462,.T.);
#1847=ORIENTED_EDGE('',*,*,#1463,.T.);
#1848=ORIENTED_EDGE('',*,*,#1464,.T.);
#1849=ORIENTED_EDGE('',*,*,#1465,.T.);
#1850=ORIENTED_EDGE('',*,*,#1466,.T.);
#1851=ORIENTED_EDGE('',*,*,#1467,.T.);
#1852=ORIENTED_EDGE('',*,*,#1468,.T.);
#1853=ORIENTED_EDGE('',*,*,#1469,.T.);
#1854=ORIENTED_EDGE('',*,*,#1470,.T.);
#1855=ORIENTED_EDGE('',*,*,#1471,.T.);
#1856=ORIENTED_EDGE('',*,*,#1472,.T.);
#1857=ORIENTED_EDGE('',*,*,#1473,.T.);
#1858=ORIENTED_EDGE('',*,*,#1474,.T.);
#1859=ORIENTED_EDGE('',*,*,#1475,.T.);
#1860=ORIENTED_EDGE('',*,*,#1476,.T.);
#1861=ORIENTED_EDGE('',*,*,#1477,.T.);
#1862=ORIENTED_EDGE('',*,*,#1478,.T.);
#1863=ORIENTED_EDGE('',*,*,#1479,.T.);
#1864=ORIENTED_EDGE('',*,*,#1480,.T.);
#1865=ORIENTED_EDGE('',*,*,#1481,.T.);
#1866=ORIENTED_EDGE('',*,*,#1482,.T.);
#1867=ORIENTED_EDGE('',*,*,#1483,.T.);
#1868=ORIENTED_EDGE('',*,*,#1484,.T.);
#1869=ORIENTED_EDGE('',*,*,#1485,.T.);
#1870=ORIENTED_EDGE('',*,*,#1486,.T.);
#1871=ORIENTED_EDGE('',*,*,#1487,.T.);
#1872=ORIENTED_EDGE('',*,*,#1488,.T.);
#1873=ORIENTED_EDGE('',*,*,#1489,.T.);
#1874=ORIENTED_EDGE('',*,*,#1490,.T.);
#1875=ORIENTED_EDGE('',*,*,#1491,.T.);
#1876=ORIENTED_EDGE('',*,*,#1492,.T.);
#1877=ORIENTED_EDGE('',*,*,#1493,.T.);
#1878=ORIENTED_EDGE('',*,*,#1494,.T.);
#1879=ORIENTED_EDGE('',*,*,#1495,.T.);
#1880=ORIENTED_EDGE('',*,*,#1496,.T.);
#1881=ORIENTED_EDGE('',*,*,#1497,.T.);
#1882=ORIENTED_EDGE('',*,*,#1498,.T.);
#1883=ORIENTED_EDGE('',*,*,#1499,.T.);
#1884=ORIENTED_EDGE('',*,*,#1500,.T.);
#1885=ORIENTED_EDGE('',*,*,#1501,.T.);
#1886=ORIENTED_EDGE('',*,*,#1502,.T.);
#1887=ORIENTED_EDGE('',*,*,#1503,.T.);
#1888=ORIENTED_EDGE('',*,*,#1504,.T.);
#1889=ORIENTED_EDGE('',*,*,#1505,.T.);
#1890=ORIENTED_EDGE('',*,*,#1506,.T.);
#1891=ORIENTED_EDGE('',*,*,#1507,.T.);
#1892=ORIENTED_EDGE('',*,*,#1508,.T.);
#1893=ORIENTED_EDGE('',*,*,#1509,.T.);
#1894=ORIENTED_EDGE('',*,*,#1510,.T.);
#1895=ORIENTED_EDGE('',*,*,#1511,.T.);
#1896=ORIENTED_EDGE('',*,*,#1512,.T.);
#1897=ORIENTED_EDGE('',*,*,#1513,.T.);
#1898=ORIENTED_EDGE('',*,*,#1514,.T.);
#1899=ORIENTED_EDGE('',*,*,#1259,.T.);
#1900=ORIENTED_EDGE('',*,*,#1515,.T.);
#1901=ORIENTED_EDGE('',*,*,#1387,.F.);
#1902=ORIENTED_EDGE('',*,*,#1516,.F.);
#1903=ORIENTED_EDGE('',*,*,#1266,.F.);
#1904=ORIENTED_EDGE('',*,*,#1517,.T.);
#1905=ORIENTED_EDGE('',*,*,#1388,.F.);
#1906=ORIENTED_EDGE('',*,*,#1515,.F.);
#1907=ORIENTED_EDGE('',*,*,#1265,.T.);
#1908=ORIENTED_EDGE('',*,*,#1518,.T.);
#1909=ORIENTED_EDGE('',*,*,#1389,.F.);
#1910=ORIENTED_EDGE('',*,*,#1517,.F.);
#1911=ORIENTED_EDGE('',*,*,#1264,.F.);
#1912=ORIENTED_EDGE('',*,*,#1519,.T.);
#1913=ORIENTED_EDGE('',*,*,#1390,.F.);
#1914=ORIENTED_EDGE('',*,*,#1518,.F.);
#1915=ORIENTED_EDGE('',*,*,#1263,.T.);
#1916=ORIENTED_EDGE('',*,*,#1520,.T.);
#1917=ORIENTED_EDGE('',*,*,#1391,.F.);
#1918=ORIENTED_EDGE('',*,*,#1519,.F.);
#1919=ORIENTED_EDGE('',*,*,#1262,.F.);
#1920=ORIENTED_EDGE('',*,*,#1521,.T.);
#1921=ORIENTED_EDGE('',*,*,#1392,.F.);
#1922=ORIENTED_EDGE('',*,*,#1520,.F.);
#1923=ORIENTED_EDGE('',*,*,#1261,.T.);
#1924=ORIENTED_EDGE('',*,*,#1522,.T.);
#1925=ORIENTED_EDGE('',*,*,#1393,.F.);
#1926=ORIENTED_EDGE('',*,*,#1521,.F.);
#1927=ORIENTED_EDGE('',*,*,#1260,.F.);
#1928=ORIENTED_EDGE('',*,*,#1516,.T.);
#1929=ORIENTED_EDGE('',*,*,#1394,.F.);
#1930=ORIENTED_EDGE('',*,*,#1522,.F.);
#1931=ORIENTED_EDGE('',*,*,#1272,.F.);
#1932=ORIENTED_EDGE('',*,*,#1523,.F.);
#1933=ORIENTED_EDGE('',*,*,#1402,.F.);
#1934=ORIENTED_EDGE('',*,*,#1524,.T.);
#1935=ORIENTED_EDGE('',*,*,#1271,.F.);
#1936=ORIENTED_EDGE('',*,*,#1525,.F.);
#1937=ORIENTED_EDGE('',*,*,#1403,.F.);
#1938=ORIENTED_EDGE('',*,*,#1523,.T.);
#1939=ORIENTED_EDGE('',*,*,#1270,.F.);
#1940=ORIENTED_EDGE('',*,*,#1526,.F.);
#1941=ORIENTED_EDGE('',*,*,#1404,.F.);
#1942=ORIENTED_EDGE('',*,*,#1525,.T.);
#1943=ORIENTED_EDGE('',*,*,#1269,.F.);
#1944=ORIENTED_EDGE('',*,*,#1527,.F.);
#1945=ORIENTED_EDGE('',*,*,#1405,.F.);
#1946=ORIENTED_EDGE('',*,*,#1526,.T.);
#1947=ORIENTED_EDGE('',*,*,#1268,.F.);
#1948=ORIENTED_EDGE('',*,*,#1528,.F.);
#1949=ORIENTED_EDGE('',*,*,#1406,.F.);
#1950=ORIENTED_EDGE('',*,*,#1527,.T.);
#1951=ORIENTED_EDGE('',*,*,#1267,.F.);
#1952=ORIENTED_EDGE('',*,*,#1529,.F.);
#1953=ORIENTED_EDGE('',*,*,#1395,.F.);
#1954=ORIENTED_EDGE('',*,*,#1528,.T.);
#1955=ORIENTED_EDGE('',*,*,#1278,.F.);
#1956=ORIENTED_EDGE('',*,*,#1530,.F.);
#1957=ORIENTED_EDGE('',*,*,#1396,.F.);
#1958=ORIENTED_EDGE('',*,*,#1529,.T.);
#1959=ORIENTED_EDGE('',*,*,#1277,.F.);
#1960=ORIENTED_EDGE('',*,*,#1531,.F.);
#1961=ORIENTED_EDGE('',*,*,#1397,.F.);
#1962=ORIENTED_EDGE('',*,*,#1530,.T.);
#1963=ORIENTED_EDGE('',*,*,#1276,.F.);
#1964=ORIENTED_EDGE('',*,*,#1532,.F.);
#1965=ORIENTED_EDGE('',*,*,#1398,.F.);
#1966=ORIENTED_EDGE('',*,*,#1531,.T.);
#1967=ORIENTED_EDGE('',*,*,#1275,.F.);
#1968=ORIENTED_EDGE('',*,*,#1533,.F.);
#1969=ORIENTED_EDGE('',*,*,#1399,.F.);
#1970=ORIENTED_EDGE('',*,*,#1532,.T.);
#1971=ORIENTED_EDGE('',*,*,#1274,.F.);
#1972=ORIENTED_EDGE('',*,*,#1534,.F.);
#1973=ORIENTED_EDGE('',*,*,#1400,.F.);
#1974=ORIENTED_EDGE('',*,*,#1533,.T.);
#1975=ORIENTED_EDGE('',*,*,#1273,.F.);
#1976=ORIENTED_EDGE('',*,*,#1524,.F.);
#1977=ORIENTED_EDGE('',*,*,#1401,.F.);
#1978=ORIENTED_EDGE('',*,*,#1534,.T.);
#1979=ORIENTED_EDGE('',*,*,#1288,.F.);
#1980=ORIENTED_EDGE('',*,*,#1535,.F.);
#1981=ORIENTED_EDGE('',*,*,#1417,.F.);
#1982=ORIENTED_EDGE('',*,*,#1536,.T.);
#1983=ORIENTED_EDGE('',*,*,#1287,.F.);
#1984=ORIENTED_EDGE('',*,*,#1537,.F.);
#1985=ORIENTED_EDGE('',*,*,#1418,.F.);
#1986=ORIENTED_EDGE('',*,*,#1535,.T.);
#1987=ORIENTED_EDGE('',*,*,#1286,.F.);
#1988=ORIENTED_EDGE('',*,*,#1538,.F.);
#1989=ORIENTED_EDGE('',*,*,#1419,.F.);
#1990=ORIENTED_EDGE('',*,*,#1537,.T.);
#1991=ORIENTED_EDGE('',*,*,#1285,.F.);
#1992=ORIENTED_EDGE('',*,*,#1539,.F.);
#1993=ORIENTED_EDGE('',*,*,#1420,.F.);
#1994=ORIENTED_EDGE('',*,*,#1538,.T.);
#1995=ORIENTED_EDGE('',*,*,#1284,.F.);
#1996=ORIENTED_EDGE('',*,*,#1540,.F.);
#1997=ORIENTED_EDGE('',*,*,#1421,.F.);
#1998=ORIENTED_EDGE('',*,*,#1539,.T.);
#1999=ORIENTED_EDGE('',*,*,#1283,.F.);
#2000=ORIENTED_EDGE('',*,*,#1541,.F.);
#2001=ORIENTED_EDGE('',*,*,#1422,.F.);
#2002=ORIENTED_EDGE('',*,*,#1540,.T.);
#2003=ORIENTED_EDGE('',*,*,#1282,.F.);
#2004=ORIENTED_EDGE('',*,*,#1542,.F.);
#2005=ORIENTED_EDGE('',*,*,#1423,.F.);
#2006=ORIENTED_EDGE('',*,*,#1541,.T.);
#2007=ORIENTED_EDGE('',*,*,#1281,.F.);
#2008=ORIENTED_EDGE('',*,*,#1543,.F.);
#2009=ORIENTED_EDGE('',*,*,#1424,.F.);
#2010=ORIENTED_EDGE('',*,*,#1542,.T.);
#2011=ORIENTED_EDGE('',*,*,#1280,.F.);
#2012=ORIENTED_EDGE('',*,*,#1544,.F.);
#2013=ORIENTED_EDGE('',*,*,#1425,.F.);
#2014=ORIENTED_EDGE('',*,*,#1543,.T.);
#2015=ORIENTED_EDGE('',*,*,#1279,.F.);
#2016=ORIENTED_EDGE('',*,*,#1545,.F.);
#2017=ORIENTED_EDGE('',*,*,#1407,.F.);
#2018=ORIENTED_EDGE('',*,*,#1544,.T.);
#2019=ORIENTED_EDGE('',*,*,#1297,.F.);
#2020=ORIENTED_EDGE('',*,*,#1546,.F.);
#2021=ORIENTED_EDGE('',*,*,#1408,.F.);
#2022=ORIENTED_EDGE('',*,*,#1545,.T.);
#2023=ORIENTED_EDGE('',*,*,#1296,.F.);
#2024=ORIENTED_EDGE('',*,*,#1547,.F.);
#2025=ORIENTED_EDGE('',*,*,#1409,.F.);
#2026=ORIENTED_EDGE('',*,*,#1546,.T.);
#2027=ORIENTED_EDGE('',*,*,#1295,.F.);
#2028=ORIENTED_EDGE('',*,*,#1548,.F.);
#2029=ORIENTED_EDGE('',*,*,#1410,.F.);
#2030=ORIENTED_EDGE('',*,*,#1547,.T.);
#2031=ORIENTED_EDGE('',*,*,#1294,.F.);
#2032=ORIENTED_EDGE('',*,*,#1549,.F.);
#2033=ORIENTED_EDGE('',*,*,#1411,.F.);
#2034=ORIENTED_EDGE('',*,*,#1548,.T.);
#2035=ORIENTED_EDGE('',*,*,#1293,.F.);
#2036=ORIENTED_EDGE('',*,*,#1550,.F.);
#2037=ORIENTED_EDGE('',*,*,#1412,.F.);
#2038=ORIENTED_EDGE('',*,*,#1549,.T.);
#2039=ORIENTED_EDGE('',*,*,#1292,.F.);
#2040=ORIENTED_EDGE('',*,*,#1551,.F.);
#2041=ORIENTED_EDGE('',*,*,#1413,.F.);
#2042=ORIENTED_EDGE('',*,*,#1550,.T.);
#2043=ORIENTED_EDGE('',*,*,#1291,.F.);
#2044=ORIENTED_EDGE('',*,*,#1552,.F.);
#2045=ORIENTED_EDGE('',*,*,#1414,.F.);
#2046=ORIENTED_EDGE('',*,*,#1551,.T.);
#2047=ORIENTED_EDGE('',*,*,#1290,.F.);
#2048=ORIENTED_EDGE('',*,*,#1553,.F.);
#2049=ORIENTED_EDGE('',*,*,#1415,.F.);
#2050=ORIENTED_EDGE('',*,*,#1552,.T.);
#2051=ORIENTED_EDGE('',*,*,#1289,.F.);
#2052=ORIENTED_EDGE('',*,*,#1536,.F.);
#2053=ORIENTED_EDGE('',*,*,#1416,.F.);
#2054=ORIENTED_EDGE('',*,*,#1553,.T.);
#2055=ORIENTED_EDGE('',*,*,#1304,.F.);
#2056=ORIENTED_EDGE('',*,*,#1554,.F.);
#2057=ORIENTED_EDGE('',*,*,#1433,.F.);
#2058=ORIENTED_EDGE('',*,*,#1555,.T.);
#2059=ORIENTED_EDGE('',*,*,#1303,.F.);
#2060=ORIENTED_EDGE('',*,*,#1556,.F.);
#2061=ORIENTED_EDGE('',*,*,#1434,.F.);
#2062=ORIENTED_EDGE('',*,*,#1554,.T.);
#2063=ORIENTED_EDGE('',*,*,#1302,.F.);
#2064=ORIENTED_EDGE('',*,*,#1557,.F.);
#2065=ORIENTED_EDGE('',*,*,#1435,.F.);
#2066=ORIENTED_EDGE('',*,*,#1556,.T.);
#2067=ORIENTED_EDGE('',*,*,#1301,.F.);
#2068=ORIENTED_EDGE('',*,*,#1558,.F.);
#2069=ORIENTED_EDGE('',*,*,#1436,.F.);
#2070=ORIENTED_EDGE('',*,*,#1557,.T.);
#2071=ORIENTED_EDGE('',*,*,#1300,.F.);
#2072=ORIENTED_EDGE('',*,*,#1559,.F.);
#2073=ORIENTED_EDGE('',*,*,#1437,.F.);
#2074=ORIENTED_EDGE('',*,*,#1558,.T.);
#2075=ORIENTED_EDGE('',*,*,#1299,.F.);
#2076=ORIENTED_EDGE('',*,*,#1560,.F.);
#2077=ORIENTED_EDGE('',*,*,#1438,.F.);
#2078=ORIENTED_EDGE('',*,*,#1559,.T.);
#2079=ORIENTED_EDGE('',*,*,#1298,.F.);
#2080=ORIENTED_EDGE('',*,*,#1561,.F.);
#2081=ORIENTED_EDGE('',*,*,#1426,.F.);
#2082=ORIENTED_EDGE('',*,*,#1560,.T.);
#2083=ORIENTED_EDGE('',*,*,#1310,.F.);
#2084=ORIENTED_EDGE('',*,*,#1562,.F.);
#2085=ORIENTED_EDGE('',*,*,#1427,.F.);
#2086=ORIENTED_EDGE('',*,*,#1561,.T.);
#2087=ORIENTED_EDGE('',*,*,#1309,.F.);
#2088=ORIENTED_EDGE('',*,*,#1563,.F.);
#2089=ORIENTED_EDGE('',*,*,#1428,.F.);
#2090=ORIENTED_EDGE('',*,*,#1562,.T.);
#2091=ORIENTED_EDGE('',*,*,#1308,.F.);
#2092=ORIENTED_EDGE('',*,*,#1564,.F.);
#2093=ORIENTED_EDGE('',*,*,#1429,.F.);
#2094=ORIENTED_EDGE('',*,*,#1563,.T.);
#2095=ORIENTED_EDGE('',*,*,#1307,.F.);
#2096=ORIENTED_EDGE('',*,*,#1565,.F.);
#2097=ORIENTED_EDGE('',*,*,#1430,.F.);
#2098=ORIENTED_EDGE('',*,*,#1564,.T.);
#2099=ORIENTED_EDGE('',*,*,#1306,.F.);
#2100=ORIENTED_EDGE('',*,*,#1566,.F.);
#2101=ORIENTED_EDGE('',*,*,#1431,.F.);
#2102=ORIENTED_EDGE('',*,*,#1565,.T.);
#2103=ORIENTED_EDGE('',*,*,#1305,.F.);
#2104=ORIENTED_EDGE('',*,*,#1555,.F.);
#2105=ORIENTED_EDGE('',*,*,#1432,.F.);
#2106=ORIENTED_EDGE('',*,*,#1566,.T.);
#2107=ORIENTED_EDGE('',*,*,#1312,.F.);
#2108=ORIENTED_EDGE('',*,*,#1567,.F.);
#2109=ORIENTED_EDGE('',*,*,#1442,.F.);
#2110=ORIENTED_EDGE('',*,*,#1568,.T.);
#2111=ORIENTED_EDGE('',*,*,#1311,.F.);
#2112=ORIENTED_EDGE('',*,*,#1569,.F.);
#2113=ORIENTED_EDGE('',*,*,#1439,.F.);
#2114=ORIENTED_EDGE('',*,*,#1567,.T.);
#2115=ORIENTED_EDGE('',*,*,#1314,.F.);
#2116=ORIENTED_EDGE('',*,*,#1570,.F.);
#2117=ORIENTED_EDGE('',*,*,#1440,.F.);
#2118=ORIENTED_EDGE('',*,*,#1569,.T.);
#2119=ORIENTED_EDGE('',*,*,#1313,.F.);
#2120=ORIENTED_EDGE('',*,*,#1568,.F.);
#2121=ORIENTED_EDGE('',*,*,#1441,.F.);
#2122=ORIENTED_EDGE('',*,*,#1570,.T.);
#2123=ORIENTED_EDGE('',*,*,#1323,.F.);
#2124=ORIENTED_EDGE('',*,*,#1571,.F.);
#2125=ORIENTED_EDGE('',*,*,#1453,.F.);
#2126=ORIENTED_EDGE('',*,*,#1572,.T.);
#2127=ORIENTED_EDGE('',*,*,#1322,.F.);
#2128=ORIENTED_EDGE('',*,*,#1573,.F.);
#2129=ORIENTED_EDGE('',*,*,#1454,.F.);
#2130=ORIENTED_EDGE('',*,*,#1571,.T.);
#2131=ORIENTED_EDGE('',*,*,#1321,.F.);
#2132=ORIENTED_EDGE('',*,*,#1574,.F.);
#2133=ORIENTED_EDGE('',*,*,#1455,.F.);
#2134=ORIENTED_EDGE('',*,*,#1573,.T.);
#2135=ORIENTED_EDGE('',*,*,#1320,.F.);
#2136=ORIENTED_EDGE('',*,*,#1575,.F.);
#2137=ORIENTED_EDGE('',*,*,#1456,.F.);
#2138=ORIENTED_EDGE('',*,*,#1574,.T.);
#2139=ORIENTED_EDGE('',*,*,#1319,.F.);
#2140=ORIENTED_EDGE('',*,*,#1576,.F.);
#2141=ORIENTED_EDGE('',*,*,#1457,.F.);
#2142=ORIENTED_EDGE('',*,*,#1575,.T.);
#2143=ORIENTED_EDGE('',*,*,#1318,.F.);
#2144=ORIENTED_EDGE('',*,*,#1577,.F.);
#2145=ORIENTED_EDGE('',*,*,#1458,.F.);
#2146=ORIENTED_EDGE('',*,*,#1576,.T.);
#2147=ORIENTED_EDGE('',*,*,#1317,.F.);
#2148=ORIENTED_EDGE('',*,*,#1578,.F.);
#2149=ORIENTED_EDGE('',*,*,#1459,.F.);
#2150=ORIENTED_EDGE('',*,*,#1577,.T.);
#2151=ORIENTED_EDGE('',*,*,#1316,.F.);
#2152=ORIENTED_EDGE('',*,*,#1579,.F.);
#2153=ORIENTED_EDGE('',*,*,#1460,.F.);
#2154=ORIENTED_EDGE('',*,*,#1578,.T.);
#2155=ORIENTED_EDGE('',*,*,#1315,.F.);
#2156=ORIENTED_EDGE('',*,*,#1580,.F.);
#2157=ORIENTED_EDGE('',*,*,#1443,.F.);
#2158=ORIENTED_EDGE('',*,*,#1579,.T.);
#2159=ORIENTED_EDGE('',*,*,#1332,.F.);
#2160=ORIENTED_EDGE('',*,*,#1581,.F.);
#2161=ORIENTED_EDGE('',*,*,#1444,.F.);
#2162=ORIENTED_EDGE('',*,*,#1580,.T.);
#2163=ORIENTED_EDGE('',*,*,#1331,.F.);
#2164=ORIENTED_EDGE('',*,*,#1582,.F.);
#2165=ORIENTED_EDGE('',*,*,#1445,.F.);
#2166=ORIENTED_EDGE('',*,*,#1581,.T.);
#2167=ORIENTED_EDGE('',*,*,#1330,.F.);
#2168=ORIENTED_EDGE('',*,*,#1583,.F.);
#2169=ORIENTED_EDGE('',*,*,#1446,.F.);
#2170=ORIENTED_EDGE('',*,*,#1582,.T.);
#2171=ORIENTED_EDGE('',*,*,#1329,.F.);
#2172=ORIENTED_EDGE('',*,*,#1584,.F.);
#2173=ORIENTED_EDGE('',*,*,#1447,.F.);
#2174=ORIENTED_EDGE('',*,*,#1583,.T.);
#2175=ORIENTED_EDGE('',*,*,#1328,.F.);
#2176=ORIENTED_EDGE('',*,*,#1585,.F.);
#2177=ORIENTED_EDGE('',*,*,#1448,.F.);
#2178=ORIENTED_EDGE('',*,*,#1584,.T.);
#2179=ORIENTED_EDGE('',*,*,#1327,.F.);
#2180=ORIENTED_EDGE('',*,*,#1586,.F.);
#2181=ORIENTED_EDGE('',*,*,#1449,.F.);
#2182=ORIENTED_EDGE('',*,*,#1585,.T.);
#2183=ORIENTED_EDGE('',*,*,#1326,.F.);
#2184=ORIENTED_EDGE('',*,*,#1587,.F.);
#2185=ORIENTED_EDGE('',*,*,#1450,.F.);
#2186=ORIENTED_EDGE('',*,*,#1586,.T.);
#2187=ORIENTED_EDGE('',*,*,#1325,.F.);
#2188=ORIENTED_EDGE('',*,*,#1588,.F.);
#2189=ORIENTED_EDGE('',*,*,#1451,.F.);
#2190=ORIENTED_EDGE('',*,*,#1587,.T.);
#2191=ORIENTED_EDGE('',*,*,#1324,.F.);
#2192=ORIENTED_EDGE('',*,*,#1572,.F.);
#2193=ORIENTED_EDGE('',*,*,#1452,.F.);
#2194=ORIENTED_EDGE('',*,*,#1588,.T.);
#2195=ORIENTED_EDGE('',*,*,#1341,.F.);
#2196=ORIENTED_EDGE('',*,*,#1589,.F.);
#2197=ORIENTED_EDGE('',*,*,#1471,.F.);
#2198=ORIENTED_EDGE('',*,*,#1590,.T.);
#2199=ORIENTED_EDGE('',*,*,#1340,.F.);
#2200=ORIENTED_EDGE('',*,*,#1591,.F.);
#2201=ORIENTED_EDGE('',*,*,#1472,.F.);
#2202=ORIENTED_EDGE('',*,*,#1589,.T.);
#2203=ORIENTED_EDGE('',*,*,#1339,.F.);
#2204=ORIENTED_EDGE('',*,*,#1592,.F.);
#2205=ORIENTED_EDGE('',*,*,#1473,.F.);
#2206=ORIENTED_EDGE('',*,*,#1591,.T.);
#2207=ORIENTED_EDGE('',*,*,#1338,.F.);
#2208=ORIENTED_EDGE('',*,*,#1593,.F.);
#2209=ORIENTED_EDGE('',*,*,#1474,.F.);
#2210=ORIENTED_EDGE('',*,*,#1592,.T.);
#2211=ORIENTED_EDGE('',*,*,#1337,.F.);
#2212=ORIENTED_EDGE('',*,*,#1594,.F.);
#2213=ORIENTED_EDGE('',*,*,#1475,.F.);
#2214=ORIENTED_EDGE('',*,*,#1593,.T.);
#2215=ORIENTED_EDGE('',*,*,#1336,.F.);
#2216=ORIENTED_EDGE('',*,*,#1595,.F.);
#2217=ORIENTED_EDGE('',*,*,#1476,.F.);
#2218=ORIENTED_EDGE('',*,*,#1594,.T.);
#2219=ORIENTED_EDGE('',*,*,#1335,.F.);
#2220=ORIENTED_EDGE('',*,*,#1596,.F.);
#2221=ORIENTED_EDGE('',*,*,#1477,.F.);
#2222=ORIENTED_EDGE('',*,*,#1595,.T.);
#2223=ORIENTED_EDGE('',*,*,#1334,.F.);
#2224=ORIENTED_EDGE('',*,*,#1597,.F.);
#2225=ORIENTED_EDGE('',*,*,#1478,.F.);
#2226=ORIENTED_EDGE('',*,*,#1596,.T.);
#2227=ORIENTED_EDGE('',*,*,#1333,.F.);
#2228=ORIENTED_EDGE('',*,*,#1598,.F.);
#2229=ORIENTED_EDGE('',*,*,#1461,.F.);
#2230=ORIENTED_EDGE('',*,*,#1597,.T.);
#2231=ORIENTED_EDGE('',*,*,#1350,.F.);
#2232=ORIENTED_EDGE('',*,*,#1599,.F.);
#2233=ORIENTED_EDGE('',*,*,#1462,.F.);
#2234=ORIENTED_EDGE('',*,*,#1598,.T.);
#2235=ORIENTED_EDGE('',*,*,#1349,.F.);
#2236=ORIENTED_EDGE('',*,*,#1600,.F.);
#2237=ORIENTED_EDGE('',*,*,#1463,.F.);
#2238=ORIENTED_EDGE('',*,*,#1599,.T.);
#2239=ORIENTED_EDGE('',*,*,#1348,.F.);
#2240=ORIENTED_EDGE('',*,*,#1601,.F.);
#2241=ORIENTED_EDGE('',*,*,#1464,.F.);
#2242=ORIENTED_EDGE('',*,*,#1600,.T.);
#2243=ORIENTED_EDGE('',*,*,#1347,.F.);
#2244=ORIENTED_EDGE('',*,*,#1602,.F.);
#2245=ORIENTED_EDGE('',*,*,#1465,.F.);
#2246=ORIENTED_EDGE('',*,*,#1601,.T.);
#2247=ORIENTED_EDGE('',*,*,#1346,.F.);
#2248=ORIENTED_EDGE('',*,*,#1603,.F.);
#2249=ORIENTED_EDGE('',*,*,#1466,.F.);
#2250=ORIENTED_EDGE('',*,*,#1602,.T.);
#2251=ORIENTED_EDGE('',*,*,#1345,.F.);
#2252=ORIENTED_EDGE('',*,*,#1604,.F.);
#2253=ORIENTED_EDGE('',*,*,#1467,.F.);
#2254=ORIENTED_EDGE('',*,*,#1603,.T.);
#2255=ORIENTED_EDGE('',*,*,#1344,.F.);
#2256=ORIENTED_EDGE('',*,*,#1605,.F.);
#2257=ORIENTED_EDGE('',*,*,#1468,.F.);
#2258=ORIENTED_EDGE('',*,*,#1604,.T.);
#2259=ORIENTED_EDGE('',*,*,#1343,.F.);
#2260=ORIENTED_EDGE('',*,*,#1606,.F.);
#2261=ORIENTED_EDGE('',*,*,#1469,.F.);
#2262=ORIENTED_EDGE('',*,*,#1605,.T.);
#2263=ORIENTED_EDGE('',*,*,#1342,.F.);
#2264=ORIENTED_EDGE('',*,*,#1590,.F.);
#2265=ORIENTED_EDGE('',*,*,#1470,.F.);
#2266=ORIENTED_EDGE('',*,*,#1606,.T.);
#2267=ORIENTED_EDGE('',*,*,#1356,.F.);
#2268=ORIENTED_EDGE('',*,*,#1607,.F.);
#2269=ORIENTED_EDGE('',*,*,#1486,.F.);
#2270=ORIENTED_EDGE('',*,*,#1608,.T.);
#2271=ORIENTED_EDGE('',*,*,#1355,.F.);
#2272=ORIENTED_EDGE('',*,*,#1609,.F.);
#2273=ORIENTED_EDGE('',*,*,#1487,.F.);
#2274=ORIENTED_EDGE('',*,*,#1607,.T.);
#2275=ORIENTED_EDGE('',*,*,#1354,.F.);
#2276=ORIENTED_EDGE('',*,*,#1610,.F.);
#2277=ORIENTED_EDGE('',*,*,#1488,.F.);
#2278=ORIENTED_EDGE('',*,*,#1609,.T.);
#2279=ORIENTED_EDGE('',*,*,#1353,.F.);
#2280=ORIENTED_EDGE('',*,*,#1611,.F.);
#2281=ORIENTED_EDGE('',*,*,#1489,.F.);
#2282=ORIENTED_EDGE('',*,*,#1610,.T.);
#2283=ORIENTED_EDGE('',*,*,#1352,.F.);
#2284=ORIENTED_EDGE('',*,*,#1612,.F.);
#2285=ORIENTED_EDGE('',*,*,#1490,.F.);
#2286=ORIENTED_EDGE('',*,*,#1611,.T.);
#2287=ORIENTED_EDGE('',*,*,#1351,.F.);
#2288=ORIENTED_EDGE('',*,*,#1613,.F.);
#2289=ORIENTED_EDGE('',*,*,#1479,.F.);
#2290=ORIENTED_EDGE('',*,*,#1612,.T.);
#2291=ORIENTED_EDGE('',*,*,#1362,.F.);
#2292=ORIENTED_EDGE('',*,*,#1614,.F.);
#2293=ORIENTED_EDGE('',*,*,#1480,.F.);
#2294=ORIENTED_EDGE('',*,*,#1613,.T.);
#2295=ORIENTED_EDGE('',*,*,#1361,.F.);
#2296=ORIENTED_EDGE('',*,*,#1615,.F.);
#2297=ORIENTED_EDGE('',*,*,#1481,.F.);
#2298=ORIENTED_EDGE('',*,*,#1614,.T.);
#2299=ORIENTED_EDGE('',*,*,#1360,.F.);
#2300=ORIENTED_EDGE('',*,*,#1616,.F.);
#2301=ORIENTED_EDGE('',*,*,#1482,.F.);
#2302=ORIENTED_EDGE('',*,*,#1615,.T.);
#2303=ORIENTED_EDGE('',*,*,#1359,.F.);
#2304=ORIENTED_EDGE('',*,*,#1617,.F.);
#2305=ORIENTED_EDGE('',*,*,#1483,.F.);
#2306=ORIENTED_EDGE('',*,*,#1616,.T.);
#2307=ORIENTED_EDGE('',*,*,#1358,.F.);
#2308=ORIENTED_EDGE('',*,*,#1618,.F.);
#2309=ORIENTED_EDGE('',*,*,#1484,.F.);
#2310=ORIENTED_EDGE('',*,*,#1617,.T.);
#2311=ORIENTED_EDGE('',*,*,#1357,.F.);
#2312=ORIENTED_EDGE('',*,*,#1608,.F.);
#2313=ORIENTED_EDGE('',*,*,#1485,.F.);
#2314=ORIENTED_EDGE('',*,*,#1618,.T.);
#2315=ORIENTED_EDGE('',*,*,#1374,.F.);
#2316=ORIENTED_EDGE('',*,*,#1619,.F.);
#2317=ORIENTED_EDGE('',*,*,#1504,.F.);
#2318=ORIENTED_EDGE('',*,*,#1620,.T.);
#2319=ORIENTED_EDGE('',*,*,#1373,.F.);
#2320=ORIENTED_EDGE('',*,*,#1621,.F.);
#2321=ORIENTED_EDGE('',*,*,#1505,.F.);
#2322=ORIENTED_EDGE('',*,*,#1619,.T.);
#2323=ORIENTED_EDGE('',*,*,#1372,.F.);
#2324=ORIENTED_EDGE('',*,*,#1622,.F.);
#2325=ORIENTED_EDGE('',*,*,#1506,.F.);
#2326=ORIENTED_EDGE('',*,*,#1621,.T.);
#2327=ORIENTED_EDGE('',*,*,#1371,.F.);
#2328=ORIENTED_EDGE('',*,*,#1623,.F.);
#2329=ORIENTED_EDGE('',*,*,#1507,.F.);
#2330=ORIENTED_EDGE('',*,*,#1622,.T.);
#2331=ORIENTED_EDGE('',*,*,#1370,.F.);
#2332=ORIENTED_EDGE('',*,*,#1624,.F.);
#2333=ORIENTED_EDGE('',*,*,#1508,.F.);
#2334=ORIENTED_EDGE('',*,*,#1623,.T.);
#2335=ORIENTED_EDGE('',*,*,#1369,.F.);
#2336=ORIENTED_EDGE('',*,*,#1625,.F.);
#2337=ORIENTED_EDGE('',*,*,#1509,.F.);
#2338=ORIENTED_EDGE('',*,*,#1624,.T.);
#2339=ORIENTED_EDGE('',*,*,#1368,.F.);
#2340=ORIENTED_EDGE('',*,*,#1626,.F.);
#2341=ORIENTED_EDGE('',*,*,#1510,.F.);
#2342=ORIENTED_EDGE('',*,*,#1625,.T.);
#2343=ORIENTED_EDGE('',*,*,#1367,.F.);
#2344=ORIENTED_EDGE('',*,*,#1627,.F.);
#2345=ORIENTED_EDGE('',*,*,#1511,.F.);
#2346=ORIENTED_EDGE('',*,*,#1626,.T.);
#2347=ORIENTED_EDGE('',*,*,#1366,.F.);
#2348=ORIENTED_EDGE('',*,*,#1628,.F.);
#2349=ORIENTED_EDGE('',*,*,#1512,.F.);
#2350=ORIENTED_EDGE('',*,*,#1627,.T.);
#2351=ORIENTED_EDGE('',*,*,#1365,.F.);
#2352=ORIENTED_EDGE('',*,*,#1629,.F.);
#2353=ORIENTED_EDGE('',*,*,#1513,.F.);
#2354=ORIENTED_EDGE('',*,*,#1628,.T.);
#2355=ORIENTED_EDGE('',*,*,#1364,.F.);
#2356=ORIENTED_EDGE('',*,*,#1630,.F.);
#2357=ORIENTED_EDGE('',*,*,#1514,.F.);
#2358=ORIENTED_EDGE('',*,*,#1629,.T.);
#2359=ORIENTED_EDGE('',*,*,#1363,.F.);
#2360=ORIENTED_EDGE('',*,*,#1631,.F.);
#2361=ORIENTED_EDGE('',*,*,#1491,.F.);
#2362=ORIENTED_EDGE('',*,*,#1630,.T.);
#2363=ORIENTED_EDGE('',*,*,#1386,.F.);
#2364=ORIENTED_EDGE('',*,*,#1632,.F.);
#2365=ORIENTED_EDGE('',*,*,#1492,.F.);
#2366=ORIENTED_EDGE('',*,*,#1631,.T.);
#2367=ORIENTED_EDGE('',*,*,#1385,.F.);
#2368=ORIENTED_EDGE('',*,*,#1633,.F.);
#2369=ORIENTED_EDGE('',*,*,#1493,.F.);
#2370=ORIENTED_EDGE('',*,*,#1632,.T.);
#2371=ORIENTED_EDGE('',*,*,#1384,.F.);
#2372=ORIENTED_EDGE('',*,*,#1634,.F.);
#2373=ORIENTED_EDGE('',*,*,#1494,.F.);
#2374=ORIENTED_EDGE('',*,*,#1633,.T.);
#2375=ORIENTED_EDGE('',*,*,#1383,.F.);
#2376=ORIENTED_EDGE('',*,*,#1635,.F.);
#2377=ORIENTED_EDGE('',*,*,#1495,.F.);
#2378=ORIENTED_EDGE('',*,*,#1634,.T.);
#2379=ORIENTED_EDGE('',*,*,#1382,.F.);
#2380=ORIENTED_EDGE('',*,*,#1636,.F.);
#2381=ORIENTED_EDGE('',*,*,#1496,.F.);
#2382=ORIENTED_EDGE('',*,*,#1635,.T.);
#2383=ORIENTED_EDGE('',*,*,#1381,.F.);
#2384=ORIENTED_EDGE('',*,*,#1637,.F.);
#2385=ORIENTED_EDGE('',*,*,#1497,.F.);
#2386=ORIENTED_EDGE('',*,*,#1636,.T.);
#2387=ORIENTED_EDGE('',*,*,#1380,.F.);
#2388=ORIENTED_EDGE('',*,*,#1638,.F.);
#2389=ORIENTED_EDGE('',*,*,#1498,.F.);
#2390=ORIENTED_EDGE('',*,*,#1637,.T.);
#2391=ORIENTED_EDGE('',*,*,#1379,.F.);
#2392=ORIENTED_EDGE('',*,*,#1639,.F.);
#2393=ORIENTED_EDGE('',*,*,#1499,.F.);
#2394=ORIENTED_EDGE('',*,*,#1638,.T.);
#2395=ORIENTED_EDGE('',*,*,#1378,.F.);
#2396=ORIENTED_EDGE('',*,*,#1640,.F.);
#2397=ORIENTED_EDGE('',*,*,#1500,.F.);
#2398=ORIENTED_EDGE('',*,*,#1639,.T.);
#2399=ORIENTED_EDGE('',*,*,#1377,.F.);
#2400=ORIENTED_EDGE('',*,*,#1641,.F.);
#2401=ORIENTED_EDGE('',*,*,#1501,.F.);
#2402=ORIENTED_EDGE('',*,*,#1640,.T.);
#2403=ORIENTED_EDGE('',*,*,#1376,.F.);
#2404=ORIENTED_EDGE('',*,*,#1642,.F.);
#2405=ORIENTED_EDGE('',*,*,#1502,.F.);
#2406=ORIENTED_EDGE('',*,*,#1641,.T.);
#2407=ORIENTED_EDGE('',*,*,#1375,.F.);
#2408=ORIENTED_EDGE('',*,*,#1620,.F.);
#2409=ORIENTED_EDGE('',*,*,#1503,.F.);
#2410=ORIENTED_EDGE('',*,*,#1642,.T.);
#2411=PLANE('',#2601);
#2412=PLANE('',#2602);
#2413=PLANE('',#2603);
#2414=PLANE('',#2604);
#2415=PLANE('',#2605);
#2416=PLANE('',#2606);
#2417=PLANE('',#2607);
#2418=PLANE('',#2608);
#2419=PLANE('',#2609);
#2420=PLANE('',#2610);
#2421=PLANE('',#2611);
#2422=PLANE('',#2612);
#2423=PLANE('',#2613);
#2424=PLANE('',#2614);
#2425=PLANE('',#2615);
#2426=PLANE('',#2616);
#2427=PLANE('',#2617);
#2428=PLANE('',#2618);
#2429=PLANE('',#2619);
#2430=PLANE('',#2620);
#2431=PLANE('',#2621);
#2432=PLANE('',#2622);
#2433=PLANE('',#2623);
#2434=PLANE('',#2624);
#2435=PLANE('',#2625);
#2436=PLANE('',#2626);
#2437=PLANE('',#2627);
#2438=PLANE('',#2628);
#2439=PLANE('',#2629);
#2440=PLANE('',#2630);
#2441=PLANE('',#2631);
#2442=PLANE('',#2632);
#2443=PLANE('',#2633);
#2444=PLANE('',#2634);
#2445=PLANE('',#2635);
#2446=PLANE('',#2636);
#2447=PLANE('',#2637);
#2448=PLANE('',#2638);
#2449=PLANE('',#2639);
#2450=PLANE('',#2640);
#2451=PLANE('',#2641);
#2452=PLANE('',#2642);
#2453=PLANE('',#2643);
#2454=PLANE('',#2644);
#2455=PLANE('',#2645);
#2456=PLANE('',#2646);
#2457=PLANE('',#2647);
#2458=PLANE('',#2648);
#2459=PLANE('',#2649);
#2460=PLANE('',#2650);
#2461=PLANE('',#2651);
#2462=PLANE('',#2652);
#2463=PLANE('',#2653);
#2464=PLANE('',#2654);
#2465=PLANE('',#2655);
#2466=PLANE('',#2656);
#2467=PLANE('',#2657);
#2468=PLANE('',#2658);
#2469=ADVANCED_FACE('',(#103,#87,#88,#89,#90,#91,#92,#93,#94),#2411,.T.);
#2470=ADVANCED_FACE('',(#104,#95,#96,#97,#98,#99,#100,#101,#102),#2412,
 .F.);
#2471=ADVANCED_FACE('',(#105),#15,.T.);
#2472=ADVANCED_FACE('',(#106),#2413,.T.);
#2473=ADVANCED_FACE('',(#107),#16,.T.);
#2474=ADVANCED_FACE('',(#108),#2414,.T.);
#2475=ADVANCED_FACE('',(#109),#17,.T.);
#2476=ADVANCED_FACE('',(#110),#2415,.T.);
#2477=ADVANCED_FACE('',(#111),#18,.T.);
#2478=ADVANCED_FACE('',(#112),#2416,.T.);
#2479=ADVANCED_FACE('',(#113),#2417,.F.);
#2480=ADVANCED_FACE('',(#114),#2418,.F.);
#2481=ADVANCED_FACE('',(#115),#2419,.F.);
#2482=ADVANCED_FACE('',(#116),#2420,.F.);
#2483=ADVANCED_FACE('',(#117),#2421,.F.);
#2484=ADVANCED_FACE('',(#118),#2422,.F.);
#2485=ADVANCED_FACE('',(#119),#2423,.F.);
#2486=ADVANCED_FACE('',(#120),#2424,.F.);
#2487=ADVANCED_FACE('',(#121),#2425,.F.);
#2488=ADVANCED_FACE('',(#122),#2426,.F.);
#2489=ADVANCED_FACE('',(#123),#2427,.F.);
#2490=ADVANCED_FACE('',(#124),#2428,.F.);
#2491=ADVANCED_FACE('',(#125),#19,.F.);
#2492=ADVANCED_FACE('',(#126),#2429,.F.);
#2493=ADVANCED_FACE('',(#127),#20,.F.);
#2494=ADVANCED_FACE('',(#128),#21,.F.);
#2495=ADVANCED_FACE('',(#129),#22,.F.);
#2496=ADVANCED_FACE('',(#130),#23,.F.);
#2497=ADVANCED_FACE('',(#131),#24,.F.);
#2498=ADVANCED_FACE('',(#132),#25,.F.);
#2499=ADVANCED_FACE('',(#133),#26,.F.);
#2500=ADVANCED_FACE('',(#134),#27,.F.);
#2501=ADVANCED_FACE('',(#135),#2430,.F.);
#2502=ADVANCED_FACE('',(#136),#28,.F.);
#2503=ADVANCED_FACE('',(#137),#29,.F.);
#2504=ADVANCED_FACE('',(#138),#30,.F.);
#2505=ADVANCED_FACE('',(#139),#31,.F.);
#2506=ADVANCED_FACE('',(#140),#32,.F.);
#2507=ADVANCED_FACE('',(#141),#33,.F.);
#2508=ADVANCED_FACE('',(#142),#34,.F.);
#2509=ADVANCED_FACE('',(#143),#35,.F.);
#2510=ADVANCED_FACE('',(#144),#36,.F.);
#2511=ADVANCED_FACE('',(#145),#2431,.F.);
#2512=ADVANCED_FACE('',(#146),#2432,.F.);
#2513=ADVANCED_FACE('',(#147),#2433,.F.);
#2514=ADVANCED_FACE('',(#148),#2434,.F.);
#2515=ADVANCED_FACE('',(#149),#2435,.F.);
#2516=ADVANCED_FACE('',(#150),#2436,.F.);
#2517=ADVANCED_FACE('',(#151),#2437,.F.);
#2518=ADVANCED_FACE('',(#152),#37,.F.);
#2519=ADVANCED_FACE('',(#153),#38,.F.);
#2520=ADVANCED_FACE('',(#154),#39,.F.);
#2521=ADVANCED_FACE('',(#155),#40,.F.);
#2522=ADVANCED_FACE('',(#156),#41,.F.);
#2523=ADVANCED_FACE('',(#157),#2438,.F.);
#2524=ADVANCED_FACE('',(#158),#2439,.F.);
#2525=ADVANCED_FACE('',(#159),#2440,.F.);
#2526=ADVANCED_FACE('',(#160),#2441,.F.);
#2527=ADVANCED_FACE('',(#161),#2442,.F.);
#2528=ADVANCED_FACE('',(#162),#2443,.F.);
#2529=ADVANCED_FACE('',(#163),#42,.F.);
#2530=ADVANCED_FACE('',(#164),#43,.F.);
#2531=ADVANCED_FACE('',(#165),#44,.F.);
#2532=ADVANCED_FACE('',(#166),#45,.F.);
#2533=ADVANCED_FACE('',(#167),#46,.F.);
#2534=ADVANCED_FACE('',(#168),#2444,.F.);
#2535=ADVANCED_FACE('',(#169),#2445,.F.);
#2536=ADVANCED_FACE('',(#170),#2446,.F.);
#2537=ADVANCED_FACE('',(#171),#2447,.F.);
#2538=ADVANCED_FACE('',(#172),#2448,.F.);
#2539=ADVANCED_FACE('',(#173),#2449,.F.);
#2540=ADVANCED_FACE('',(#174),#47,.F.);
#2541=ADVANCED_FACE('',(#175),#48,.F.);
#2542=ADVANCED_FACE('',(#176),#49,.F.);
#2543=ADVANCED_FACE('',(#177),#50,.F.);
#2544=ADVANCED_FACE('',(#178),#2450,.F.);
#2545=ADVANCED_FACE('',(#179),#2451,.F.);
#2546=ADVANCED_FACE('',(#180),#51,.F.);
#2547=ADVANCED_FACE('',(#181),#52,.F.);
#2548=ADVANCED_FACE('',(#182),#53,.F.);
#2549=ADVANCED_FACE('',(#183),#54,.F.);
#2550=ADVANCED_FACE('',(#184),#55,.F.);
#2551=ADVANCED_FACE('',(#185),#56,.F.);
#2552=ADVANCED_FACE('',(#186),#57,.F.);
#2553=ADVANCED_FACE('',(#187),#58,.F.);
#2554=ADVANCED_FACE('',(#188),#2452,.F.);
#2555=ADVANCED_FACE('',(#189),#59,.F.);
#2556=ADVANCED_FACE('',(#190),#60,.F.);
#2557=ADVANCED_FACE('',(#191),#61,.F.);
#2558=ADVANCED_FACE('',(#192),#62,.F.);
#2559=ADVANCED_FACE('',(#193),#63,.F.);
#2560=ADVANCED_FACE('',(#194),#64,.F.);
#2561=ADVANCED_FACE('',(#195),#65,.F.);
#2562=ADVANCED_FACE('',(#196),#66,.F.);
#2563=ADVANCED_FACE('',(#197),#2453,.F.);
#2564=ADVANCED_FACE('',(#198),#2454,.F.);
#2565=ADVANCED_FACE('',(#199),#2455,.F.);
#2566=ADVANCED_FACE('',(#200),#2456,.F.);
#2567=ADVANCED_FACE('',(#201),#2457,.F.);
#2568=ADVANCED_FACE('',(#202),#2458,.F.);
#2569=ADVANCED_FACE('',(#203),#2459,.F.);
#2570=ADVANCED_FACE('',(#204),#2460,.F.);
#2571=ADVANCED_FACE('',(#205),#2461,.F.);
#2572=ADVANCED_FACE('',(#206),#2462,.F.);
#2573=ADVANCED_FACE('',(#207),#2463,.F.);
#2574=ADVANCED_FACE('',(#208),#2464,.F.);
#2575=ADVANCED_FACE('',(#209),#67,.F.);
#2576=ADVANCED_FACE('',(#210),#68,.F.);
#2577=ADVANCED_FACE('',(#211),#69,.F.);
#2578=ADVANCED_FACE('',(#212),#70,.F.);
#2579=ADVANCED_FACE('',(#213),#2465,.F.);
#2580=ADVANCED_FACE('',(#214),#71,.F.);
#2581=ADVANCED_FACE('',(#215),#72,.F.);
#2582=ADVANCED_FACE('',(#216),#73,.F.);
#2583=ADVANCED_FACE('',(#217),#74,.F.);
#2584=ADVANCED_FACE('',(#218),#75,.F.);
#2585=ADVANCED_FACE('',(#219),#2466,.F.);
#2586=ADVANCED_FACE('',(#220),#76,.F.);
#2587=ADVANCED_FACE('',(#221),#77,.F.);
#2588=ADVANCED_FACE('',(#222),#2467,.F.);
#2589=ADVANCED_FACE('',(#223),#78,.F.);
#2590=ADVANCED_FACE('',(#224),#79,.F.);
#2591=ADVANCED_FACE('',(#225),#80,.F.);
#2592=ADVANCED_FACE('',(#226),#81,.F.);
#2593=ADVANCED_FACE('',(#227),#82,.F.);
#2594=ADVANCED_FACE('',(#228),#83,.F.);
#2595=ADVANCED_FACE('',(#229),#2468,.F.);
#2596=ADVANCED_FACE('',(#230),#84,.F.);
#2597=ADVANCED_FACE('',(#231),#85,.F.);
#2598=ADVANCED_FACE('',(#232),#86,.F.);
#2599=CLOSED_SHELL('',(#2469,#2470,#2471,#2472,#2473,#2474,#2475,#2476,
#2477,#2478,#2479,#2480,#2481,#2482,#2483,#2484,#2485,#2486,#2487,#2488,
#2489,#2490,#2491,#2492,#2493,#2494,#2495,#2496,#2497,#2498,#2499,#2500,
#2501,#2502,#2503,#2504,#2505,#2506,#2507,#2508,#2509,#2510,#2511,#2512,
#2513,#2514,#2515,#2516,#2517,#2518,#2519,#2520,#2521,#2522,#2523,#2524,
#2525,#2526,#2527,#2528,#2529,#2530,#2531,#2532,#2533,#2534,#2535,#2536,
#2537,#2538,#2539,#2540,#2541,#2542,#2543,#2544,#2545,#2546,#2547,#2548,
#2549,#2550,#2551,#2552,#2553,#2554,#2555,#2556,#2557,#2558,#2559,#2560,
#2561,#2562,#2563,#2564,#2565,#2566,#2567,#2568,#2569,#2570,#2571,#2572,
#2573,#2574,#2575,#2576,#2577,#2578,#2579,#2580,#2581,#2582,#2583,#2584,
#2585,#2586,#2587,#2588,#2589,#2590,#2591,#2592,#2593,#2594,#2595,#2596,
#2597,#2598));
#2600=AXIS2_PLACEMENT_3D('',#3017,#2659,#2660);
#2601=AXIS2_PLACEMENT_3D('',#3018,#2661,#2662);
#2602=AXIS2_PLACEMENT_3D('',#3724,#2719,#2720);
#2603=AXIS2_PLACEMENT_3D('',#4323,#2779,#2780);
#2604=AXIS2_PLACEMENT_3D('',#4350,#2783,#2784);
#2605=AXIS2_PLACEMENT_3D('',#4377,#2787,#2788);
#2606=AXIS2_PLACEMENT_3D('',#4404,#2791,#2792);
#2607=AXIS2_PLACEMENT_3D('',#4405,#2793,#2794);
#2608=AXIS2_PLACEMENT_3D('',#4408,#2797,#2798);
#2609=AXIS2_PLACEMENT_3D('',#4410,#2800,#2801);
#2610=AXIS2_PLACEMENT_3D('',#4412,#2803,#2804);
#2611=AXIS2_PLACEMENT_3D('',#4414,#2806,#2807);
#2612=AXIS2_PLACEMENT_3D('',#4416,#2809,#2810);
#2613=AXIS2_PLACEMENT_3D('',#4418,#2812,#2813);
#2614=AXIS2_PLACEMENT_3D('',#4420,#2815,#2816);
#2615=AXIS2_PLACEMENT_3D('',#4422,#2818,#2819);
#2616=AXIS2_PLACEMENT_3D('',#4424,#2821,#2822);
#2617=AXIS2_PLACEMENT_3D('',#4426,#2824,#2825);
#2618=AXIS2_PLACEMENT_3D('',#4428,#2827,#2828);
#2619=AXIS2_PLACEMENT_3D('',#4441,#2831,#2832);
#2620=AXIS2_PLACEMENT_3D('',#4531,#2842,#2843);
#2621=AXIS2_PLACEMENT_3D('',#4632,#2854,#2855);
#2622=AXIS2_PLACEMENT_3D('',#4634,#2857,#2858);
#2623=AXIS2_PLACEMENT_3D('',#4636,#2860,#2861);
#2624=AXIS2_PLACEMENT_3D('',#4638,#2863,#2864);
#2625=AXIS2_PLACEMENT_3D('',#4640,#2866,#2867);
#2626=AXIS2_PLACEMENT_3D('',#4642,#2869,#2870);
#2627=AXIS2_PLACEMENT_3D('',#4644,#2872,#2873);
#2628=AXIS2_PLACEMENT_3D('',#4700,#2879,#2880);
#2629=AXIS2_PLACEMENT_3D('',#4703,#2883,#2884);
#2630=AXIS2_PLACEMENT_3D('',#4705,#2886,#2887);
#2631=AXIS2_PLACEMENT_3D('',#4707,#2889,#2890);
#2632=AXIS2_PLACEMENT_3D('',#4708,#2891,#2892);
#2633=AXIS2_PLACEMENT_3D('',#4711,#2895,#2896);
#2634=AXIS2_PLACEMENT_3D('',#4768,#2903,#2904);
#2635=AXIS2_PLACEMENT_3D('',#4770,#2906,#2907);
#2636=AXIS2_PLACEMENT_3D('',#4772,#2909,#2910);
#2637=AXIS2_PLACEMENT_3D('',#4774,#2912,#2913);
#2638=AXIS2_PLACEMENT_3D('',#4776,#2915,#2916);
#2639=AXIS2_PLACEMENT_3D('',#4778,#2918,#2919);
#2640=AXIS2_PLACEMENT_3D('',#4824,#2925,#2926);
#2641=AXIS2_PLACEMENT_3D('',#4825,#2927,#2928);
#2642=AXIS2_PLACEMENT_3D('',#4916,#2939,#2940);
#2643=AXIS2_PLACEMENT_3D('',#5005,#2949,#2950);
#2644=AXIS2_PLACEMENT_3D('',#5008,#2953,#2954);
#2645=AXIS2_PLACEMENT_3D('',#5010,#2956,#2957);
#2646=AXIS2_PLACEMENT_3D('',#5012,#2959,#2960);
#2647=AXIS2_PLACEMENT_3D('',#5014,#2962,#2963);
#2648=AXIS2_PLACEMENT_3D('',#5016,#2965,#2966);
#2649=AXIS2_PLACEMENT_3D('',#5018,#2968,#2969);
#2650=AXIS2_PLACEMENT_3D('',#5020,#2971,#2972);
#2651=AXIS2_PLACEMENT_3D('',#5022,#2974,#2975);
#2652=AXIS2_PLACEMENT_3D('',#5024,#2977,#2978);
#2653=AXIS2_PLACEMENT_3D('',#5026,#2980,#2981);
#2654=AXIS2_PLACEMENT_3D('',#5028,#2983,#2984);
#2655=AXIS2_PLACEMENT_3D('',#5074,#2990,#2991);
#2656=AXIS2_PLACEMENT_3D('',#5131,#2998,#2999);
#2657=AXIS2_PLACEMENT_3D('',#5155,#3003,#3004);
#2658=AXIS2_PLACEMENT_3D('',#5223,#3012,#3013);
#2659=DIRECTION('axis',(0.,0.,1.));
#2660=DIRECTION('refdir',(1.,0.,0.));
#2661=DIRECTION('center_axis',(0.,0.,-1.));
#2662=DIRECTION('ref_axis',(-1.,0.,0.));
#2663=DIRECTION('',(-1.,0.,0.));
#2664=DIRECTION('',(0.,1.,0.));
#2665=DIRECTION('',(1.,0.,0.));
#2666=DIRECTION('',(0.,-1.,0.));
#2667=DIRECTION('',(-1.,0.,0.));
#2668=DIRECTION('',(0.,-1.,0.));
#2669=DIRECTION('',(-1.,0.,0.));
#2670=DIRECTION('',(0.,1.,0.));
#2671=DIRECTION('',(-1.,0.,0.));
#2672=DIRECTION('',(0.,-1.,0.));
#2673=DIRECTION('',(1.,0.,0.));
#2674=DIRECTION('',(0.,1.,0.));
#2675=DIRECTION('',(1.,0.,0.));
#2676=DIRECTION('',(0.,-1.,0.));
#2677=DIRECTION('',(1.,0.,0.));
#2678=DIRECTION('',(0.,1.,0.));
#2679=DIRECTION('',(0.98817389279367,0.153337397920415,0.));
#2680=DIRECTION('',(-0.992531664979743,0.121987269879031,0.));
#2681=DIRECTION('',(0.,1.,0.));
#2682=DIRECTION('',(-1.,0.,0.));
#2683=DIRECTION('',(0.,-1.,0.));
#2684=DIRECTION('',(1.,0.,0.));
#2685=DIRECTION('',(0.,1.,0.));
#2686=DIRECTION('',(1.,0.,0.));
#2687=DIRECTION('',(-1.,0.,0.));
#2688=DIRECTION('',(-1.,0.,0.));
#2689=DIRECTION('',(0.,-1.,0.));
#2690=DIRECTION('',(1.,0.,0.));
#2691=DIRECTION('',(0.,1.,0.));
#2692=DIRECTION('',(-1.,0.,0.));
#2693=DIRECTION('',(0.,-1.,0.));
#2694=DIRECTION('',(0.,1.,0.));
#2695=DIRECTION('',(-1.,0.,0.));
#2696=DIRECTION('',(0.,-1.,0.));
#2697=DIRECTION('',(1.,0.,0.));
#2698=DIRECTION('',(0.,-1.,0.));
#2699=DIRECTION('',(1.,0.,0.));
#2700=DIRECTION('',(0.,1.,0.));
#2701=DIRECTION('',(0.973080465061221,0.230465634132807,0.));
#2702=DIRECTION('',(-0.969249737126188,0.246079148000832,0.));
#2703=DIRECTION('',(0.718516773659872,0.695509630393001,0.));
#2704=DIRECTION('',(-1.,0.,0.));
#2705=DIRECTION('',(-0.703794884766506,-0.71040323772946,0.));
#2706=DIRECTION('',(0.,1.,0.));
#2707=DIRECTION('',(-1.,0.,0.));
#2708=DIRECTION('',(0.,-1.,0.));
#2709=DIRECTION('',(1.,0.,0.));
#2710=DIRECTION('',(0.,1.,0.));
#2711=DIRECTION('',(0.724002225233852,0.689797635438416,0.));
#2712=DIRECTION('',(0.545042630413489,-0.838408331919444,0.));
#2713=DIRECTION('',(1.,0.,0.));
#2714=DIRECTION('',(-0.556134968309633,0.831091990710562,0.));
#2715=DIRECTION('',(0.,1.,0.));
#2716=DIRECTION('',(0.991568971912261,-0.129579990511116,0.));
#2717=DIRECTION('',(-0.989108428574999,-0.14718871057896,0.));
#2718=DIRECTION('',(1.,0.,0.));
#2719=DIRECTION('center_axis',(0.,0.,-1.));
#2720=DIRECTION('ref_axis',(-1.,0.,0.));
#2721=DIRECTION('',(0.,1.,0.));
#2722=DIRECTION('',(-1.,0.,0.));
#2723=DIRECTION('',(0.,-1.,0.));
#2724=DIRECTION('',(1.,0.,0.));
#2725=DIRECTION('',(1.,0.,0.));
#2726=DIRECTION('',(0.,-1.,0.));
#2727=DIRECTION('',(-1.,0.,0.));
#2728=DIRECTION('',(0.,1.,0.));
#2729=DIRECTION('',(-1.,0.,0.));
#2730=DIRECTION('',(0.,-1.,0.));
#2731=DIRECTION('',(-1.,0.,0.));
#2732=DIRECTION('',(0.,1.,0.));
#2733=DIRECTION('',(1.,0.,0.));
#2734=DIRECTION('',(0.,-1.,0.));
#2735=DIRECTION('',(1.,0.,0.));
#2736=DIRECTION('',(0.,1.,0.));
#2737=DIRECTION('',(0.992531664979743,-0.121987269879031,0.));
#2738=DIRECTION('',(-0.98817389279367,-0.153337397920415,0.));
#2739=DIRECTION('',(0.,-1.,0.));
#2740=DIRECTION('',(1.,0.,0.));
#2741=DIRECTION('',(-1.,0.,0.));
#2742=DIRECTION('',(0.,-1.,0.));
#2743=DIRECTION('',(-1.,0.,0.));
#2744=DIRECTION('',(0.,1.,0.));
#2745=DIRECTION('',(1.,0.,0.));
#2746=DIRECTION('',(1.,0.,0.));
#2747=DIRECTION('',(0.,-1.,0.));
#2748=DIRECTION('',(-1.,0.,0.));
#2749=DIRECTION('',(0.,1.,0.));
#2750=DIRECTION('',(1.,0.,0.));
#2751=DIRECTION('',(0.,-1.,0.));
#2752=DIRECTION('',(-1.,0.,0.));
#2753=DIRECTION('',(0.,1.,0.));
#2754=DIRECTION('',(-1.,0.,0.));
#2755=DIRECTION('',(0.,1.,0.));
#2756=DIRECTION('',(1.,0.,0.));
#2757=DIRECTION('',(0.,-1.,0.));
#2758=DIRECTION('',(0.,1.,0.));
#2759=DIRECTION('',(0.969249737126188,-0.246079148000832,0.));
#2760=DIRECTION('',(-0.973080465061221,-0.230465634132807,0.));
#2761=DIRECTION('',(-0.718516773659872,-0.695509630393001,0.));
#2762=DIRECTION('',(0.556134968309633,-0.831091990710562,0.));
#2763=DIRECTION('',(-1.,0.,0.));
#2764=DIRECTION('',(-0.545042630413489,0.838408331919444,0.));
#2765=DIRECTION('',(-0.724002225233852,-0.689797635438416,0.));
#2766=DIRECTION('',(0.,-1.,0.));
#2767=DIRECTION('',(-1.,0.,0.));
#2768=DIRECTION('',(0.,1.,0.));
#2769=DIRECTION('',(1.,0.,0.));
#2770=DIRECTION('',(0.,-1.,0.));
#2771=DIRECTION('',(0.703794884766506,0.71040323772946,0.));
#2772=DIRECTION('',(1.,0.,0.));
#2773=DIRECTION('',(-1.,0.,0.));
#2774=DIRECTION('',(0.989108428574999,0.14718871057896,0.));
#2775=DIRECTION('',(-0.991568971912261,0.129579990511116,0.));
#2776=DIRECTION('',(0.,-1.,0.));
#2777=DIRECTION('',(0.,0.,1.));
#2778=DIRECTION('',(0.,0.,1.));
#2779=DIRECTION('center_axis',(1.,0.,0.));
#2780=DIRECTION('ref_axis',(0.,1.,0.));
#2781=DIRECTION('',(0.,0.,1.));
#2782=DIRECTION('',(0.,0.,1.));
#2783=DIRECTION('center_axis',(0.,1.,0.));
#2784=DIRECTION('ref_axis',(-1.,0.,0.));
#2785=DIRECTION('',(0.,0.,1.));
#2786=DIRECTION('',(0.,0.,1.));
#2787=DIRECTION('center_axis',(-1.,0.,0.));
#2788=DIRECTION('ref_axis',(0.,-1.,0.));
#2789=DIRECTION('',(0.,0.,1.));
#2790=DIRECTION('',(0.,0.,1.));
#2791=DIRECTION('center_axis',(0.,-1.,0.));
#2792=DIRECTION('ref_axis',(1.,0.,0.));
#2793=DIRECTION('center_axis',(-1.,0.,0.));
#2794=DIRECTION('ref_axis',(0.,1.,0.));
#2795=DIRECTION('',(0.,0.,-1.));
#2796=DIRECTION('',(0.,0.,-1.));
#2797=DIRECTION('center_axis',(0.,1.,0.));
#2798=DIRECTION('ref_axis',(1.,0.,0.));
#2799=DIRECTION('',(0.,0.,-1.));
#2800=DIRECTION('center_axis',(1.,0.,0.));
#2801=DIRECTION('ref_axis',(0.,-1.,0.));
#2802=DIRECTION('',(0.,0.,-1.));
#2803=DIRECTION('center_axis',(0.,1.,0.));
#2804=DIRECTION('ref_axis',(1.,0.,0.));
#2805=DIRECTION('',(0.,0.,-1.));
#2806=DIRECTION('center_axis',(-1.,0.,0.));
#2807=DIRECTION('ref_axis',(0.,1.,0.));
#2808=DIRECTION('',(0.,0.,-1.));
#2809=DIRECTION('center_axis',(0.,1.,0.));
#2810=DIRECTION('ref_axis',(1.,0.,0.));
#2811=DIRECTION('',(0.,0.,-1.));
#2812=DIRECTION('center_axis',(1.,0.,0.));
#2813=DIRECTION('ref_axis',(0.,-1.,0.));
#2814=DIRECTION('',(0.,0.,-1.));
#2815=DIRECTION('center_axis',(0.,-1.,0.));
#2816=DIRECTION('ref_axis',(-1.,0.,0.));
#2817=DIRECTION('',(0.,0.,-1.));
#2818=DIRECTION('center_axis',(-1.,0.,0.));
#2819=DIRECTION('ref_axis',(0.,1.,0.));
#2820=DIRECTION('',(0.,0.,-1.));
#2821=DIRECTION('center_axis',(0.,-1.,0.));
#2822=DIRECTION('ref_axis',(-1.,0.,0.));
#2823=DIRECTION('',(0.,0.,-1.));
#2824=DIRECTION('center_axis',(1.,0.,0.));
#2825=DIRECTION('ref_axis',(0.,-1.,0.));
#2826=DIRECTION('',(0.,0.,-1.));
#2827=DIRECTION('center_axis',(0.,-1.,0.));
#2828=DIRECTION('ref_axis',(-1.,0.,0.));
#2829=DIRECTION('',(0.,0.,-1.));
#2830=DIRECTION('',(0.,0.,-1.));
#2831=DIRECTION('center_axis',(0.153337397920415,-0.98817389279367,0.));
#2832=DIRECTION('ref_axis',(-0.98817389279367,-0.153337397920415,0.));
#2833=DIRECTION('',(0.,0.,-1.));
#2834=DIRECTION('',(0.,0.,-1.));
#2835=DIRECTION('',(0.,0.,-1.));
#2836=DIRECTION('',(0.,0.,-1.));
#2837=DIRECTION('',(0.,0.,-1.));
#2838=DIRECTION('',(0.,0.,-1.));
#2839=DIRECTION('',(0.,0.,-1.));
#2840=DIRECTION('',(0.,0.,-1.));
#2841=DIRECTION('',(0.,0.,-1.));
#2842=DIRECTION('center_axis',(0.121987269879031,0.992531664979743,0.));
#2843=DIRECTION('ref_axis',(0.992531664979743,-0.121987269879031,0.));
#2844=DIRECTION('',(0.,0.,-1.));
#2845=DIRECTION('',(0.,0.,-1.));
#2846=DIRECTION('',(0.,0.,-1.));
#2847=DIRECTION('',(0.,0.,-1.));
#2848=DIRECTION('',(0.,0.,-1.));
#2849=DIRECTION('',(0.,0.,-1.));
#2850=DIRECTION('',(0.,0.,-1.));
#2851=DIRECTION('',(0.,0.,-1.));
#2852=DIRECTION('',(0.,0.,-1.));
#2853=DIRECTION('',(0.,0.,-1.));
#2854=DIRECTION('center_axis',(0.,-1.,0.));
#2855=DIRECTION('ref_axis',(-1.,0.,0.));
#2856=DIRECTION('',(0.,0.,-1.));
#2857=DIRECTION('center_axis',(1.,0.,0.));
#2858=DIRECTION('ref_axis',(0.,-1.,0.));
#2859=DIRECTION('',(0.,0.,-1.));
#2860=DIRECTION('center_axis',(0.,-1.,0.));
#2861=DIRECTION('ref_axis',(-1.,0.,0.));
#2862=DIRECTION('',(0.,0.,-1.));
#2863=DIRECTION('center_axis',(-1.,0.,0.));
#2864=DIRECTION('ref_axis',(0.,1.,0.));
#2865=DIRECTION('',(0.,0.,-1.));
#2866=DIRECTION('center_axis',(0.,1.,0.));
#2867=DIRECTION('ref_axis',(1.,0.,0.));
#2868=DIRECTION('',(0.,0.,-1.));
#2869=DIRECTION('center_axis',(1.,0.,0.));
#2870=DIRECTION('ref_axis',(0.,-1.,0.));
#2871=DIRECTION('',(0.,0.,-1.));
#2872=DIRECTION('center_axis',(0.,1.,0.));
#2873=DIRECTION('ref_axis',(1.,0.,0.));
#2874=DIRECTION('',(0.,0.,-1.));
#2875=DIRECTION('',(0.,0.,-1.));
#2876=DIRECTION('',(0.,0.,-1.));
#2877=DIRECTION('',(0.,0.,-1.));
#2878=DIRECTION('',(0.,0.,-1.));
#2879=DIRECTION('center_axis',(-1.,0.,0.));
#2880=DIRECTION('ref_axis',(0.,1.,0.));
#2881=DIRECTION('',(0.,0.,-1.));
#2882=DIRECTION('',(0.,0.,-1.));
#2883=DIRECTION('center_axis',(0.,1.,0.));
#2884=DIRECTION('ref_axis',(1.,0.,0.));
#2885=DIRECTION('',(0.,0.,-1.));
#2886=DIRECTION('center_axis',(1.,0.,0.));
#2887=DIRECTION('ref_axis',(0.,-1.,0.));
#2888=DIRECTION('',(0.,0.,-1.));
#2889=DIRECTION('center_axis',(0.,-1.,0.));
#2890=DIRECTION('ref_axis',(-1.,0.,0.));
#2891=DIRECTION('center_axis',(0.,1.,0.));
#2892=DIRECTION('ref_axis',(1.,0.,0.));
#2893=DIRECTION('',(0.,0.,-1.));
#2894=DIRECTION('',(0.,0.,-1.));
#2895=DIRECTION('center_axis',(1.,0.,0.));
#2896=DIRECTION('ref_axis',(0.,-1.,0.));
#2897=DIRECTION('',(0.,0.,-1.));
#2898=DIRECTION('',(0.,0.,-1.));
#2899=DIRECTION('',(0.,0.,-1.));
#2900=DIRECTION('',(0.,0.,-1.));
#2901=DIRECTION('',(0.,0.,-1.));
#2902=DIRECTION('',(0.,0.,-1.));
#2903=DIRECTION('center_axis',(-1.,0.,0.));
#2904=DIRECTION('ref_axis',(0.,1.,0.));
#2905=DIRECTION('',(0.,0.,-1.));
#2906=DIRECTION('center_axis',(0.,1.,0.));
#2907=DIRECTION('ref_axis',(1.,0.,0.));
#2908=DIRECTION('',(0.,0.,-1.));
#2909=DIRECTION('center_axis',(1.,0.,0.));
#2910=DIRECTION('ref_axis',(0.,-1.,0.));
#2911=DIRECTION('',(0.,0.,-1.));
#2912=DIRECTION('center_axis',(0.,-1.,0.));
#2913=DIRECTION('ref_axis',(-1.,0.,0.));
#2914=DIRECTION('',(0.,0.,-1.));
#2915=DIRECTION('center_axis',(-1.,0.,0.));
#2916=DIRECTION('ref_axis',(0.,1.,0.));
#2917=DIRECTION('',(0.,0.,-1.));
#2918=DIRECTION('center_axis',(0.,-1.,0.));
#2919=DIRECTION('ref_axis',(-1.,0.,0.));
#2920=DIRECTION('',(0.,0.,-1.));
#2921=DIRECTION('',(0.,0.,-1.));
#2922=DIRECTION('',(0.,0.,-1.));
#2923=DIRECTION('',(0.,0.,-1.));
#2924=DIRECTION('',(0.,0.,-1.));
#2925=DIRECTION('center_axis',(-1.,0.,0.));
#2926=DIRECTION('ref_axis',(0.,1.,0.));
#2927=DIRECTION('center_axis',(0.230465634132807,-0.973080465061221,0.));
#2928=DIRECTION('ref_axis',(-0.973080465061221,-0.230465634132807,0.));
#2929=DIRECTION('',(0.,0.,-1.));
#2930=DIRECTION('',(0.,0.,-1.));
#2931=DIRECTION('',(0.,0.,-1.));
#2932=DIRECTION('',(0.,0.,-1.));
#2933=DIRECTION('',(0.,0.,-1.));
#2934=DIRECTION('',(0.,0.,-1.));
#2935=DIRECTION('',(0.,0.,-1.));
#2936=DIRECTION('',(0.,0.,-1.));
#2937=DIRECTION('',(0.,0.,-1.));
#2938=DIRECTION('',(0.,0.,-1.));
#2939=DIRECTION('center_axis',(0.246079148000832,0.969249737126188,0.));
#2940=DIRECTION('ref_axis',(0.969249737126188,-0.246079148000832,0.));
#2941=DIRECTION('',(0.,0.,-1.));
#2942=DIRECTION('',(0.,0.,-1.));
#2943=DIRECTION('',(0.,0.,-1.));
#2944=DIRECTION('',(0.,0.,-1.));
#2945=DIRECTION('',(0.,0.,-1.));
#2946=DIRECTION('',(0.,0.,-1.));
#2947=DIRECTION('',(0.,0.,-1.));
#2948=DIRECTION('',(0.,0.,-1.));
#2949=DIRECTION('center_axis',(-1.,0.,0.));
#2950=DIRECTION('ref_axis',(0.,1.,0.));
#2951=DIRECTION('',(0.,0.,-1.));
#2952=DIRECTION('',(0.,0.,-1.));
#2953=DIRECTION('center_axis',(0.,1.,0.));
#2954=DIRECTION('ref_axis',(1.,0.,0.));
#2955=DIRECTION('',(0.,0.,-1.));
#2956=DIRECTION('center_axis',(1.,0.,0.));
#2957=DIRECTION('ref_axis',(0.,-1.,0.));
#2958=DIRECTION('',(0.,0.,-1.));
#2959=DIRECTION('center_axis',(-0.71040323772946,0.703794884766506,0.));
#2960=DIRECTION('ref_axis',(0.703794884766506,0.71040323772946,0.));
#2961=DIRECTION('',(0.,0.,-1.));
#2962=DIRECTION('center_axis',(0.,1.,0.));
#2963=DIRECTION('ref_axis',(1.,0.,0.));
#2964=DIRECTION('',(0.,0.,-1.));
#2965=DIRECTION('center_axis',(0.695509630393001,-0.718516773659872,0.));
#2966=DIRECTION('ref_axis',(-0.718516773659872,-0.695509630393001,0.));
#2967=DIRECTION('',(0.,0.,-1.));
#2968=DIRECTION('center_axis',(0.831091990710562,0.556134968309633,0.));
#2969=DIRECTION('ref_axis',(0.556134968309633,-0.831091990710562,0.));
#2970=DIRECTION('',(0.,0.,-1.));
#2971=DIRECTION('center_axis',(0.,-1.,0.));
#2972=DIRECTION('ref_axis',(-1.,0.,0.));
#2973=DIRECTION('',(0.,0.,-1.));
#2974=DIRECTION('center_axis',(-0.838408331919444,-0.545042630413489,0.));
#2975=DIRECTION('ref_axis',(-0.545042630413489,0.838408331919444,0.));
#2976=DIRECTION('',(0.,0.,-1.));
#2977=DIRECTION('center_axis',(0.689797635438416,-0.724002225233852,0.));
#2978=DIRECTION('ref_axis',(-0.724002225233852,-0.689797635438416,0.));
#2979=DIRECTION('',(0.,0.,-1.));
#2980=DIRECTION('center_axis',(1.,0.,0.));
#2981=DIRECTION('ref_axis',(0.,-1.,0.));
#2982=DIRECTION('',(0.,0.,-1.));
#2983=DIRECTION('center_axis',(0.,-1.,0.));
#2984=DIRECTION('ref_axis',(-1.,0.,0.));
#2985=DIRECTION('',(0.,0.,-1.));
#2986=DIRECTION('',(0.,0.,-1.));
#2987=DIRECTION('',(0.,0.,-1.));
#2988=DIRECTION('',(0.,0.,-1.));
#2989=DIRECTION('',(0.,0.,-1.));
#2990=DIRECTION('center_axis',(-0.129579990511116,-0.991568971912261,0.));
#2991=DIRECTION('ref_axis',(-0.991568971912261,0.129579990511116,0.));
#2992=DIRECTION('',(0.,0.,-1.));
#2993=DIRECTION('',(0.,0.,-1.));
#2994=DIRECTION('',(0.,0.,-1.));
#2995=DIRECTION('',(0.,0.,-1.));
#2996=DIRECTION('',(0.,0.,-1.));
#2997=DIRECTION('',(0.,0.,-1.));
#2998=DIRECTION('center_axis',(1.,0.,0.));
#2999=DIRECTION('ref_axis',(0.,-1.,0.));
#3000=DIRECTION('',(0.,0.,-1.));
#3001=DIRECTION('',(0.,0.,-1.));
#3002=DIRECTION('',(0.,0.,-1.));
#3003=DIRECTION('center_axis',(0.,-1.,0.));
#3004=DIRECTION('ref_axis',(-1.,0.,0.));
#3005=DIRECTION('',(0.,0.,-1.));
#3006=DIRECTION('',(0.,0.,-1.));
#3007=DIRECTION('',(0.,0.,-1.));
#3008=DIRECTION('',(0.,0.,-1.));
#3009=DIRECTION('',(0.,0.,-1.));
#3010=DIRECTION('',(0.,0.,-1.));
#3011=DIRECTION('',(0.,0.,-1.));
#3012=DIRECTION('center_axis',(-0.14718871057896,0.989108428574999,0.));
#3013=DIRECTION('ref_axis',(0.989108428574999,0.14718871057896,0.));
#3014=DIRECTION('',(0.,0.,-1.));
#3015=DIRECTION('',(0.,0.,-1.));
#3016=DIRECTION('',(0.,0.,-1.));
#3017=CARTESIAN_POINT('',(0.,0.,0.));
#3018=CARTESIAN_POINT('Origin',(184.979739244789,-81.5101117183206,14.040017));
#3019=CARTESIAN_POINT('',(199.859476030886,-87.7500013113022,14.040017));
#3020=CARTESIAN_POINT('',(204.179399530886,-83.4300778113022,14.040017));
#3021=CARTESIAN_POINT('Ctrl Pts',(199.859476030886,-87.7500013113022,14.040017));
#3022=CARTESIAN_POINT('Ctrl Pts',(200.384358047181,-87.7500013113022,14.040017));
#3023=CARTESIAN_POINT('Ctrl Pts',(200.945238066573,-87.7500013113022,14.040017));
#3024=CARTESIAN_POINT('Ctrl Pts',(202.005130961619,-87.4180916723898,14.040017));
#3025=CARTESIAN_POINT('Ctrl Pts',(202.41974876952,-87.188321650843,14.040017));
#3026=CARTESIAN_POINT('Ctrl Pts',(203.152054444328,-86.5748297799023,14.040017));
#3027=CARTESIAN_POINT('Ctrl Pts',(203.500776500915,-86.1789270278915,14.040017));
#3028=CARTESIAN_POINT('Ctrl Pts',(203.963540755678,-85.2878676200636,14.040017));
#3029=CARTESIAN_POINT('Ctrl Pts',(204.064622915894,-84.9070514678221,14.040017));
#3030=CARTESIAN_POINT('Ctrl Pts',(204.179399530886,-84.1756075459737,14.040017));
#3031=CARTESIAN_POINT('Ctrl Pts',(204.179399530886,-83.7965115353605,14.040017));
#3032=CARTESIAN_POINT('Ctrl Pts',(204.179399530886,-83.4300778113021,14.040017));
#3033=CARTESIAN_POINT('',(170.100002458692,-87.7500013113022,14.040017));
#3034=CARTESIAN_POINT('',(204.179399530886,-87.7500013113022,14.040017));
#3035=CARTESIAN_POINT('',(165.780078958692,-83.4300778113022,14.040017));
#3036=CARTESIAN_POINT('Ctrl Pts',(165.780078958692,-83.4300778113022,14.040017));
#3037=CARTESIAN_POINT('Ctrl Pts',(165.780078958692,-83.9549598275966,14.040017));
#3038=CARTESIAN_POINT('Ctrl Pts',(165.780078958692,-84.5158398469896,14.040017));
#3039=CARTESIAN_POINT('Ctrl Pts',(166.111988597604,-85.5757327420347,14.040017));
#3040=CARTESIAN_POINT('Ctrl Pts',(166.341758619151,-85.9903505499357,14.040017));
#3041=CARTESIAN_POINT('Ctrl Pts',(166.955250490092,-86.7226562247448,14.040017));
#3042=CARTESIAN_POINT('Ctrl Pts',(167.351153242103,-87.0713782813316,14.040017));
#3043=CARTESIAN_POINT('Ctrl Pts',(168.242212649929,-87.5341425360937,14.040017));
#3044=CARTESIAN_POINT('Ctrl Pts',(168.62302880217,-87.6352246963098,14.040017));
#3045=CARTESIAN_POINT('Ctrl Pts',(169.35447272402,-87.7500013113022,14.040017));
#3046=CARTESIAN_POINT('Ctrl Pts',(169.733568734633,-87.7500013113022,14.040017));
#3047=CARTESIAN_POINT('Ctrl Pts',(170.100002458692,-87.7500013113022,14.040017));
#3048=CARTESIAN_POINT('',(165.780078958692,-79.590145625339,14.040017));
#3049=CARTESIAN_POINT('',(165.780078958692,-87.7500013113022,14.040017));
#3050=CARTESIAN_POINT('',(170.100002458692,-75.270222125339,14.040017));
#3051=CARTESIAN_POINT('Ctrl Pts',(170.100002458692,-75.270222125339,14.040017));
#3052=CARTESIAN_POINT('Ctrl Pts',(169.575120442397,-75.270222125339,14.040017));
#3053=CARTESIAN_POINT('Ctrl Pts',(169.014240423004,-75.270222125339,14.040017));
#3054=CARTESIAN_POINT('Ctrl Pts',(167.954347527959,-75.6021317642514,14.040017));
#3055=CARTESIAN_POINT('Ctrl Pts',(167.539729720058,-75.8319017857982,14.040017));
#3056=CARTESIAN_POINT('Ctrl Pts',(166.807424045249,-76.445393656739,14.040017));
#3057=CARTESIAN_POINT('Ctrl Pts',(166.458701988662,-76.8412964087499,14.040017));
#3058=CARTESIAN_POINT('Ctrl Pts',(165.9959377339,-77.7323558165775,14.040017));
#3059=CARTESIAN_POINT('Ctrl Pts',(165.894855573684,-78.113171968819,14.040017));
#3060=CARTESIAN_POINT('Ctrl Pts',(165.780078958692,-78.8446158906674,14.040017));
#3061=CARTESIAN_POINT('Ctrl Pts',(165.780078958692,-79.2237119012807,14.040017));
#3062=CARTESIAN_POINT('Ctrl Pts',(165.780078958692,-79.590145625339,14.040017));
#3063=CARTESIAN_POINT('',(199.859476030886,-75.270222125339,14.040017));
#3064=CARTESIAN_POINT('',(165.780078958692,-75.270222125339,14.040017));
#3065=CARTESIAN_POINT('',(204.179399530886,-79.590145625339,14.040017));
#3066=CARTESIAN_POINT('Ctrl Pts',(204.179399530886,-79.590145625339,14.040017));
#3067=CARTESIAN_POINT('Ctrl Pts',(204.179399530886,-79.0652636090445,14.040017));
#3068=CARTESIAN_POINT('Ctrl Pts',(204.179399530886,-78.5043835896516,14.040017));
#3069=CARTESIAN_POINT('Ctrl Pts',(203.847489891974,-77.4444906946064,14.040017));
#3070=CARTESIAN_POINT('Ctrl Pts',(203.617719870427,-77.0298728867055,14.040017));
#3071=CARTESIAN_POINT('Ctrl Pts',(203.004227999486,-76.2975672118961,14.040017));
#3072=CARTESIAN_POINT('Ctrl Pts',(202.608325247475,-75.9488451553094,14.040017));
#3073=CARTESIAN_POINT('Ctrl Pts',(201.717265839648,-75.4860809005472,14.040017));
#3074=CARTESIAN_POINT('Ctrl Pts',(201.336449687407,-75.3849987403312,14.040017));
#3075=CARTESIAN_POINT('Ctrl Pts',(200.605005765558,-75.2702221253389,14.040017));
#3076=CARTESIAN_POINT('Ctrl Pts',(200.225909754945,-75.270222125339,14.040017));
#3077=CARTESIAN_POINT('Ctrl Pts',(199.859476030886,-75.270222125339,14.040017));
#3078=CARTESIAN_POINT('',(204.179399530886,-75.270222125339,14.040017));
#3079=CARTESIAN_POINT('',(173.402645662427,-79.4206178933382,14.040017));
#3080=CARTESIAN_POINT('',(172.749782279134,-79.4206178933382,14.040017));
#3081=CARTESIAN_POINT('',(178.864760761961,-79.4206178933382,14.040017));
#3082=CARTESIAN_POINT('',(172.749782279134,-81.4361245185137,14.040017));
#3083=CARTESIAN_POINT('',(172.749782279134,-81.4731181184171,14.040017));
#3084=CARTESIAN_POINT('',(170.198592841625,-81.4361245185137,14.040017));
#3085=CARTESIAN_POINT('',(177.589166043207,-81.4361245185137,14.040017));
#3086=CARTESIAN_POINT('',(170.198592841625,-79.4206178933382,14.040017));
#3087=CARTESIAN_POINT('',(170.198592841625,-80.4653648058294,14.040017));
#3088=CARTESIAN_POINT('',(169.549077413976,-79.4206178933382,14.040017));
#3089=CARTESIAN_POINT('',(177.264408329383,-79.4206178933382,14.040017));
#3090=CARTESIAN_POINT('',(169.549077413976,-84.3288118392229,14.040017));
#3091=CARTESIAN_POINT('',(169.549077413976,-82.9194617787717,14.040017));
#3092=CARTESIAN_POINT('',(170.198592841625,-84.3288118392229,14.040017));
#3093=CARTESIAN_POINT('',(177.589166043207,-84.3288118392229,14.040017));
#3094=CARTESIAN_POINT('',(170.198592841625,-82.0186794549227,14.040017));
#3095=CARTESIAN_POINT('',(170.198592841625,-81.7643955866216,14.040017));
#3096=CARTESIAN_POINT('',(172.749782279134,-82.0186794549227,14.040017));
#3097=CARTESIAN_POINT('',(178.864760761961,-82.0186794549227,14.040017));
#3098=CARTESIAN_POINT('',(172.749782279134,-84.3288118392229,14.040017));
#3099=CARTESIAN_POINT('',(172.749782279134,-82.9194617787717,14.040017));
#3100=CARTESIAN_POINT('',(173.402645662427,-84.3288118392229,14.040017));
#3101=CARTESIAN_POINT('',(179.191192453608,-84.3288118392229,14.040017));
#3102=CARTESIAN_POINT('',(173.402645662427,-80.4653648058294,14.040017));
#3103=CARTESIAN_POINT('',(180.533923283219,-83.0264330655336,14.040017));
#3104=CARTESIAN_POINT('',(180.252689495683,-83.696036413312,14.040017));
#3105=CARTESIAN_POINT('Ctrl Pts',(180.533923283219,-83.0264330655336,14.040017));
#3106=CARTESIAN_POINT('Ctrl Pts',(180.512036186744,-83.161285195319,14.040017));
#3107=CARTESIAN_POINT('Ctrl Pts',(180.490149090268,-83.2961373251044,14.040017));
#3108=CARTESIAN_POINT('Ctrl Pts',(180.435156002641,-83.4164769202471,14.040017));
#3109=CARTESIAN_POINT('Ctrl Pts',(180.389527688501,-83.5163238844292,14.040017));
#3110=CARTESIAN_POINT('Ctrl Pts',(180.321108592092,-83.6061801488706,14.040017));
#3111=CARTESIAN_POINT('Ctrl Pts',(180.252689495683,-83.696036413312,14.040017));
#3112=CARTESIAN_POINT('',(179.643350020051,-83.9170057326555,14.040017));
#3113=CARTESIAN_POINT('Ctrl Pts',(180.252689495683,-83.696036413312,14.040017));
#3114=CARTESIAN_POINT('Ctrl Pts',(180.168528436451,-83.7604218120445,14.040017));
#3115=CARTESIAN_POINT('Ctrl Pts',(180.08436737722,-83.824807210777,14.040017));
#3116=CARTESIAN_POINT('Ctrl Pts',(179.989871159196,-83.8617635518312,14.040017));
#3117=CARTESIAN_POINT('Ctrl Pts',(179.883151954078,-83.9035001569977,14.040017));
#3118=CARTESIAN_POINT('Ctrl Pts',(179.763250987065,-83.9102529448266,14.040017));
#3119=CARTESIAN_POINT('Ctrl Pts',(179.643350020051,-83.9170057326555,14.040017));
#3120=CARTESIAN_POINT('',(178.903438821435,-83.5621161013842,14.040017));
#3121=CARTESIAN_POINT('Ctrl Pts',(179.643350020051,-83.9170057326555,14.040017));
#3122=CARTESIAN_POINT('Ctrl Pts',(179.493275192068,-83.9039408881012,14.040017));
#3123=CARTESIAN_POINT('Ctrl Pts',(179.343200364085,-83.8908760435469,14.040017));
#3124=CARTESIAN_POINT('Ctrl Pts',(179.217315092683,-83.8282830268145,14.040017));
#3125=CARTESIAN_POINT('Ctrl Pts',(179.098267611129,-83.7690899145316,14.040017));
#3126=CARTESIAN_POINT('Ctrl Pts',(179.000853216282,-83.6656030079579,14.040017));
#3127=CARTESIAN_POINT('Ctrl Pts',(178.903438821435,-83.5621161013842,14.040017));
#3128=CARTESIAN_POINT('',(178.648989573121,-82.5476665049791,14.040017));
#3129=CARTESIAN_POINT('Ctrl Pts',(178.903438821435,-83.5621161013842,14.040017));
#3130=CARTESIAN_POINT('Ctrl Pts',(178.829440238721,-83.4206589994706,14.040017));
#3131=CARTESIAN_POINT('Ctrl Pts',(178.755441656006,-83.279201897557,14.040017));
#3132=CARTESIAN_POINT('Ctrl Pts',(178.712602034211,-83.1293845921755,14.040017));
#3133=CARTESIAN_POINT('Ctrl Pts',(178.659595368176,-82.9440114366751,14.040017));
#3134=CARTESIAN_POINT('Ctrl Pts',(178.654292470649,-82.7458389708271,14.040017));
#3135=CARTESIAN_POINT('Ctrl Pts',(178.648989573121,-82.5476665049791,14.040017));
#3136=CARTESIAN_POINT('',(178.910134807229,-81.5466091781855,14.040017));
#3137=CARTESIAN_POINT('Ctrl Pts',(178.648989573121,-82.5476665049791,14.040017));
#3138=CARTESIAN_POINT('Ctrl Pts',(178.654864887111,-82.3526975049251,14.040017));
#3139=CARTESIAN_POINT('Ctrl Pts',(178.660740201101,-82.157728504871,14.040017));
#3140=CARTESIAN_POINT('Ctrl Pts',(178.714275732636,-81.9759923964739,14.040017));
#3141=CARTESIAN_POINT('Ctrl Pts',(178.758186389047,-81.8269296789767,14.040017));
#3142=CARTESIAN_POINT('Ctrl Pts',(178.834160598138,-81.6867694285811,14.040017));
#3143=CARTESIAN_POINT('Ctrl Pts',(178.910134807229,-81.5466091781855,14.040017));
#3144=CARTESIAN_POINT('',(179.676831141114,-81.1883712559938,14.040017));
#3145=CARTESIAN_POINT('Ctrl Pts',(178.910134807229,-81.5466091781855,14.040017));
#3146=CARTESIAN_POINT('Ctrl Pts',(179.010417062196,-81.4421661558601,14.040017));
#3147=CARTESIAN_POINT('Ctrl Pts',(179.110699317164,-81.3377231335347,14.040017));
#3148=CARTESIAN_POINT('Ctrl Pts',(179.232380762696,-81.2779305130243,14.040017));
#3149=CARTESIAN_POINT('Ctrl Pts',(179.363871848192,-81.2133175677953,14.040017));
#3150=CARTESIAN_POINT('Ctrl Pts',(179.520351494653,-81.2008444118946,14.040017));
#3151=CARTESIAN_POINT('Ctrl Pts',(179.676831141114,-81.1883712559938,14.040017));
#3152=CARTESIAN_POINT('',(180.192425623536,-81.3691643625498,14.040017));
#3153=CARTESIAN_POINT('Ctrl Pts',(179.676831141114,-81.1883712559938,14.040017));
#3154=CARTESIAN_POINT('Ctrl Pts',(179.775444421864,-81.1945546254199,14.040017));
#3155=CARTESIAN_POINT('Ctrl Pts',(179.874057702613,-81.2007379948459,14.040017));
#3156=CARTESIAN_POINT('Ctrl Pts',(179.963086023927,-81.233569458127,14.040017));
#3157=CARTESIAN_POINT('Ctrl Pts',(180.044933265774,-81.2637527152718,14.040017));
#3158=CARTESIAN_POINT('Ctrl Pts',(180.118679444655,-81.3164585389108,14.040017));
#3159=CARTESIAN_POINT('Ctrl Pts',(180.192425623536,-81.3691643625498,14.040017));
#3160=CARTESIAN_POINT('',(180.487051382661,-81.9081950932741,14.040017));
#3161=CARTESIAN_POINT('Ctrl Pts',(180.192425623536,-81.3691643625498,14.040017));
#3162=CARTESIAN_POINT('Ctrl Pts',(180.25673359154,-81.4409993195532,14.040017));
#3163=CARTESIAN_POINT('Ctrl Pts',(180.321041559543,-81.5128342765566,14.040017));
#3164=CARTESIAN_POINT('Ctrl Pts',(180.3681961447,-81.594318524003,14.040017));
#3165=CARTESIAN_POINT('Ctrl Pts',(180.423602862604,-81.6900626535905,14.040017));
#3166=CARTESIAN_POINT('Ctrl Pts',(180.455327122633,-81.7991288734323,14.040017));
#3167=CARTESIAN_POINT('Ctrl Pts',(180.487051382661,-81.9081950932741,14.040017));
#3168=CARTESIAN_POINT('',(181.069605723023,-81.8177986890078,14.040017));
#3169=CARTESIAN_POINT('',(183.002015237427,-81.5179419038648,14.040017));
#3170=CARTESIAN_POINT('',(180.587491169572,-80.9807942062616,14.040017));
#3171=CARTESIAN_POINT('Ctrl Pts',(181.069605723023,-81.8177986890078,14.040017));
#3172=CARTESIAN_POINT('Ctrl Pts',(181.02974955083,-81.6469442974319,14.040017));
#3173=CARTESIAN_POINT('Ctrl Pts',(180.989893378637,-81.4760899058561,14.040017));
#3174=CARTESIAN_POINT('Ctrl Pts',(180.903878584504,-81.3323361426592,14.040017));
#3175=CARTESIAN_POINT('Ctrl Pts',(180.824574333639,-81.1997974949261,14.040017));
#3176=CARTESIAN_POINT('Ctrl Pts',(180.706032751606,-81.0902958505939,14.040017));
#3177=CARTESIAN_POINT('Ctrl Pts',(180.587491169572,-80.9807942062616,14.040017));
#3178=CARTESIAN_POINT('',(179.650047197938,-80.6962127238512,14.040017));
#3179=CARTESIAN_POINT('Ctrl Pts',(180.587491169572,-80.9807942062616,14.040017));
#3180=CARTESIAN_POINT('Ctrl Pts',(180.448308196019,-80.8978198673577,14.040017));
#3181=CARTESIAN_POINT('Ctrl Pts',(180.309125222466,-80.8148455284537,14.040017));
#3182=CARTESIAN_POINT('Ctrl Pts',(180.158945694566,-80.767358019948,14.040017));
#3183=CARTESIAN_POINT('Ctrl Pts',(179.997758016395,-80.7163896799541,14.040017));
#3184=CARTESIAN_POINT('Ctrl Pts',(179.823902607166,-80.7063012019027,14.040017));
#3185=CARTESIAN_POINT('Ctrl Pts',(179.650047197938,-80.6962127238512,14.040017));
#3186=CARTESIAN_POINT('',(178.883350864053,-80.8669615536928,14.040017));
#3187=CARTESIAN_POINT('Ctrl Pts',(179.650047197938,-80.6962127238512,14.040017));
#3188=CARTESIAN_POINT('Ctrl Pts',(179.517616349214,-80.7033482610165,14.040017));
#3189=CARTESIAN_POINT('Ctrl Pts',(179.38518550049,-80.7104837981819,14.040017));
#3190=CARTESIAN_POINT('Ctrl Pts',(179.25749219954,-80.7389000803232,14.040017));
#3191=CARTESIAN_POINT('Ctrl Pts',(179.129610741239,-80.7673582341393,14.040017));
#3192=CARTESIAN_POINT('Ctrl Pts',(179.006480802646,-80.817159893916,14.040017));
#3193=CARTESIAN_POINT('Ctrl Pts',(178.883350864053,-80.8669615536928,14.040017));
#3194=CARTESIAN_POINT('',(178.274011388421,-81.4528647810221,14.040017));
#3195=CARTESIAN_POINT('Ctrl Pts',(178.883350864053,-80.8669615536928,14.040017));
#3196=CARTESIAN_POINT('Ctrl Pts',(178.764899227788,-80.9364484046205,14.040017));
#3197=CARTESIAN_POINT('Ctrl Pts',(178.646447591523,-81.0059352555483,14.040017));
#3198=CARTESIAN_POINT('Ctrl Pts',(178.548549190164,-81.0971380025148,14.040017));
#3199=CARTESIAN_POINT('Ctrl Pts',(178.440276542138,-81.1980054608605,14.040017));
#3200=CARTESIAN_POINT('Ctrl Pts',(178.35714396528,-81.3254351209413,14.040017));
#3201=CARTESIAN_POINT('Ctrl Pts',(178.274011388421,-81.4528647810221,14.040017));
#3202=CARTESIAN_POINT('',(178.032954111695,-82.5610584765673,14.040017));
#3203=CARTESIAN_POINT('Ctrl Pts',(178.274011388421,-81.4528647810221,14.040017));
#3204=CARTESIAN_POINT('Ctrl Pts',(178.203870315377,-81.6121283880835,14.040017));
#3205=CARTESIAN_POINT('Ctrl Pts',(178.133729242333,-81.771391995145,14.040017));
#3206=CARTESIAN_POINT('Ctrl Pts',(178.093218579888,-81.937490478158,14.040017));
#3207=CARTESIAN_POINT('Ctrl Pts',(178.044153670222,-82.1386623813784,14.040017));
#3208=CARTESIAN_POINT('Ctrl Pts',(178.038553890958,-82.3498604289728,14.040017));
#3209=CARTESIAN_POINT('Ctrl Pts',(178.032954111695,-82.5610584765673,14.040017));
#3210=CARTESIAN_POINT('',(178.454804196954,-83.9069617539644,14.040017));
#3211=CARTESIAN_POINT('Ctrl Pts',(178.032954111695,-82.5610584765673,14.040017));
#3212=CARTESIAN_POINT('Ctrl Pts',(178.045550271881,-82.8200726434297,14.040017));
#3213=CARTESIAN_POINT('Ctrl Pts',(178.058146432067,-83.0790868102922,14.040017));
#3214=CARTESIAN_POINT('Ctrl Pts',(178.138416185975,-83.3160359412432,14.040017));
#3215=CARTESIAN_POINT('Ctrl Pts',(178.208997086652,-83.5243844444207,14.040017));
#3216=CARTESIAN_POINT('Ctrl Pts',(178.331900641803,-83.7156730991926,14.040017));
#3217=CARTESIAN_POINT('Ctrl Pts',(178.454804196954,-83.9069617539644,14.040017));
#3218=CARTESIAN_POINT('',(179.650047197938,-84.4125122576952,14.040017));
#3219=CARTESIAN_POINT('Ctrl Pts',(178.454804196954,-83.9069617539644,14.040017));
#3220=CARTESIAN_POINT('Ctrl Pts',(178.615574893107,-84.0543275153699,14.040017));
#3221=CARTESIAN_POINT('Ctrl Pts',(178.77634558926,-84.2016932767753,14.040017));
#3222=CARTESIAN_POINT('Ctrl Pts',(178.964539542794,-84.2861247807741,14.040017));
#3223=CARTESIAN_POINT('Ctrl Pts',(179.171031877763,-84.3787656870213,14.040017));
#3224=CARTESIAN_POINT('Ctrl Pts',(179.410539537851,-84.3956389723583,14.040017));
#3225=CARTESIAN_POINT('Ctrl Pts',(179.650047197938,-84.4125122576952,14.040017));
#3226=CARTESIAN_POINT('',(180.597535744309,-84.0977985411882,14.040017));
#3227=CARTESIAN_POINT('Ctrl Pts',(179.650047197938,-84.4125122576952,14.040017));
#3228=CARTESIAN_POINT('Ctrl Pts',(179.821579589056,-84.3995442657764,14.040017));
#3229=CARTESIAN_POINT('Ctrl Pts',(179.993111980175,-84.3865762738575,14.040017));
#3230=CARTESIAN_POINT('Ctrl Pts',(180.151412859559,-84.3338341265917,14.040017));
#3231=CARTESIAN_POINT('Ctrl Pts',(180.308844936713,-84.281381443891,14.040017));
#3232=CARTESIAN_POINT('Ctrl Pts',(180.453190340511,-84.1895899925396,14.040017));
#3233=CARTESIAN_POINT('Ctrl Pts',(180.597535744309,-84.0977985411882,14.040017));
#3234=CARTESIAN_POINT('',(181.133218184114,-83.1000895053148,14.040017));
#3235=CARTESIAN_POINT('Ctrl Pts',(180.597535744309,-84.0977985411882,14.040017));
#3236=CARTESIAN_POINT('Ctrl Pts',(180.725609391065,-83.9692505780003,14.040017));
#3237=CARTESIAN_POINT('Ctrl Pts',(180.85368303782,-83.8407026148124,14.040017));
#3238=CARTESIAN_POINT('Ctrl Pts',(180.940707102418,-83.6893404275179,14.040017));
#3239=CARTESIAN_POINT('Ctrl Pts',(181.041827946676,-83.5134595118342,14.040017));
#3240=CARTESIAN_POINT('Ctrl Pts',(181.087523065395,-83.3067745085745,14.040017));
#3241=CARTESIAN_POINT('Ctrl Pts',(181.133218184114,-83.1000895053148,14.040017));
#3242=CARTESIAN_POINT('',(182.631957171304,-83.2842922705862,14.040017));
#3243=CARTESIAN_POINT('',(197.039648666978,-81.1749792844057,14.040017));
#3244=CARTESIAN_POINT('',(197.039648666978,-79.4206178933382,14.040017));
#3245=CARTESIAN_POINT('',(197.039648666978,-80.4653648058294,14.040017));
#3246=CARTESIAN_POINT('',(196.437007561326,-79.4206178933382,14.040017));
#3247=CARTESIAN_POINT('',(190.708373403057,-79.4206178933382,14.040017));
#3248=CARTESIAN_POINT('',(196.437007561326,-84.3288118392229,14.040017));
#3249=CARTESIAN_POINT('',(196.437007561326,-82.9194617787717,14.040017));
#3250=CARTESIAN_POINT('',(196.999475136399,-84.3288118392229,14.040017));
#3251=CARTESIAN_POINT('',(190.989607190594,-84.3288118392229,14.040017));
#3252=CARTESIAN_POINT('',(196.999475136399,-83.8835258036852,14.040017));
#3253=CARTESIAN_POINT('',(196.999475136399,-82.6968187610029,14.040017));
#3254=CARTESIAN_POINT('',(197.012864723802,-83.8835258036852,14.040017));
#3255=CARTESIAN_POINT('',(190.996301984295,-83.8835258036852,14.040017));
#3256=CARTESIAN_POINT('',(197.987138405442,-84.4125122576952,14.040017));
#3257=CARTESIAN_POINT('Ctrl Pts',(197.012864723802,-83.8835258036852,14.040017));
#3258=CARTESIAN_POINT('Ctrl Pts',(197.140146296082,-84.0378132917564,14.040017));
#3259=CARTESIAN_POINT('Ctrl Pts',(197.267427868363,-84.1921007798276,14.040017));
#3260=CARTESIAN_POINT('Ctrl Pts',(197.430531159043,-84.2802662402391,14.040017));
#3261=CARTESIAN_POINT('Ctrl Pts',(197.592513025229,-84.3678255148009,14.040017));
#3262=CARTESIAN_POINT('Ctrl Pts',(197.789825715336,-84.390168886248,14.040017));
#3263=CARTESIAN_POINT('Ctrl Pts',(197.987138405442,-84.4125122576952,14.040017));
#3264=CARTESIAN_POINT('',(199.061853066087,-83.9203537255526,14.040017));
#3265=CARTESIAN_POINT('Ctrl Pts',(197.987138405442,-84.4125122576952,14.040017));
#3266=CARTESIAN_POINT('Ctrl Pts',(198.187735913407,-84.3900312842638,14.040017));
#3267=CARTESIAN_POINT('Ctrl Pts',(198.388333421372,-84.3675503108323,14.040017));
#3268=CARTESIAN_POINT('Ctrl Pts',(198.563834801316,-84.2894727736712,14.040017));
#3269=CARTESIAN_POINT('Ctrl Pts',(198.748330453203,-84.2073938400423,14.040017));
#3270=CARTESIAN_POINT('Ctrl Pts',(198.905091759645,-84.0638737827974,14.040017));
#3271=CARTESIAN_POINT('Ctrl Pts',(199.061853066087,-83.9203537255526,14.040017));
#3272=CARTESIAN_POINT('',(199.523879662156,-82.4974460154772,14.040017));
#3273=CARTESIAN_POINT('Ctrl Pts',(199.061853066087,-83.9203537255526,14.040017));
#3274=CARTESIAN_POINT('Ctrl Pts',(199.196347346313,-83.7257105762407,14.040017));
#3275=CARTESIAN_POINT('Ctrl Pts',(199.33084162654,-83.5310674269288,14.040017));
#3276=CARTESIAN_POINT('Ctrl Pts',(199.408375397325,-83.3168733865023,14.040017));
#3277=CARTESIAN_POINT('Ctrl Pts',(199.500575511693,-83.0621622480584,14.040017));
#3278=CARTESIAN_POINT('Ctrl Pts',(199.512227586925,-82.7798041317678,14.040017));
#3279=CARTESIAN_POINT('Ctrl Pts',(199.523879662156,-82.4974460154772,14.040017));
#3280=CARTESIAN_POINT('',(199.112073555589,-81.1950672417879,14.040017));
#3281=CARTESIAN_POINT('Ctrl Pts',(199.523879662156,-82.4974460154772,14.040017));
#3282=CARTESIAN_POINT('Ctrl Pts',(199.511152303824,-82.2479165992167,14.040017));
#3283=CARTESIAN_POINT('Ctrl Pts',(199.498424945493,-81.9983871829562,14.040017));
#3284=CARTESIAN_POINT('Ctrl Pts',(199.420925751328,-81.7700893431902,14.040017));
#3285=CARTESIAN_POINT('Ctrl Pts',(199.352065683693,-81.5672407219,14.040017));
#3286=CARTESIAN_POINT('Ctrl Pts',(199.232069619641,-81.381153981844,14.040017));
#3287=CARTESIAN_POINT('Ctrl Pts',(199.112073555589,-81.1950672417879,14.040017));
#3288=CARTESIAN_POINT('',(198.013922348619,-80.6962127238512,14.040017));
#3289=CARTESIAN_POINT('Ctrl Pts',(199.112073555589,-81.1950672417879,14.040017));
#3290=CARTESIAN_POINT('Ctrl Pts',(198.961464260977,-81.0495800840278,14.040017));
#3291=CARTESIAN_POINT('Ctrl Pts',(198.810854966366,-80.9040929262677,14.040017));
#3292=CARTESIAN_POINT('Ctrl Pts',(198.63163150847,-80.820926502347,14.040017));
#3293=CARTESIAN_POINT('Ctrl Pts',(198.446158199366,-80.7348599124492,14.040017));
#3294=CARTESIAN_POINT('Ctrl Pts',(198.230040273992,-80.7155363181502,14.040017));
#3295=CARTESIAN_POINT('Ctrl Pts',(198.013922348619,-80.6962127238512,14.040017));
#3296=CARTESIAN_POINT('',(197.056390419602,-81.1749792844057,14.040017));
#3297=CARTESIAN_POINT('Ctrl Pts',(198.013922348619,-80.6962127238512,14.040017));
#3298=CARTESIAN_POINT('Ctrl Pts',(197.819452817237,-80.7146019723183,14.040017));
#3299=CARTESIAN_POINT('Ctrl Pts',(197.624983285855,-80.7329912207854,14.040017));
#3300=CARTESIAN_POINT('Ctrl Pts',(197.463175430894,-80.8159045130014,14.040017));
#3301=CARTESIAN_POINT('Ctrl Pts',(197.307399022836,-80.8957271819613,14.040017));
#3302=CARTESIAN_POINT('Ctrl Pts',(197.181894721219,-81.0353532331835,14.040017));
#3303=CARTESIAN_POINT('Ctrl Pts',(197.056390419602,-81.1749792844057,14.040017));
#3304=CARTESIAN_POINT('',(191.009693955883,-81.1749792844057,14.040017));
#3305=CARTESIAN_POINT('',(191.702911034226,-79.4206178933382,14.040017));
#3306=CARTESIAN_POINT('',(191.100267544389,-79.4206178933382,14.040017));
#3307=CARTESIAN_POINT('',(188.040003394589,-79.4206178933382,14.040017));
#3308=CARTESIAN_POINT('',(191.100267544389,-84.3288118392229,14.040017));
#3309=CARTESIAN_POINT('',(191.100267544389,-82.9194617787717,14.040017));
#3310=CARTESIAN_POINT('',(191.702911034226,-84.3288118392229,14.040017));
#3311=CARTESIAN_POINT('',(188.341325139508,-84.3288118392229,14.040017));
#3312=CARTESIAN_POINT('',(191.702911034226,-80.4653648058294,14.040017));
#3313=CARTESIAN_POINT('',(195.50290979445,-80.7765651494265,14.040017));
#3314=CARTESIAN_POINT('',(194.900266304612,-80.7765651494265,14.040017));
#3315=CARTESIAN_POINT('',(189.940002774701,-80.7765651494265,14.040017));
#3316=CARTESIAN_POINT('',(194.900266304612,-82.6748914271593,14.040017));
#3317=CARTESIAN_POINT('',(194.900266304612,-82.0925015727399,14.040017));
#3318=CARTESIAN_POINT('',(194.598945751786,-83.6558604985476,14.040017));
#3319=CARTESIAN_POINT('Ctrl Pts',(194.900266304612,-82.6748914271593,14.040017));
#3320=CARTESIAN_POINT('Ctrl Pts',(194.900087029583,-82.8560033365217,14.040017));
#3321=CARTESIAN_POINT('Ctrl Pts',(194.899907754554,-83.0371152458841,14.040017));
#3322=CARTESIAN_POINT('Ctrl Pts',(194.807253858418,-83.3757919034533,14.040017));
#3323=CARTESIAN_POINT('Ctrl Pts',(194.721258733876,-83.4914116654729,14.040017));
#3324=CARTESIAN_POINT('Ctrl Pts',(194.598945751786,-83.6558604985476,14.040017));
#3325=CARTESIAN_POINT('',(193.956126347184,-83.8902217894793,14.040017));
#3326=CARTESIAN_POINT('Ctrl Pts',(194.598945751786,-83.6558604985476,14.040017));
#3327=CARTESIAN_POINT('Ctrl Pts',(194.498653920179,-83.724197590648,14.040017));
#3328=CARTESIAN_POINT('Ctrl Pts',(194.398362088572,-83.7925346827484,14.040017));
#3329=CARTESIAN_POINT('Ctrl Pts',(194.287580624223,-83.8316316157579,14.040017));
#3330=CARTESIAN_POINT('Ctrl Pts',(194.183293120225,-83.8684367038788,14.040017));
#3331=CARTESIAN_POINT('Ctrl Pts',(194.069709733704,-83.879329246679,14.040017));
#3332=CARTESIAN_POINT('Ctrl Pts',(193.956126347184,-83.8902217894793,14.040017));
#3333=CARTESIAN_POINT('',(193.500794544816,-83.759648874402,14.040017));
#3334=CARTESIAN_POINT('Ctrl Pts',(193.956126347184,-83.8902217894793,14.040017));
#3335=CARTESIAN_POINT('Ctrl Pts',(193.872264962064,-83.8856061628748,14.040017));
#3336=CARTESIAN_POINT('Ctrl Pts',(193.788403576945,-83.8809905362703,14.040017));
#3337=CARTESIAN_POINT('Ctrl Pts',(193.71004499495,-83.8575787097216,14.040017));
#3338=CARTESIAN_POINT('Ctrl Pts',(193.637117196951,-83.8357894823788,14.040017));
#3339=CARTESIAN_POINT('Ctrl Pts',(193.568955870884,-83.7977191783904,14.040017));
#3340=CARTESIAN_POINT('Ctrl Pts',(193.500794544816,-83.759648874402,14.040017));
#3341=CARTESIAN_POINT('',(193.26308645308,-83.4214992076159,14.040017));
#3342=CARTESIAN_POINT('Ctrl Pts',(193.500794544816,-83.759648874402,14.040017));
#3343=CARTESIAN_POINT('Ctrl Pts',(193.443435844856,-83.713138807948,14.040017));
#3344=CARTESIAN_POINT('Ctrl Pts',(193.386077144895,-83.6666287414939,14.040017));
#3345=CARTESIAN_POINT('Ctrl Pts',(193.345948830247,-83.60815115273,14.040017));
#3346=CARTESIAN_POINT('Ctrl Pts',(193.308119722089,-83.5530241171311,14.040017));
#3347=CARTESIAN_POINT('Ctrl Pts',(193.285603087585,-83.4872616623735,14.040017));
#3348=CARTESIAN_POINT('Ctrl Pts',(193.26308645308,-83.4214992076159,14.040017));
#3349=CARTESIAN_POINT('',(193.219563141465,-82.745199277997,14.040017));
#3350=CARTESIAN_POINT('Ctrl Pts',(193.26308645308,-83.4214992076159,14.040017));
#3351=CARTESIAN_POINT('Ctrl Pts',(193.250507543264,-83.331227547763,14.040017));
#3352=CARTESIAN_POINT('Ctrl Pts',(193.237928633448,-83.2409558879102,14.040017));
#3353=CARTESIAN_POINT('Ctrl Pts',(193.230444565415,-83.1503099948168,14.040017));
#3354=CARTESIAN_POINT('Ctrl Pts',(193.219340750309,-83.0158222760111,14.040017));
#3355=CARTESIAN_POINT('Ctrl Pts',(193.219451945887,-82.8805107770041,14.040017));
#3356=CARTESIAN_POINT('Ctrl Pts',(193.219563141465,-82.745199277997,14.040017));
#3357=CARTESIAN_POINT('',(193.219563141465,-80.7765651494265,14.040017));
#3358=CARTESIAN_POINT('',(193.219563141465,-81.1433384338735,14.040017));
#3359=CARTESIAN_POINT('',(192.616917267442,-80.7765651494265,14.040017));
#3360=CARTESIAN_POINT('',(188.798328256115,-80.7765651494265,14.040017));
#3361=CARTESIAN_POINT('',(192.616917267442,-82.9795605689287,14.040017));
#3362=CARTESIAN_POINT('',(192.616917267442,-82.2448361436246,14.040017));
#3363=CARTESIAN_POINT('',(192.720708027482,-83.7663448601961,14.040017));
#3364=CARTESIAN_POINT('Ctrl Pts',(192.616917267442,-82.9795605689287,14.040017));
#3365=CARTESIAN_POINT('Ctrl Pts',(192.619185059381,-83.1263731358553,14.040017));
#3366=CARTESIAN_POINT('Ctrl Pts',(192.62145285132,-83.2731857027819,14.040017));
#3367=CARTESIAN_POINT('Ctrl Pts',(192.642864361405,-83.4173137694597,14.040017));
#3368=CARTESIAN_POINT('Ctrl Pts',(192.660325062591,-83.5348476143252,14.040017));
#3369=CARTESIAN_POINT('Ctrl Pts',(192.690516545037,-83.6505962372607,14.040017));
#3370=CARTESIAN_POINT('Ctrl Pts',(192.720708027482,-83.7663448601961,14.040017));
#3371=CARTESIAN_POINT('',(193.142558708787,-84.2417634278536,14.040017));
#3372=CARTESIAN_POINT('Ctrl Pts',(192.720708027482,-83.7663448601961,14.040017));
#3373=CARTESIAN_POINT('Ctrl Pts',(192.766677680605,-83.8623539526603,14.040017));
#3374=CARTESIAN_POINT('Ctrl Pts',(192.812647333728,-83.9583630451246,14.040017));
#3375=CARTESIAN_POINT('Ctrl Pts',(192.879737988114,-84.0358603745699,14.040017));
#3376=CARTESIAN_POINT('Ctrl Pts',(192.951317150478,-84.1185424407662,14.040017));
#3377=CARTESIAN_POINT('Ctrl Pts',(193.046937929633,-84.1801529343099,14.040017));
#3378=CARTESIAN_POINT('Ctrl Pts',(193.142558708787,-84.2417634278536,14.040017));
#3379=CARTESIAN_POINT('',(193.832248821855,-84.4125122576952,14.040017));
#3380=CARTESIAN_POINT('Ctrl Pts',(193.142558708787,-84.2417634278536,14.040017));
#3381=CARTESIAN_POINT('Ctrl Pts',(193.251275087736,-84.2915644300039,14.040017));
#3382=CARTESIAN_POINT('Ctrl Pts',(193.359991466684,-84.3413654321543,14.040017));
#3383=CARTESIAN_POINT('Ctrl Pts',(193.474012985826,-84.3698251992464,14.040017));
#3384=CARTESIAN_POINT('Ctrl Pts',(193.58977911328,-84.398720420511,14.040017));
#3385=CARTESIAN_POINT('Ctrl Pts',(193.711013967567,-84.4056163391031,14.040017));
#3386=CARTESIAN_POINT('Ctrl Pts',(193.832248821855,-84.4125122576952,14.040017));
#3387=CARTESIAN_POINT('',(194.947139397264,-83.806521371007,14.040017));
#3388=CARTESIAN_POINT('Ctrl Pts',(193.832248821855,-84.4125122576952,14.040017));
#3389=CARTESIAN_POINT('Ctrl Pts',(194.055985216815,-84.3862520641177,14.040017));
#3390=CARTESIAN_POINT('Ctrl Pts',(194.279721611775,-84.3599918705401,14.040017));
#3391=CARTESIAN_POINT('Ctrl Pts',(194.464186802506,-84.2610139399767,14.040017));
#3392=CARTESIAN_POINT('Ctrl Pts',(194.652437315717,-84.160004930357,14.040017));
#3393=CARTESIAN_POINT('Ctrl Pts',(194.79978835649,-83.983263150682,14.040017));
#3394=CARTESIAN_POINT('Ctrl Pts',(194.947139397264,-83.806521371007,14.040017));
#3395=CARTESIAN_POINT('',(194.963878765702,-83.806521371007,14.040017));
#3396=CARTESIAN_POINT('',(189.971809005246,-83.806521371007,14.040017));
#3397=CARTESIAN_POINT('',(194.963878765702,-84.3288118392229,14.040017));
#3398=CARTESIAN_POINT('',(194.963878765702,-82.9194617787717,14.040017));
#3399=CARTESIAN_POINT('',(195.50290979445,-84.3288118392229,14.040017));
#3400=CARTESIAN_POINT('',(190.241324519619,-84.3288118392229,14.040017));
#3401=CARTESIAN_POINT('',(195.50290979445,-81.1433384338735,14.040017));
#3402=CARTESIAN_POINT('',(189.727579727769,-82.6079309731722,14.040017));
#3403=CARTESIAN_POINT('',(189.222029820085,-83.5453755408525,14.040017));
#3404=CARTESIAN_POINT('Ctrl Pts',(189.727579727769,-82.6079309731722,14.040017));
#3405=CARTESIAN_POINT('Ctrl Pts',(189.676018097649,-82.7984929947698,14.040017));
#3406=CARTESIAN_POINT('Ctrl Pts',(189.624456467529,-82.9890550163675,14.040017));
#3407=CARTESIAN_POINT('Ctrl Pts',(189.529210701585,-83.1553316861391,14.040017));
#3408=CARTESIAN_POINT('Ctrl Pts',(189.447993003859,-83.2971186534691,14.040017));
#3409=CARTESIAN_POINT('Ctrl Pts',(189.335011411972,-83.4212470971608,14.040017));
#3410=CARTESIAN_POINT('Ctrl Pts',(189.222029820085,-83.5453755408525,14.040017));
#3411=CARTESIAN_POINT('',(188.287932053208,-83.8567412644625,14.040017));
#3412=CARTESIAN_POINT('Ctrl Pts',(189.222029820085,-83.5453755408525,14.040017));
#3413=CARTESIAN_POINT('Ctrl Pts',(189.088925080999,-83.6361213452297,14.040017));
#3414=CARTESIAN_POINT('Ctrl Pts',(188.955820341913,-83.7268671496069,14.040017));
#3415=CARTESIAN_POINT('Ctrl Pts',(188.809386864305,-83.7788999825716,14.040017));
#3416=CARTESIAN_POINT('Ctrl Pts',(188.646555895623,-83.8367594060675,14.040017));
#3417=CARTESIAN_POINT('Ctrl Pts',(188.467243974415,-83.846750335265,14.040017));
#3418=CARTESIAN_POINT('Ctrl Pts',(188.287932053208,-83.8567412644625,14.040017));
#3419=CARTESIAN_POINT('',(187.146257534623,-83.3578867465258,14.040017));
#3420=CARTESIAN_POINT('Ctrl Pts',(188.287932053208,-83.8567412644625,14.040017));
#3421=CARTESIAN_POINT('Ctrl Pts',(188.065826474907,-83.8373423452999,14.040017));
#3422=CARTESIAN_POINT('Ctrl Pts',(187.843720896605,-83.8179434261374,14.040017));
#3423=CARTESIAN_POINT('Ctrl Pts',(187.650971785188,-83.7320274859667,14.040017));
#3424=CARTESIAN_POINT('Ctrl Pts',(187.46439634629,-83.6488633970236,14.040017));
#3425=CARTESIAN_POINT('Ctrl Pts',(187.305326940457,-83.5033750717747,14.040017));
#3426=CARTESIAN_POINT('Ctrl Pts',(187.146257534623,-83.3578867465258,14.040017));
#3427=CARTESIAN_POINT('',(186.711016073823,-81.8345386534929,14.040017));
#3428=CARTESIAN_POINT('Ctrl Pts',(187.146257534623,-83.3578867465258,14.040017));
#3429=CARTESIAN_POINT('Ctrl Pts',(187.019763918596,-83.1532602827977,14.040017));
#3430=CARTESIAN_POINT('Ctrl Pts',(186.893270302568,-82.9486338190697,14.040017));
#3431=CARTESIAN_POINT('Ctrl Pts',(186.819826737046,-82.7276224642992,14.040017));
#3432=CARTESIAN_POINT('Ctrl Pts',(186.726732919273,-82.4474782387209,14.040017));
#3433=CARTESIAN_POINT('Ctrl Pts',(186.718874496548,-82.1410084461069,14.040017));
#3434=CARTESIAN_POINT('Ctrl Pts',(186.711016073823,-81.8345386534929,14.040017));
#3435=CARTESIAN_POINT('',(187.126169577241,-80.4216752201319,14.040017));
#3436=CARTESIAN_POINT('Ctrl Pts',(186.711016073823,-81.8345386534929,14.040017));
#3437=CARTESIAN_POINT('Ctrl Pts',(186.722419674261,-81.5617865917706,14.040017));
#3438=CARTESIAN_POINT('Ctrl Pts',(186.733823274699,-81.2890345300482,14.040017));
#3439=CARTESIAN_POINT('Ctrl Pts',(186.814804449677,-81.0377103835344,14.040017));
#3440=CARTESIAN_POINT('Ctrl Pts',(186.884366724408,-80.8218246628012,14.040017));
#3441=CARTESIAN_POINT('Ctrl Pts',(187.005268150824,-80.6217499414665,14.040017));
#3442=CARTESIAN_POINT('Ctrl Pts',(187.126169577241,-80.4216752201319,14.040017));
#3443=CARTESIAN_POINT('',(188.344848528504,-79.8926884680986,14.040017));
#3444=CARTESIAN_POINT('Ctrl Pts',(187.126169577241,-80.4216752201319,14.040017));
#3445=CARTESIAN_POINT('Ctrl Pts',(187.287072347002,-80.2674998179264,14.040017));
#3446=CARTESIAN_POINT('Ctrl Pts',(187.447975116763,-80.113324415721,14.040017));
#3447=CARTESIAN_POINT('Ctrl Pts',(187.638416662812,-80.0249350816011,14.040017));
#3448=CARTESIAN_POINT('Ctrl Pts',(187.849663646589,-79.9268893525146,14.040017));
#3449=CARTESIAN_POINT('Ctrl Pts',(188.097256087546,-79.9097889103066,14.040017));
#3450=CARTESIAN_POINT('Ctrl Pts',(188.344848528504,-79.8926884680986,14.040017));
#3451=CARTESIAN_POINT('',(189.165112152696,-80.1504857093096,14.040017));
#3452=CARTESIAN_POINT('Ctrl Pts',(188.344848528504,-79.8926884680986,14.040017));
#3453=CARTESIAN_POINT('Ctrl Pts',(188.49936127472,-79.9013725537508,14.040017));
#3454=CARTESIAN_POINT('Ctrl Pts',(188.653874020936,-79.910056639403,14.040017));
#3455=CARTESIAN_POINT('Ctrl Pts',(188.795993700624,-79.9571377784014,14.040017));
#3456=CARTESIAN_POINT('Ctrl Pts',(188.925940517303,-80.0001863143389,14.040017));
#3457=CARTESIAN_POINT('Ctrl Pts',(189.045526334999,-80.0753360118242,14.040017));
#3458=CARTESIAN_POINT('Ctrl Pts',(189.165112152696,-80.1504857093096,14.040017));
#3459=CARTESIAN_POINT('',(189.653922691941,-80.9205297380686,14.040017));
#3460=CARTESIAN_POINT('Ctrl Pts',(189.165112152696,-80.1504857093096,14.040017));
#3461=CARTESIAN_POINT('Ctrl Pts',(189.269016318008,-80.2521127635352,14.040017));
#3462=CARTESIAN_POINT('Ctrl Pts',(189.37292048332,-80.3537398177609,14.040017));
#3463=CARTESIAN_POINT('Ctrl Pts',(189.451367035508,-80.4718954116106,14.040017));
#3464=CARTESIAN_POINT('Ctrl Pts',(189.541084600033,-80.6070273175968,14.040017));
#3465=CARTESIAN_POINT('Ctrl Pts',(189.597503645987,-80.7637785278327,14.040017));
#3466=CARTESIAN_POINT('Ctrl Pts',(189.653922691941,-80.9205297380686,14.040017));
#3467=CARTESIAN_POINT('',(190.290047302842,-80.7698691636324,14.040017));
#3468=CARTESIAN_POINT('',(187.692916217351,-81.3849770442598,14.040017));
#3469=CARTESIAN_POINT('',(189.576918259263,-79.7018513828516,14.040017));
#3470=CARTESIAN_POINT('Ctrl Pts',(190.290047302842,-80.7698691636324,14.040017));
#3471=CARTESIAN_POINT('Ctrl Pts',(190.213140247676,-80.5524551771924,14.040017));
#3472=CARTESIAN_POINT('Ctrl Pts',(190.13623319251,-80.3350411907523,14.040017));
#3473=CARTESIAN_POINT('Ctrl Pts',(190.009650364518,-80.1513225585222,14.040017));
#3474=CARTESIAN_POINT('Ctrl Pts',(189.893357931231,-79.9825391056542,14.040017));
#3475=CARTESIAN_POINT('Ctrl Pts',(189.735138095247,-79.8421952442529,14.040017));
#3476=CARTESIAN_POINT('Ctrl Pts',(189.576918259263,-79.7018513828516,14.040017));
#3477=CARTESIAN_POINT('',(188.351544514298,-79.3369174748659,14.040017));
#3478=CARTESIAN_POINT('Ctrl Pts',(189.576918259263,-79.7018513828516,14.040017));
#3479=CARTESIAN_POINT('Ctrl Pts',(189.394600526888,-79.5954506998577,14.040017));
#3480=CARTESIAN_POINT('Ctrl Pts',(189.212282794512,-79.4890500168637,14.040017));
#3481=CARTESIAN_POINT('Ctrl Pts',(189.016126766801,-79.4281510263681,14.040017));
#3482=CARTESIAN_POINT('Ctrl Pts',(188.805260458888,-79.362685053024,14.040017));
#3483=CARTESIAN_POINT('Ctrl Pts',(188.578402486593,-79.349801263945,14.040017));
#3484=CARTESIAN_POINT('Ctrl Pts',(188.351544514298,-79.3369174748659,14.040017));
#3485=CARTESIAN_POINT('',(186.684232130647,-80.0031731277704,14.040017));
#3486=CARTESIAN_POINT('Ctrl Pts',(188.351544514298,-79.3369174748659,14.040017));
#3487=CARTESIAN_POINT('Ctrl Pts',(188.030521254666,-79.3617629948604,14.040017));
#3488=CARTESIAN_POINT('Ctrl Pts',(187.709497995034,-79.3866085148549,14.040017));
#3489=CARTESIAN_POINT('Ctrl Pts',(187.425817623734,-79.5034814625978,14.040017));
#3490=CARTESIAN_POINT('Ctrl Pts',(187.156121099073,-79.6145932314127,14.040017));
#3491=CARTESIAN_POINT('Ctrl Pts',(186.92017661486,-79.8088831795915,14.040017));
#3492=CARTESIAN_POINT('Ctrl Pts',(186.684232130647,-80.0031731277704,14.040017));
#3493=CARTESIAN_POINT('',(186.038064137101,-81.841234639287,14.040017));
#3494=CARTESIAN_POINT('Ctrl Pts',(186.684232130647,-80.0031731277704,14.040017));
#3495=CARTESIAN_POINT('Ctrl Pts',(186.495989223043,-80.2570408036162,14.040017));
#3496=CARTESIAN_POINT('Ctrl Pts',(186.307746315439,-80.510908479462,14.040017));
#3497=CARTESIAN_POINT('Ctrl Pts',(186.199607029557,-80.7941422611475,14.040017));
#3498=CARTESIAN_POINT('Ctrl Pts',(186.07609690621,-81.1176346813793,14.040017));
#3499=CARTESIAN_POINT('Ctrl Pts',(186.057080521656,-81.4794346603331,14.040017));
#3500=CARTESIAN_POINT('Ctrl Pts',(186.038064137101,-81.841234639287,14.040017));
#3501=CARTESIAN_POINT('',(186.587139740586,-83.6592084914446,14.040017));
#3502=CARTESIAN_POINT('Ctrl Pts',(186.038064137101,-81.841234639287,14.040017));
#3503=CARTESIAN_POINT('Ctrl Pts',(186.057656731317,-82.1776792229929,14.040017));
#3504=CARTESIAN_POINT('Ctrl Pts',(186.077249325532,-82.5141238066989,14.040017));
#3505=CARTESIAN_POINT('Ctrl Pts',(186.175333634019,-82.8263885527849,14.040017));
#3506=CARTESIAN_POINT('Ctrl Pts',(186.266949125948,-83.1180589409062,14.040017));
#3507=CARTESIAN_POINT('Ctrl Pts',(186.427044433267,-83.3886337161754,14.040017));
#3508=CARTESIAN_POINT('Ctrl Pts',(186.587139740586,-83.6592084914446,14.040017));
#3509=CARTESIAN_POINT('',(188.344848528504,-84.4125122576952,14.040017));
#3510=CARTESIAN_POINT('Ctrl Pts',(186.587139740586,-83.6592084914446,14.040017));
#3511=CARTESIAN_POINT('Ctrl Pts',(186.811682324643,-83.878596459689,14.040017));
#3512=CARTESIAN_POINT('Ctrl Pts',(187.036224908699,-84.0979844279334,14.040017));
#3513=CARTESIAN_POINT('Ctrl Pts',(187.30277813971,-84.2241866141558,14.040017));
#3514=CARTESIAN_POINT('Ctrl Pts',(187.612356680029,-84.370759546127,14.040017));
#3515=CARTESIAN_POINT('Ctrl Pts',(187.978602604267,-84.3916359019111,14.040017));
#3516=CARTESIAN_POINT('Ctrl Pts',(188.344848528504,-84.4125122576952,14.040017));
#3517=CARTESIAN_POINT('',(189.623791351914,-84.0074021369219,14.040017));
#3518=CARTESIAN_POINT('Ctrl Pts',(188.344848528504,-84.4125122576952,14.040017));
#3519=CARTESIAN_POINT('Ctrl Pts',(188.581976868172,-84.3977297575364,14.040017));
#3520=CARTESIAN_POINT('Ctrl Pts',(188.81910520784,-84.3829472573776,14.040017));
#3521=CARTESIAN_POINT('Ctrl Pts',(189.037887230515,-84.3112344294786,14.040017));
#3522=CARTESIAN_POINT('Ctrl Pts',(189.244049139354,-84.2436582488259,14.040017));
#3523=CARTESIAN_POINT('Ctrl Pts',(189.433920245634,-84.1255301928739,14.040017));
#3524=CARTESIAN_POINT('Ctrl Pts',(189.623791351914,-84.0074021369219,14.040017));
#3525=CARTESIAN_POINT('',(190.373746529222,-82.7719838172197,14.040017));
#3526=CARTESIAN_POINT('Ctrl Pts',(189.623791351914,-84.0074021369219,14.040017));
#3527=CARTESIAN_POINT('Ctrl Pts',(189.790873234735,-83.8458961021089,14.040017));
#3528=CARTESIAN_POINT('Ctrl Pts',(189.957955117556,-83.684390067296,14.040017));
#3529=CARTESIAN_POINT('Ctrl Pts',(190.079123154283,-83.4943182021379,14.040017));
#3530=CARTESIAN_POINT('Ctrl Pts',(190.216915650571,-83.2781681556258,14.040017));
#3531=CARTESIAN_POINT('Ctrl Pts',(190.295331089896,-83.0250759864228,14.040017));
#3532=CARTESIAN_POINT('Ctrl Pts',(190.373746529222,-82.7719838172197,14.040017));
#3533=CARTESIAN_POINT('',(187.366490485751,-82.0084829601633,14.040017));
#3534=CARTESIAN_POINT('',(183.098504915833,-82.0923358947039,14.040017));
#3535=CARTESIAN_POINT('',(184.457800760865,-80.7765651494265,14.040017));
#3536=CARTESIAN_POINT('',(184.409240829506,-80.8235701758225,14.040017));
#3537=CARTESIAN_POINT('',(183.674364462495,-80.7765651494265,14.040017));
#3538=CARTESIAN_POINT('',(184.327051853642,-80.7765651494265,14.040017));
#3539=CARTESIAN_POINT('',(182.248108759522,-82.216212823987,14.040017));
#3540=CARTESIAN_POINT('',(183.101151821265,-81.3551600284907,14.040017));
#3541=CARTESIAN_POINT('',(182.248108759522,-79.4206178933382,14.040017));
#3542=CARTESIAN_POINT('',(182.248108759522,-80.4653648058294,14.040017));
#3543=CARTESIAN_POINT('',(181.645465269685,-79.4206178933382,14.040017));
#3544=CARTESIAN_POINT('',(183.312602257237,-79.4206178933382,14.040017));
#3545=CARTESIAN_POINT('',(181.645465269685,-84.3288118392229,14.040017));
#3546=CARTESIAN_POINT('',(181.645465269685,-82.9194617787717,14.040017));
#3547=CARTESIAN_POINT('',(182.248108759522,-84.3288118392229,14.040017));
#3548=CARTESIAN_POINT('',(183.613924002156,-84.3288118392229,14.040017));
#3549=CARTESIAN_POINT('',(182.248108759522,-82.9159481078386,14.040017));
#3550=CARTESIAN_POINT('',(182.248108759522,-82.2130299130796,14.040017));
#3551=CARTESIAN_POINT('',(182.673306837678,-82.5108379870653,14.040017));
#3552=CARTESIAN_POINT('',(183.527687676491,-81.6968213144137,14.040017));
#3553=CARTESIAN_POINT('',(183.855157271028,-84.3288118392229,14.040017));
#3554=CARTESIAN_POINT('',(183.378169603795,-83.5950886181108,14.040017));
#3555=CARTESIAN_POINT('',(184.59506906569,-84.3288118392229,14.040017));
#3556=CARTESIAN_POINT('',(184.787404155239,-84.3288118392229,14.040017));
#3557=CARTESIAN_POINT('',(183.254872924428,-82.3260133416403,14.040017));
#3558=CARTESIAN_POINT('',(177.323174849153,-83.8366533070803,14.040017));
#3559=CARTESIAN_POINT('',(177.29639030993,-82.8422922641039,14.040017));
#3560=CARTESIAN_POINT('Ctrl Pts',(177.323174849153,-83.8366533070803,14.040017));
#3561=CARTESIAN_POINT('Ctrl Pts',(177.315469285776,-83.7114140612275,14.040017));
#3562=CARTESIAN_POINT('Ctrl Pts',(177.307763722399,-83.5861748153747,14.040017));
#3563=CARTESIAN_POINT('Ctrl Pts',(177.30308689177,-83.4608382731676,14.040017));
#3564=CARTESIAN_POINT('Ctrl Pts',(177.295399917481,-83.2548315019298,14.040017));
#3565=CARTESIAN_POINT('Ctrl Pts',(177.295895113705,-83.0485618830168,14.040017));
#3566=CARTESIAN_POINT('Ctrl Pts',(177.29639030993,-82.8422922641039,14.040017));
#3567=CARTESIAN_POINT('',(177.29639030993,-82.0320720225573,14.040017));
#3568=CARTESIAN_POINT('',(177.29639030993,-81.7710918704389,14.040017));
#3569=CARTESIAN_POINT('',(177.226081863046,-81.3423801213503,14.040017));
#3570=CARTESIAN_POINT('Ctrl Pts',(177.29639030993,-82.0320720225573,14.040017));
#3571=CARTESIAN_POINT('Ctrl Pts',(177.294906834179,-81.9038142628154,14.040017));
#3572=CARTESIAN_POINT('Ctrl Pts',(177.293423358428,-81.7755565030736,14.040017));
#3573=CARTESIAN_POINT('Ctrl Pts',(177.278812900186,-81.6487238556147,14.040017));
#3574=CARTESIAN_POINT('Ctrl Pts',(177.266978023468,-81.545985890692,14.040017));
#3575=CARTESIAN_POINT('Ctrl Pts',(177.246529943257,-81.4441830060211,14.040017));
#3576=CARTESIAN_POINT('Ctrl Pts',(177.226081863046,-81.3423801213503,14.040017));
#3577=CARTESIAN_POINT('',(176.857800260186,-80.8870498090982,14.040017));
#3578=CARTESIAN_POINT('Ctrl Pts',(177.226081863046,-81.3423801213503,14.040017));
#3579=CARTESIAN_POINT('Ctrl Pts',(177.190862775616,-81.2545833535878,14.040017));
#3580=CARTESIAN_POINT('Ctrl Pts',(177.155643688187,-81.1667865858253,14.040017));
#3581=CARTESIAN_POINT('Ctrl Pts',(177.100531235337,-81.0946268588305,14.040017));
#3582=CARTESIAN_POINT('Ctrl Pts',(177.037157265822,-81.0116501792897,14.040017));
#3583=CARTESIAN_POINT('Ctrl Pts',(176.947478763004,-80.949349994194,14.040017));
#3584=CARTESIAN_POINT('Ctrl Pts',(176.857800260186,-80.8870498090982,14.040017));
#3585=CARTESIAN_POINT('',(175.920355096459,-80.6962127238512,14.040017));
#3586=CARTESIAN_POINT('Ctrl Pts',(176.857800260186,-80.8870498090982,14.040017));
#3587=CARTESIAN_POINT('Ctrl Pts',(176.731736961396,-80.8317088593052,14.040017));
#3588=CARTESIAN_POINT('Ctrl Pts',(176.605673662606,-80.7763679095122,14.040017));
#3589=CARTESIAN_POINT('Ctrl Pts',(176.47445179522,-80.7439220696688,14.040017));
#3590=CARTESIAN_POINT('Ctrl Pts',(176.296105525928,-80.6998242786113,14.040017));
#3591=CARTESIAN_POINT('Ctrl Pts',(176.108230311194,-80.6980185012312,14.040017));
#3592=CARTESIAN_POINT('Ctrl Pts',(175.920355096459,-80.6962127238512,14.040017));
#3593=CARTESIAN_POINT('',(174.815509095788,-80.9707502275705,14.040017));
#3594=CARTESIAN_POINT('Ctrl Pts',(175.920355096459,-80.6962127238512,14.040017));
#3595=CARTESIAN_POINT('Ctrl Pts',(175.706719529761,-80.7024872474867,14.040017));
#3596=CARTESIAN_POINT('Ctrl Pts',(175.493083963062,-80.7087617711223,14.040017));
#3597=CARTESIAN_POINT('Ctrl Pts',(175.292601361871,-80.7648471742868,14.040017));
#3598=CARTESIAN_POINT('Ctrl Pts',(175.127633457335,-80.8109972710042,14.040017));
#3599=CARTESIAN_POINT('Ctrl Pts',(174.971571276561,-80.8908737492874,14.040017));
#3600=CARTESIAN_POINT('Ctrl Pts',(174.815509095788,-80.9707502275705,14.040017));
#3601=CARTESIAN_POINT('',(174.316654577851,-81.7910144478083,14.040017));
#3602=CARTESIAN_POINT('Ctrl Pts',(174.815509095788,-80.9707502275705,14.040017));
#3603=CARTESIAN_POINT('Ctrl Pts',(174.693765125177,-81.0766871490645,14.040017));
#3604=CARTESIAN_POINT('Ctrl Pts',(174.572021154566,-81.1826240705585,14.040017));
#3605=CARTESIAN_POINT('Ctrl Pts',(174.489914551377,-81.3130850344896,14.040017));
#3606=CARTESIAN_POINT('Ctrl Pts',(174.401565413192,-81.4534648977701,14.040017));
#3607=CARTESIAN_POINT('Ctrl Pts',(174.359109995522,-81.6222396727892,14.040017));
#3608=CARTESIAN_POINT('Ctrl Pts',(174.316654577851,-81.7910144478083,14.040017));
#3609=CARTESIAN_POINT('',(174.905906096101,-81.8680188804865,14.040017));
#3610=CARTESIAN_POINT('',(179.835254637616,-82.5121948836986,14.040017));
#3611=CARTESIAN_POINT('',(175.213923230767,-81.3323361426592,14.040017));
#3612=CARTESIAN_POINT('Ctrl Pts',(174.905906096101,-81.8680188804865,14.040017));
#3613=CARTESIAN_POINT('Ctrl Pts',(174.934555740532,-81.7514504417596,14.040017));
#3614=CARTESIAN_POINT('Ctrl Pts',(174.963205384963,-81.6348820030328,14.040017));
#3615=CARTESIAN_POINT('Ctrl Pts',(175.024760141969,-81.5382388979197,14.040017));
#3616=CARTESIAN_POINT('Ctrl Pts',(175.073858055348,-81.4611534696871,14.040017));
#3617=CARTESIAN_POINT('Ctrl Pts',(175.143890643057,-81.3967448061731,14.040017));
#3618=CARTESIAN_POINT('Ctrl Pts',(175.213923230767,-81.3323361426592,14.040017));
#3619=CARTESIAN_POINT('',(175.829958692193,-81.1883712559938,14.040017));
#3620=CARTESIAN_POINT('Ctrl Pts',(175.213923230767,-81.3323361426592,14.040017));
#3621=CARTESIAN_POINT('Ctrl Pts',(175.301740941967,-81.2904469912032,14.040017));
#3622=CARTESIAN_POINT('Ctrl Pts',(175.389558653167,-81.2485578397473,14.040017));
#3623=CARTESIAN_POINT('Ctrl Pts',(175.481764450669,-81.2243623286486,14.040017));
#3624=CARTESIAN_POINT('Ctrl Pts',(175.593530956549,-81.195033937086,14.040017));
#3625=CARTESIAN_POINT('Ctrl Pts',(175.711744824371,-81.1917025965399,14.040017));
#3626=CARTESIAN_POINT('Ctrl Pts',(175.829958692193,-81.1883712559938,14.040017));
#3627=CARTESIAN_POINT('',(176.315421238542,-81.262027695775,14.040017));
#3628=CARTESIAN_POINT('Ctrl Pts',(175.829958692193,-81.1883712559938,14.040017));
#3629=CARTESIAN_POINT('Ctrl Pts',(175.92195830856,-81.1897971000643,14.040017));
#3630=CARTESIAN_POINT('Ctrl Pts',(176.013957924927,-81.1912229441347,14.040017));
#3631=CARTESIAN_POINT('Ctrl Pts',(176.103659048676,-81.2067855149508,14.040017));
#3632=CARTESIAN_POINT('Ctrl Pts',(176.175221725114,-81.2192011812578,14.040017));
#3633=CARTESIAN_POINT('Ctrl Pts',(176.245321481828,-81.2406144385164,14.040017));
#3634=CARTESIAN_POINT('Ctrl Pts',(176.315421238542,-81.262027695775,14.040017));
#3635=CARTESIAN_POINT('',(176.57656647265,-81.4562127739191,14.040017));
#3636=CARTESIAN_POINT('Ctrl Pts',(176.315421238542,-81.262027695775,14.040017));
#3637=CARTESIAN_POINT('Ctrl Pts',(176.370202749134,-81.2866980812656,14.040017));
#3638=CARTESIAN_POINT('Ctrl Pts',(176.424984259727,-81.3113684667562,14.040017));
#3639=CARTESIAN_POINT('Ctrl Pts',(176.471103802323,-81.3474021106958,14.040017));
#3640=CARTESIAN_POINT('Ctrl Pts',(176.510464040238,-81.3781546446226,14.040017));
#3641=CARTESIAN_POINT('Ctrl Pts',(176.543515256444,-81.4171837092709,14.040017));
#3642=CARTESIAN_POINT('Ctrl Pts',(176.57656647265,-81.4562127739191,14.040017));
#3643=CARTESIAN_POINT('',(176.677007451653,-81.6905740648508,14.040017));
#3644=CARTESIAN_POINT('Ctrl Pts',(176.57656647265,-81.4562127739191,14.040017));
#3645=CARTESIAN_POINT('Ctrl Pts',(176.601453789011,-81.4947528858783,14.040017));
#3646=CARTESIAN_POINT('Ctrl Pts',(176.626341105372,-81.5332929978374,14.040017));
#3647=CARTESIAN_POINT('Ctrl Pts',(176.643526926637,-81.5750674158335,14.040017));
#3648=CARTESIAN_POINT('Ctrl Pts',(176.658677210472,-81.6118939532408,14.040017));
#3649=CARTESIAN_POINT('Ctrl Pts',(176.667842331063,-81.6512340090458,14.040017));
#3650=CARTESIAN_POINT('Ctrl Pts',(176.677007451653,-81.6905740648508,14.040017));
#3651=CARTESIAN_POINT('',(176.693747416139,-82.0722479373217,14.040017));
#3652=CARTESIAN_POINT('Ctrl Pts',(176.677007451653,-81.6905740648508,14.040017));
#3653=CARTESIAN_POINT('Ctrl Pts',(176.681839627504,-81.7407614655116,14.040017));
#3654=CARTESIAN_POINT('Ctrl Pts',(176.686671803354,-81.7909488661723,14.040017));
#3655=CARTESIAN_POINT('Ctrl Pts',(176.689562574029,-81.841234639287,14.040017));
#3656=CARTESIAN_POINT('Ctrl Pts',(176.693980510596,-81.9180858948391,14.040017));
#3657=CARTESIAN_POINT('Ctrl Pts',(176.693863963368,-81.9951669160804,14.040017));
#3658=CARTESIAN_POINT('Ctrl Pts',(176.693747416139,-82.0722479373217,14.040017));
#3659=CARTESIAN_POINT('',(176.174804344773,-82.1961242705584,14.040017));
#3660=CARTESIAN_POINT('Ctrl Pts',(176.693747416139,-82.0722479373217,14.040017));
#3661=CARTESIAN_POINT('Ctrl Pts',(176.616858185134,-82.0964668270125,14.040017));
#3662=CARTESIAN_POINT('Ctrl Pts',(176.539968954129,-82.1206857167033,14.040017));
#3663=CARTESIAN_POINT('Ctrl Pts',(176.461897268891,-82.1400452405214,14.040017));
#3664=CARTESIAN_POINT('Ctrl Pts',(176.367355613007,-82.1634888415317,14.040017));
#3665=CARTESIAN_POINT('Ctrl Pts',(176.27107997889,-82.179806556045,14.040017));
#3666=CARTESIAN_POINT('Ctrl Pts',(176.174804344773,-82.1961242705584,14.040017));
#3667=CARTESIAN_POINT('',(175.612337365746,-82.2798246890306,14.040017));
#3668=CARTESIAN_POINT('',(180.250597748991,-81.589607574894,14.040017));
#3669=CARTESIAN_POINT('',(174.524231925607,-82.6614988595247,14.040017));
#3670=CARTESIAN_POINT('Ctrl Pts',(175.612337365746,-82.2798246890306,14.040017));
#3671=CARTESIAN_POINT('Ctrl Pts',(175.386007523134,-82.3093430210582,14.040017));
#3672=CARTESIAN_POINT('Ctrl Pts',(175.159677680521,-82.3388613530857,14.040017));
#3673=CARTESIAN_POINT('Ctrl Pts',(174.953614845872,-82.4221152812242,14.040017));
#3674=CARTESIAN_POINT('Ctrl Pts',(174.80329738799,-82.4828468481649,14.040017));
#3675=CARTESIAN_POINT('Ctrl Pts',(174.663764656798,-82.5721728538448,14.040017));
#3676=CARTESIAN_POINT('Ctrl Pts',(174.524231925607,-82.6614988595247,14.040017));
#3677=CARTESIAN_POINT('',(174.212866201997,-83.3880186825991,14.040017));
#3678=CARTESIAN_POINT('Ctrl Pts',(174.524231925607,-82.6614988595247,14.040017));
#3679=CARTESIAN_POINT('Ctrl Pts',(174.433421351864,-82.7638693922032,14.040017));
#3680=CARTESIAN_POINT('Ctrl Pts',(174.342610778121,-82.8662399248816,14.040017));
#3681=CARTESIAN_POINT('Ctrl Pts',(174.290707483888,-82.9854197055101,14.040017));
#3682=CARTESIAN_POINT('Ctrl Pts',(174.237409167698,-83.1078027204074,14.040017));
#3683=CARTESIAN_POINT('Ctrl Pts',(174.225137684848,-83.2479107015032,14.040017));
#3684=CARTESIAN_POINT('Ctrl Pts',(174.212866201997,-83.3880186825991,14.040017));
#3685=CARTESIAN_POINT('',(174.537623897195,-84.131279066205,14.040017));
#3686=CARTESIAN_POINT('Ctrl Pts',(174.212866201997,-83.3880186825991,14.040017));
#3687=CARTESIAN_POINT('Ctrl Pts',(174.225231466637,-83.5334671694481,14.040017));
#3688=CARTESIAN_POINT('Ctrl Pts',(174.237596731277,-83.6789156562971,14.040017));
#3689=CARTESIAN_POINT('Ctrl Pts',(174.294056072831,-83.8048470765352,14.040017));
#3690=CARTESIAN_POINT('Ctrl Pts',(174.34820547284,-83.9256262188411,14.040017));
#3691=CARTESIAN_POINT('Ctrl Pts',(174.442914685017,-84.028452642523,14.040017));
#3692=CARTESIAN_POINT('Ctrl Pts',(174.537623897195,-84.131279066205,14.040017));
#3693=CARTESIAN_POINT('',(175.42484857142,-84.4125122576952,14.040017));
#3694=CARTESIAN_POINT('Ctrl Pts',(174.537623897195,-84.131279066205,14.040017));
#3695=CARTESIAN_POINT('Ctrl Pts',(174.685426560466,-84.2287439307057,14.040017));
#3696=CARTESIAN_POINT('Ctrl Pts',(174.804519971534,-84.3072771784546,14.040017));
#3697=CARTESIAN_POINT('Ctrl Pts',(175.102849081997,-84.3978769663598,14.040017));
#3698=CARTESIAN_POINT('Ctrl Pts',(175.263848826708,-84.4051946120275,14.040017));
#3699=CARTESIAN_POINT('Ctrl Pts',(175.42484857142,-84.4125122576952,14.040017));
#3700=CARTESIAN_POINT('',(176.733923330903,-83.8902217894793,14.040017));
#3701=CARTESIAN_POINT('Ctrl Pts',(175.42484857142,-84.4125122576952,14.040017));
#3702=CARTESIAN_POINT('Ctrl Pts',(175.658490242685,-84.3878223872543,14.040017));
#3703=CARTESIAN_POINT('Ctrl Pts',(175.89213191395,-84.3631325168133,14.040017));
#3704=CARTESIAN_POINT('Ctrl Pts',(176.103659048676,-84.2819399386644,14.040017));
#3705=CARTESIAN_POINT('Ctrl Pts',(176.330737672364,-84.1947780767901,14.040017));
#3706=CARTESIAN_POINT('Ctrl Pts',(176.532330501634,-84.0424999331347,14.040017));
#3707=CARTESIAN_POINT('Ctrl Pts',(176.733923330903,-83.8902217894793,14.040017));
#3708=CARTESIAN_POINT('',(176.857800260186,-84.3288118392229,14.040017));
#3709=CARTESIAN_POINT('Ctrl Pts',(176.733923330903,-83.8902217894793,14.040017));
#3710=CARTESIAN_POINT('Ctrl Pts',(176.746687440484,-83.973045227955,14.040017));
#3711=CARTESIAN_POINT('Ctrl Pts',(176.759451550065,-84.0558686664308,14.040017));
#3712=CARTESIAN_POINT('Ctrl Pts',(176.783306971192,-84.1354639083147,14.040017));
#3713=CARTESIAN_POINT('Ctrl Pts',(176.803065508936,-84.2013896189761,14.040017));
#3714=CARTESIAN_POINT('Ctrl Pts',(176.830432884561,-84.2651007290995,14.040017));
#3715=CARTESIAN_POINT('Ctrl Pts',(176.857800260186,-84.3288118392229,14.040017));
#3716=CARTESIAN_POINT('',(177.490575686097,-84.3288118392229,14.040017));
#3717=CARTESIAN_POINT('',(181.235157465443,-84.3288118392229,14.040017));
#3718=CARTESIAN_POINT('Ctrl Pts',(177.490575686097,-84.3288118392229,14.040017));
#3719=CARTESIAN_POINT('Ctrl Pts',(177.450370789704,-84.2509378306009,14.040017));
#3720=CARTESIAN_POINT('Ctrl Pts',(177.410165893311,-84.1730638219788,14.040017));
#3721=CARTESIAN_POINT('Ctrl Pts',(177.353955445363,-84.0090505441851,14.040017));
#3722=CARTESIAN_POINT('Ctrl Pts',(177.339224577541,-83.9265452900526,14.040017));
#3723=CARTESIAN_POINT('Ctrl Pts',(177.323174849153,-83.8366533070803,14.040017));
#3724=CARTESIAN_POINT('Origin',(184.979739244789,-81.5101117183206,15.));
#3725=CARTESIAN_POINT('',(199.859476030886,-87.7500013113022,15.));
#3726=CARTESIAN_POINT('',(204.179399530886,-83.4300778113022,15.));
#3727=CARTESIAN_POINT('Ctrl Pts',(199.859476030886,-87.7500013113022,15.));
#3728=CARTESIAN_POINT('Ctrl Pts',(200.384358047181,-87.7500013113022,15.));
#3729=CARTESIAN_POINT('Ctrl Pts',(200.945238066573,-87.7500013113022,15.));
#3730=CARTESIAN_POINT('Ctrl Pts',(202.005130961619,-87.4180916723898,15.));
#3731=CARTESIAN_POINT('Ctrl Pts',(202.41974876952,-87.188321650843,15.));
#3732=CARTESIAN_POINT('Ctrl Pts',(203.152054444328,-86.5748297799023,15.));
#3733=CARTESIAN_POINT('Ctrl Pts',(203.500776500915,-86.1789270278915,15.));
#3734=CARTESIAN_POINT('Ctrl Pts',(203.963540755678,-85.2878676200636,15.));
#3735=CARTESIAN_POINT('Ctrl Pts',(204.064622915894,-84.9070514678221,15.));
#3736=CARTESIAN_POINT('Ctrl Pts',(204.179399530886,-84.1756075459737,15.));
#3737=CARTESIAN_POINT('Ctrl Pts',(204.179399530886,-83.7965115353605,15.));
#3738=CARTESIAN_POINT('Ctrl Pts',(204.179399530886,-83.4300778113021,15.));
#3739=CARTESIAN_POINT('',(204.179399530886,-79.590145625339,15.));
#3740=CARTESIAN_POINT('',(204.179399530886,-75.270222125339,15.));
#3741=CARTESIAN_POINT('',(199.859476030886,-75.270222125339,15.));
#3742=CARTESIAN_POINT('Ctrl Pts',(204.179399530886,-79.590145625339,15.));
#3743=CARTESIAN_POINT('Ctrl Pts',(204.179399530886,-79.0652636090445,15.));
#3744=CARTESIAN_POINT('Ctrl Pts',(204.179399530886,-78.5043835896516,15.));
#3745=CARTESIAN_POINT('Ctrl Pts',(203.847489891974,-77.4444906946064,15.));
#3746=CARTESIAN_POINT('Ctrl Pts',(203.617719870427,-77.0298728867055,15.));
#3747=CARTESIAN_POINT('Ctrl Pts',(203.004227999486,-76.2975672118961,15.));
#3748=CARTESIAN_POINT('Ctrl Pts',(202.608325247475,-75.9488451553094,15.));
#3749=CARTESIAN_POINT('Ctrl Pts',(201.717265839648,-75.4860809005472,15.));
#3750=CARTESIAN_POINT('Ctrl Pts',(201.336449687407,-75.3849987403312,15.));
#3751=CARTESIAN_POINT('Ctrl Pts',(200.605005765558,-75.2702221253389,15.));
#3752=CARTESIAN_POINT('Ctrl Pts',(200.225909754945,-75.270222125339,15.));
#3753=CARTESIAN_POINT('Ctrl Pts',(199.859476030886,-75.270222125339,15.));
#3754=CARTESIAN_POINT('',(170.100002458692,-75.270222125339,15.));
#3755=CARTESIAN_POINT('',(165.780078958692,-75.270222125339,15.));
#3756=CARTESIAN_POINT('',(165.780078958692,-79.590145625339,15.));
#3757=CARTESIAN_POINT('Ctrl Pts',(170.100002458692,-75.270222125339,15.));
#3758=CARTESIAN_POINT('Ctrl Pts',(169.575120442397,-75.270222125339,15.));
#3759=CARTESIAN_POINT('Ctrl Pts',(169.014240423004,-75.270222125339,15.));
#3760=CARTESIAN_POINT('Ctrl Pts',(167.954347527959,-75.6021317642514,15.));
#3761=CARTESIAN_POINT('Ctrl Pts',(167.539729720058,-75.8319017857982,15.));
#3762=CARTESIAN_POINT('Ctrl Pts',(166.807424045249,-76.445393656739,15.));
#3763=CARTESIAN_POINT('Ctrl Pts',(166.458701988662,-76.8412964087499,15.));
#3764=CARTESIAN_POINT('Ctrl Pts',(165.9959377339,-77.7323558165775,15.));
#3765=CARTESIAN_POINT('Ctrl Pts',(165.894855573684,-78.113171968819,15.));
#3766=CARTESIAN_POINT('Ctrl Pts',(165.780078958692,-78.8446158906674,15.));
#3767=CARTESIAN_POINT('Ctrl Pts',(165.780078958692,-79.2237119012807,15.));
#3768=CARTESIAN_POINT('Ctrl Pts',(165.780078958692,-79.590145625339,15.));
#3769=CARTESIAN_POINT('',(165.780078958692,-83.4300778113022,15.));
#3770=CARTESIAN_POINT('',(165.780078958692,-87.7500013113022,15.));
#3771=CARTESIAN_POINT('',(170.100002458692,-87.7500013113022,15.));
#3772=CARTESIAN_POINT('Ctrl Pts',(165.780078958692,-83.4300778113022,15.));
#3773=CARTESIAN_POINT('Ctrl Pts',(165.780078958692,-83.9549598275966,15.));
#3774=CARTESIAN_POINT('Ctrl Pts',(165.780078958692,-84.5158398469896,15.));
#3775=CARTESIAN_POINT('Ctrl Pts',(166.111988597604,-85.5757327420347,15.));
#3776=CARTESIAN_POINT('Ctrl Pts',(166.341758619151,-85.9903505499357,15.));
#3777=CARTESIAN_POINT('Ctrl Pts',(166.955250490092,-86.7226562247448,15.));
#3778=CARTESIAN_POINT('Ctrl Pts',(167.351153242103,-87.0713782813316,15.));
#3779=CARTESIAN_POINT('Ctrl Pts',(168.242212649929,-87.5341425360937,15.));
#3780=CARTESIAN_POINT('Ctrl Pts',(168.62302880217,-87.6352246963098,15.));
#3781=CARTESIAN_POINT('Ctrl Pts',(169.35447272402,-87.7500013113022,15.));
#3782=CARTESIAN_POINT('Ctrl Pts',(169.733568734633,-87.7500013113022,15.));
#3783=CARTESIAN_POINT('Ctrl Pts',(170.100002458692,-87.7500013113022,15.));
#3784=CARTESIAN_POINT('',(204.179399530886,-87.7500013113022,15.));
#3785=CARTESIAN_POINT('',(172.749782279134,-79.4206178933382,15.));
#3786=CARTESIAN_POINT('',(173.402645662427,-79.4206178933382,15.));
#3787=CARTESIAN_POINT('',(178.864760761961,-79.4206178933382,15.));
#3788=CARTESIAN_POINT('',(173.402645662427,-84.3288118392229,15.));
#3789=CARTESIAN_POINT('',(173.402645662427,-80.4653648058294,15.));
#3790=CARTESIAN_POINT('',(172.749782279134,-84.3288118392229,15.));
#3791=CARTESIAN_POINT('',(179.191192453608,-84.3288118392229,15.));
#3792=CARTESIAN_POINT('',(172.749782279134,-82.0186794549227,15.));
#3793=CARTESIAN_POINT('',(172.749782279134,-82.9194617787717,15.));
#3794=CARTESIAN_POINT('',(170.198592841625,-82.0186794549227,15.));
#3795=CARTESIAN_POINT('',(178.864760761961,-82.0186794549227,15.));
#3796=CARTESIAN_POINT('',(170.198592841625,-84.3288118392229,15.));
#3797=CARTESIAN_POINT('',(170.198592841625,-81.7643955866216,15.));
#3798=CARTESIAN_POINT('',(169.549077413976,-84.3288118392229,15.));
#3799=CARTESIAN_POINT('',(177.589166043207,-84.3288118392229,15.));
#3800=CARTESIAN_POINT('',(169.549077413976,-79.4206178933382,15.));
#3801=CARTESIAN_POINT('',(169.549077413976,-82.9194617787717,15.));
#3802=CARTESIAN_POINT('',(170.198592841625,-79.4206178933382,15.));
#3803=CARTESIAN_POINT('',(177.264408329383,-79.4206178933382,15.));
#3804=CARTESIAN_POINT('',(170.198592841625,-81.4361245185137,15.));
#3805=CARTESIAN_POINT('',(170.198592841625,-80.4653648058294,15.));
#3806=CARTESIAN_POINT('',(172.749782279134,-81.4361245185137,15.));
#3807=CARTESIAN_POINT('',(177.589166043207,-81.4361245185137,15.));
#3808=CARTESIAN_POINT('',(172.749782279134,-81.4731181184171,15.));
#3809=CARTESIAN_POINT('',(180.252689495683,-83.696036413312,15.));
#3810=CARTESIAN_POINT('',(180.533923283219,-83.0264330655336,15.));
#3811=CARTESIAN_POINT('Ctrl Pts',(180.252689495683,-83.696036413312,15.));
#3812=CARTESIAN_POINT('Ctrl Pts',(180.321108592092,-83.6061801488706,15.));
#3813=CARTESIAN_POINT('Ctrl Pts',(180.471989147689,-83.4080254842477,15.));
#3814=CARTESIAN_POINT('Ctrl Pts',(180.512036186744,-83.161285195319,15.));
#3815=CARTESIAN_POINT('Ctrl Pts',(180.533923283219,-83.0264330655336,15.));
#3816=CARTESIAN_POINT('',(181.133218184114,-83.1000895053148,15.));
#3817=CARTESIAN_POINT('',(182.631957171304,-83.2842922705862,15.));
#3818=CARTESIAN_POINT('',(180.597535744309,-84.0977985411882,15.));
#3819=CARTESIAN_POINT('Ctrl Pts',(181.133218184114,-83.1000895053148,15.));
#3820=CARTESIAN_POINT('Ctrl Pts',(181.087523065395,-83.3067745085745,15.));
#3821=CARTESIAN_POINT('Ctrl Pts',(181.002502968801,-83.691331534235,15.));
#3822=CARTESIAN_POINT('Ctrl Pts',(180.725609391065,-83.9692505780003,15.));
#3823=CARTESIAN_POINT('Ctrl Pts',(180.597535744309,-84.0977985411882,15.));
#3824=CARTESIAN_POINT('',(179.650047197938,-84.4125122576952,15.));
#3825=CARTESIAN_POINT('Ctrl Pts',(180.597535744309,-84.0977985411882,15.));
#3826=CARTESIAN_POINT('Ctrl Pts',(180.453190340511,-84.1895899925396,15.));
#3827=CARTESIAN_POINT('Ctrl Pts',(180.163702950597,-84.373679454129,15.));
#3828=CARTESIAN_POINT('Ctrl Pts',(179.821579589056,-84.3995442657764,15.));
#3829=CARTESIAN_POINT('Ctrl Pts',(179.650047197938,-84.4125122576952,15.));
#3830=CARTESIAN_POINT('',(178.454804196954,-83.9069617539644,15.));
#3831=CARTESIAN_POINT('Ctrl Pts',(179.650047197938,-84.4125122576952,15.));
#3832=CARTESIAN_POINT('Ctrl Pts',(179.410539537851,-84.3956389723583,15.));
#3833=CARTESIAN_POINT('Ctrl Pts',(178.952748262246,-84.3633876330265,15.));
#3834=CARTESIAN_POINT('Ctrl Pts',(178.615574893107,-84.0543275153699,15.));
#3835=CARTESIAN_POINT('Ctrl Pts',(178.454804196954,-83.9069617539644,15.));
#3836=CARTESIAN_POINT('',(178.032954111695,-82.5610584765673,15.));
#3837=CARTESIAN_POINT('Ctrl Pts',(178.454804196954,-83.9069617539644,15.));
#3838=CARTESIAN_POINT('Ctrl Pts',(178.331900641803,-83.7156730991926,15.));
#3839=CARTESIAN_POINT('Ctrl Pts',(178.069222189594,-83.3068370187483,15.));
#3840=CARTESIAN_POINT('Ctrl Pts',(178.045550271881,-82.8200726434297,15.));
#3841=CARTESIAN_POINT('Ctrl Pts',(178.032954111695,-82.5610584765673,15.));
#3842=CARTESIAN_POINT('',(178.274011388421,-81.4528647810221,15.));
#3843=CARTESIAN_POINT('Ctrl Pts',(178.032954111695,-82.5610584765673,15.));
#3844=CARTESIAN_POINT('Ctrl Pts',(178.038553890958,-82.3498604289728,15.));
#3845=CARTESIAN_POINT('Ctrl Pts',(178.048777153054,-81.9642857673524,15.));
#3846=CARTESIAN_POINT('Ctrl Pts',(178.203870315377,-81.6121283880835,15.));
#3847=CARTESIAN_POINT('Ctrl Pts',(178.274011388421,-81.4528647810221,15.));
#3848=CARTESIAN_POINT('',(178.883350864053,-80.8669615536928,15.));
#3849=CARTESIAN_POINT('Ctrl Pts',(178.274011388421,-81.4528647810221,15.));
#3850=CARTESIAN_POINT('Ctrl Pts',(178.35714396528,-81.3254351209413,15.));
#3851=CARTESIAN_POINT('Ctrl Pts',(178.515443692142,-81.0827855947611,15.));
#3852=CARTESIAN_POINT('Ctrl Pts',(178.764899227788,-80.9364484046205,15.));
#3853=CARTESIAN_POINT('Ctrl Pts',(178.883350864053,-80.8669615536928,15.));
#3854=CARTESIAN_POINT('',(179.650047197938,-80.6962127238512,15.));
#3855=CARTESIAN_POINT('Ctrl Pts',(178.883350864053,-80.8669615536928,15.));
#3856=CARTESIAN_POINT('Ctrl Pts',(179.006480802646,-80.817159893916,15.));
#3857=CARTESIAN_POINT('Ctrl Pts',(179.252559513592,-80.7176298496323,15.));
#3858=CARTESIAN_POINT('Ctrl Pts',(179.517616349214,-80.7033482610165,15.));
#3859=CARTESIAN_POINT('Ctrl Pts',(179.650047197938,-80.6962127238512,15.));
#3860=CARTESIAN_POINT('',(180.587491169572,-80.9807942062616,15.));
#3861=CARTESIAN_POINT('Ctrl Pts',(179.650047197938,-80.6962127238512,15.));
#3862=CARTESIAN_POINT('Ctrl Pts',(179.823902607166,-80.7063012019027,15.));
#3863=CARTESIAN_POINT('Ctrl Pts',(180.159740145409,-80.7257891755496,15.));
#3864=CARTESIAN_POINT('Ctrl Pts',(180.448308196019,-80.8978198673577,15.));
#3865=CARTESIAN_POINT('Ctrl Pts',(180.587491169572,-80.9807942062616,15.));
#3866=CARTESIAN_POINT('',(181.069605723023,-81.8177986890078,15.));
#3867=CARTESIAN_POINT('Ctrl Pts',(180.587491169572,-80.9807942062616,15.));
#3868=CARTESIAN_POINT('Ctrl Pts',(180.706032751606,-81.0902958505939,15.));
#3869=CARTESIAN_POINT('Ctrl Pts',(180.953146631638,-81.3185649164914,15.));
#3870=CARTESIAN_POINT('Ctrl Pts',(181.02974955083,-81.6469442974319,15.));
#3871=CARTESIAN_POINT('Ctrl Pts',(181.069605723023,-81.8177986890078,15.));
#3872=CARTESIAN_POINT('',(180.487051382661,-81.9081950932741,15.));
#3873=CARTESIAN_POINT('',(183.002015237427,-81.5179419038648,15.));
#3874=CARTESIAN_POINT('',(180.192425623536,-81.3691643625498,15.));
#3875=CARTESIAN_POINT('Ctrl Pts',(180.487051382661,-81.9081950932741,15.));
#3876=CARTESIAN_POINT('Ctrl Pts',(180.455327122633,-81.7991288734323,15.));
#3877=CARTESIAN_POINT('Ctrl Pts',(180.396603531519,-81.5972404734325,15.));
#3878=CARTESIAN_POINT('Ctrl Pts',(180.25673359154,-81.4409993195532,15.));
#3879=CARTESIAN_POINT('Ctrl Pts',(180.192425623536,-81.3691643625498,15.));
#3880=CARTESIAN_POINT('',(179.676831141114,-81.1883712559938,15.));
#3881=CARTESIAN_POINT('Ctrl Pts',(180.192425623536,-81.3691643625498,15.));
#3882=CARTESIAN_POINT('Ctrl Pts',(180.118679444655,-81.3164585389108,15.));
#3883=CARTESIAN_POINT('Ctrl Pts',(179.96471677514,-81.2064226098693,15.));
#3884=CARTESIAN_POINT('Ctrl Pts',(179.775444421864,-81.1945546254199,15.));
#3885=CARTESIAN_POINT('Ctrl Pts',(179.676831141114,-81.1883712559938,15.));
#3886=CARTESIAN_POINT('',(178.910134807229,-81.5466091781855,15.));
#3887=CARTESIAN_POINT('Ctrl Pts',(179.676831141114,-81.1883712559938,15.));
#3888=CARTESIAN_POINT('Ctrl Pts',(179.520351494653,-81.2008444118946,15.));
#3889=CARTESIAN_POINT('Ctrl Pts',(179.219066065307,-81.2248601878491,15.));
#3890=CARTESIAN_POINT('Ctrl Pts',(179.010417062196,-81.4421661558601,15.));
#3891=CARTESIAN_POINT('Ctrl Pts',(178.910134807229,-81.5466091781855,15.));
#3892=CARTESIAN_POINT('',(178.648989573121,-82.5476665049791,15.));
#3893=CARTESIAN_POINT('Ctrl Pts',(178.910134807229,-81.5466091781855,15.));
#3894=CARTESIAN_POINT('Ctrl Pts',(178.834160598138,-81.6867694285811,15.));
#3895=CARTESIAN_POINT('Ctrl Pts',(178.665559222909,-81.9978119685696,15.));
#3896=CARTESIAN_POINT('Ctrl Pts',(178.654864887111,-82.3526975049251,15.));
#3897=CARTESIAN_POINT('Ctrl Pts',(178.648989573121,-82.5476665049791,15.));
#3898=CARTESIAN_POINT('',(178.903438821435,-83.5621161013842,15.));
#3899=CARTESIAN_POINT('Ctrl Pts',(178.648989573121,-82.5476665049791,15.));
#3900=CARTESIAN_POINT('Ctrl Pts',(178.654292470649,-82.7458389708271,15.));
#3901=CARTESIAN_POINT('Ctrl Pts',(178.663881133373,-83.1041730563767,15.));
#3902=CARTESIAN_POINT('Ctrl Pts',(178.829440238721,-83.4206589994706,15.));
#3903=CARTESIAN_POINT('Ctrl Pts',(178.903438821435,-83.5621161013842,15.));
#3904=CARTESIAN_POINT('',(179.643350020051,-83.9170057326555,15.));
#3905=CARTESIAN_POINT('Ctrl Pts',(178.903438821435,-83.5621161013842,15.));
#3906=CARTESIAN_POINT('Ctrl Pts',(179.000853216282,-83.6656030079579,15.));
#3907=CARTESIAN_POINT('Ctrl Pts',(179.201277245383,-83.8785208504114,15.));
#3908=CARTESIAN_POINT('Ctrl Pts',(179.493275192068,-83.9039408881012,15.));
#3909=CARTESIAN_POINT('Ctrl Pts',(179.643350020051,-83.9170057326555,15.));
#3910=CARTESIAN_POINT('Ctrl Pts',(179.643350020051,-83.9170057326555,15.));
#3911=CARTESIAN_POINT('Ctrl Pts',(179.763250987065,-83.9102529448266,15.));
#3912=CARTESIAN_POINT('Ctrl Pts',(179.989320172888,-83.897520793581,15.));
#3913=CARTESIAN_POINT('Ctrl Pts',(180.168528436451,-83.7604218120445,15.));
#3914=CARTESIAN_POINT('Ctrl Pts',(180.252689495683,-83.696036413312,15.));
#3915=CARTESIAN_POINT('',(197.039648666978,-79.4206178933382,15.));
#3916=CARTESIAN_POINT('',(197.039648666978,-81.1749792844057,15.));
#3917=CARTESIAN_POINT('',(197.039648666978,-80.4653648058294,15.));
#3918=CARTESIAN_POINT('',(197.056390419602,-81.1749792844057,15.));
#3919=CARTESIAN_POINT('',(191.009693955883,-81.1749792844057,15.));
#3920=CARTESIAN_POINT('',(198.013922348619,-80.6962127238512,15.));
#3921=CARTESIAN_POINT('Ctrl Pts',(197.056390419602,-81.1749792844057,15.));
#3922=CARTESIAN_POINT('Ctrl Pts',(197.181894721219,-81.0353532331835,15.));
#3923=CARTESIAN_POINT('Ctrl Pts',(197.437762677296,-80.7506950032982,15.));
#3924=CARTESIAN_POINT('Ctrl Pts',(197.819452817237,-80.7146019723183,15.));
#3925=CARTESIAN_POINT('Ctrl Pts',(198.013922348619,-80.6962127238512,15.));
#3926=CARTESIAN_POINT('',(199.112073555589,-81.1950672417879,15.));
#3927=CARTESIAN_POINT('Ctrl Pts',(198.013922348619,-80.6962127238512,15.));
#3928=CARTESIAN_POINT('Ctrl Pts',(198.230040273992,-80.7155363181502,15.));
#3929=CARTESIAN_POINT('Ctrl Pts',(198.654993648986,-80.7535323640596,15.));
#3930=CARTESIAN_POINT('Ctrl Pts',(198.961464260977,-81.0495800840278,15.));
#3931=CARTESIAN_POINT('Ctrl Pts',(199.112073555589,-81.1950672417879,15.));
#3932=CARTESIAN_POINT('',(199.523879662156,-82.4974460154772,15.));
#3933=CARTESIAN_POINT('Ctrl Pts',(199.112073555589,-81.1950672417879,15.));
#3934=CARTESIAN_POINT('Ctrl Pts',(199.232069619641,-81.381153981844,15.));
#3935=CARTESIAN_POINT('Ctrl Pts',(199.487116353642,-81.7766737488227,15.));
#3936=CARTESIAN_POINT('Ctrl Pts',(199.511152303824,-82.2479165992167,15.));
#3937=CARTESIAN_POINT('Ctrl Pts',(199.523879662156,-82.4974460154772,15.));
#3938=CARTESIAN_POINT('',(199.061853066087,-83.9203537255526,15.));
#3939=CARTESIAN_POINT('Ctrl Pts',(199.523879662156,-82.4974460154772,15.));
#3940=CARTESIAN_POINT('Ctrl Pts',(199.512227586925,-82.7798041317678,15.));
#3941=CARTESIAN_POINT('Ctrl Pts',(199.490776941091,-83.2996054401582,15.));
#3942=CARTESIAN_POINT('Ctrl Pts',(199.196347346313,-83.7257105762407,15.));
#3943=CARTESIAN_POINT('Ctrl Pts',(199.061853066087,-83.9203537255526,15.));
#3944=CARTESIAN_POINT('',(197.987138405442,-84.4125122576952,15.));
#3945=CARTESIAN_POINT('Ctrl Pts',(199.061853066087,-83.9203537255526,15.));
#3946=CARTESIAN_POINT('Ctrl Pts',(198.905091759645,-84.0638737827974,15.));
#3947=CARTESIAN_POINT('Ctrl Pts',(198.59921135299,-84.343917209773,15.));
#3948=CARTESIAN_POINT('Ctrl Pts',(198.187735913407,-84.3900312842638,15.));
#3949=CARTESIAN_POINT('Ctrl Pts',(197.987138405442,-84.4125122576952,15.));
#3950=CARTESIAN_POINT('',(197.012864723802,-83.8835258036852,15.));
#3951=CARTESIAN_POINT('Ctrl Pts',(197.987138405442,-84.4125122576952,15.));
#3952=CARTESIAN_POINT('Ctrl Pts',(197.789825715336,-84.390168886248,15.));
#3953=CARTESIAN_POINT('Ctrl Pts',(197.393834310092,-84.3453274568779,15.));
#3954=CARTESIAN_POINT('Ctrl Pts',(197.140146296082,-84.0378132917564,15.));
#3955=CARTESIAN_POINT('Ctrl Pts',(197.012864723802,-83.8835258036852,15.));
#3956=CARTESIAN_POINT('',(196.999475136399,-83.8835258036852,15.));
#3957=CARTESIAN_POINT('',(190.996301984295,-83.8835258036852,15.));
#3958=CARTESIAN_POINT('',(196.999475136399,-84.3288118392229,15.));
#3959=CARTESIAN_POINT('',(196.999475136399,-82.6968187610029,15.));
#3960=CARTESIAN_POINT('',(196.437007561326,-84.3288118392229,15.));
#3961=CARTESIAN_POINT('',(190.989607190594,-84.3288118392229,15.));
#3962=CARTESIAN_POINT('',(196.437007561326,-79.4206178933382,15.));
#3963=CARTESIAN_POINT('',(196.437007561326,-82.9194617787717,15.));
#3964=CARTESIAN_POINT('',(190.708373403057,-79.4206178933382,15.));
#3965=CARTESIAN_POINT('',(191.100267544389,-79.4206178933382,15.));
#3966=CARTESIAN_POINT('',(191.702911034226,-79.4206178933382,15.));
#3967=CARTESIAN_POINT('',(188.040003394589,-79.4206178933382,15.));
#3968=CARTESIAN_POINT('',(191.702911034226,-84.3288118392229,15.));
#3969=CARTESIAN_POINT('',(191.702911034226,-80.4653648058294,15.));
#3970=CARTESIAN_POINT('',(191.100267544389,-84.3288118392229,15.));
#3971=CARTESIAN_POINT('',(188.341325139508,-84.3288118392229,15.));
#3972=CARTESIAN_POINT('',(191.100267544389,-82.9194617787717,15.));
#3973=CARTESIAN_POINT('',(194.900266304612,-80.7765651494265,15.));
#3974=CARTESIAN_POINT('',(195.50290979445,-80.7765651494265,15.));
#3975=CARTESIAN_POINT('',(189.940002774701,-80.7765651494265,15.));
#3976=CARTESIAN_POINT('',(195.50290979445,-84.3288118392229,15.));
#3977=CARTESIAN_POINT('',(195.50290979445,-81.1433384338735,15.));
#3978=CARTESIAN_POINT('',(194.963878765702,-84.3288118392229,15.));
#3979=CARTESIAN_POINT('',(190.241324519619,-84.3288118392229,15.));
#3980=CARTESIAN_POINT('',(194.963878765702,-83.806521371007,15.));
#3981=CARTESIAN_POINT('',(194.963878765702,-82.9194617787717,15.));
#3982=CARTESIAN_POINT('',(194.947139397264,-83.806521371007,15.));
#3983=CARTESIAN_POINT('',(189.971809005246,-83.806521371007,15.));
#3984=CARTESIAN_POINT('',(193.832248821855,-84.4125122576952,15.));
#3985=CARTESIAN_POINT('Ctrl Pts',(194.947139397264,-83.806521371007,15.));
#3986=CARTESIAN_POINT('Ctrl Pts',(194.79978835649,-83.983263150682,15.));
#3987=CARTESIAN_POINT('Ctrl Pts',(194.508049194925,-84.333192804015,15.));
#3988=CARTESIAN_POINT('Ctrl Pts',(194.055985216815,-84.3862520641177,15.));
#3989=CARTESIAN_POINT('Ctrl Pts',(193.832248821855,-84.4125122576952,15.));
#3990=CARTESIAN_POINT('',(193.142558708787,-84.2417634278536,15.));
#3991=CARTESIAN_POINT('Ctrl Pts',(193.832248821855,-84.4125122576952,15.));
#3992=CARTESIAN_POINT('Ctrl Pts',(193.711013967567,-84.4056163391031,15.));
#3993=CARTESIAN_POINT('Ctrl Pts',(193.470371281622,-84.3919284241728,15.));
#3994=CARTESIAN_POINT('Ctrl Pts',(193.251275087736,-84.2915644300039,15.));
#3995=CARTESIAN_POINT('Ctrl Pts',(193.142558708787,-84.2417634278536,15.));
#3996=CARTESIAN_POINT('',(192.720708027482,-83.7663448601961,15.));
#3997=CARTESIAN_POINT('Ctrl Pts',(193.142558708787,-84.2417634278536,15.));
#3998=CARTESIAN_POINT('Ctrl Pts',(193.046937929633,-84.1801529343099,15.));
#3999=CARTESIAN_POINT('Ctrl Pts',(192.861692454763,-84.0607953507974,15.));
#4000=CARTESIAN_POINT('Ctrl Pts',(192.766677680605,-83.8623539526603,15.));
#4001=CARTESIAN_POINT('Ctrl Pts',(192.720708027482,-83.7663448601961,15.));
#4002=CARTESIAN_POINT('',(192.616917267442,-82.9795605689287,15.));
#4003=CARTESIAN_POINT('Ctrl Pts',(192.720708027482,-83.7663448601961,15.));
#4004=CARTESIAN_POINT('Ctrl Pts',(192.690516545037,-83.6505962372607,15.));
#4005=CARTESIAN_POINT('Ctrl Pts',(192.623302194838,-83.392908709294,15.));
#4006=CARTESIAN_POINT('Ctrl Pts',(192.619185059381,-83.1263731358553,15.));
#4007=CARTESIAN_POINT('Ctrl Pts',(192.616917267442,-82.9795605689287,15.));
#4008=CARTESIAN_POINT('',(192.616917267442,-80.7765651494265,15.));
#4009=CARTESIAN_POINT('',(192.616917267442,-82.2448361436246,15.));
#4010=CARTESIAN_POINT('',(193.219563141465,-80.7765651494265,15.));
#4011=CARTESIAN_POINT('',(188.798328256115,-80.7765651494265,15.));
#4012=CARTESIAN_POINT('',(193.219563141465,-82.745199277997,15.));
#4013=CARTESIAN_POINT('',(193.219563141465,-81.1433384338735,15.));
#4014=CARTESIAN_POINT('',(193.26308645308,-83.4214992076159,15.));
#4015=CARTESIAN_POINT('Ctrl Pts',(193.219563141465,-82.745199277997,15.));
#4016=CARTESIAN_POINT('Ctrl Pts',(193.219451945887,-82.8805107770041,15.));
#4017=CARTESIAN_POINT('Ctrl Pts',(193.219265803522,-83.1070234041307,15.));
#4018=CARTESIAN_POINT('Ctrl Pts',(193.250507543264,-83.331227547763,15.));
#4019=CARTESIAN_POINT('Ctrl Pts',(193.26308645308,-83.4214992076159,15.));
#4020=CARTESIAN_POINT('',(193.500794544816,-83.759648874402,15.));
#4021=CARTESIAN_POINT('Ctrl Pts',(193.26308645308,-83.4214992076159,15.));
#4022=CARTESIAN_POINT('Ctrl Pts',(193.285603087585,-83.4872616623735,15.));
#4023=CARTESIAN_POINT('Ctrl Pts',(193.332004889841,-83.6227835327,15.));
#4024=CARTESIAN_POINT('Ctrl Pts',(193.443435844856,-83.713138807948,15.));
#4025=CARTESIAN_POINT('Ctrl Pts',(193.500794544816,-83.759648874402,15.));
#4026=CARTESIAN_POINT('',(193.956126347184,-83.8902217894793,15.));
#4027=CARTESIAN_POINT('Ctrl Pts',(193.500794544816,-83.759648874402,15.));
#4028=CARTESIAN_POINT('Ctrl Pts',(193.568955870884,-83.7977191783904,15.));
#4029=CARTESIAN_POINT('Ctrl Pts',(193.710354357596,-83.8766948040597,15.));
#4030=CARTESIAN_POINT('Ctrl Pts',(193.872264962064,-83.8856061628748,15.));
#4031=CARTESIAN_POINT('Ctrl Pts',(193.956126347184,-83.8902217894793,15.));
#4032=CARTESIAN_POINT('',(194.598945751786,-83.6558604985476,15.));
#4033=CARTESIAN_POINT('Ctrl Pts',(193.956126347184,-83.8902217894793,15.));
#4034=CARTESIAN_POINT('Ctrl Pts',(194.069709733704,-83.879329246679,15.));
#4035=CARTESIAN_POINT('Ctrl Pts',(194.303949319694,-83.8568658847908,15.));
#4036=CARTESIAN_POINT('Ctrl Pts',(194.498653920179,-83.724197590648,15.));
#4037=CARTESIAN_POINT('Ctrl Pts',(194.598945751786,-83.6558604985476,15.));
#4038=CARTESIAN_POINT('',(194.900266304612,-82.6748914271593,15.));
#4039=CARTESIAN_POINT('Ctrl Pts',(194.598945751786,-83.6558604985476,15.));
#4040=CARTESIAN_POINT('Ctrl Pts',(194.686114499165,-83.538662809944,15.));
#4041=CARTESIAN_POINT('Ctrl Pts',(194.899695539392,-83.2515047975056,15.));
#4042=CARTESIAN_POINT('Ctrl Pts',(194.900054089451,-82.8892809787808,15.));
#4043=CARTESIAN_POINT('Ctrl Pts',(194.900266304612,-82.6748914271593,15.));
#4044=CARTESIAN_POINT('',(194.900266304612,-82.0925015727399,15.));
#4045=CARTESIAN_POINT('',(189.222029820085,-83.5453755408525,15.));
#4046=CARTESIAN_POINT('',(189.727579727769,-82.6079309731722,15.));
#4047=CARTESIAN_POINT('Ctrl Pts',(189.222029820085,-83.5453755408525,15.));
#4048=CARTESIAN_POINT('Ctrl Pts',(189.335011411972,-83.4212470971608,15.));
#4049=CARTESIAN_POINT('Ctrl Pts',(189.58048898144,-83.1515505196014,15.));
#4050=CARTESIAN_POINT('Ctrl Pts',(189.676018097649,-82.7984929947698,15.));
#4051=CARTESIAN_POINT('Ctrl Pts',(189.727579727769,-82.6079309731722,15.));
#4052=CARTESIAN_POINT('',(190.373746529222,-82.7719838172197,15.));
#4053=CARTESIAN_POINT('',(187.366490485751,-82.0084829601633,15.));
#4054=CARTESIAN_POINT('',(189.623791351914,-84.0074021369219,15.));
#4055=CARTESIAN_POINT('Ctrl Pts',(190.373746529222,-82.7719838172197,15.));
#4056=CARTESIAN_POINT('Ctrl Pts',(190.295331089896,-83.0250759864228,15.));
#4057=CARTESIAN_POINT('Ctrl Pts',(190.147960917272,-83.5007251313636,15.));
#4058=CARTESIAN_POINT('Ctrl Pts',(189.790873234735,-83.8458961021089,15.));
#4059=CARTESIAN_POINT('Ctrl Pts',(189.623791351914,-84.0074021369219,15.));
#4060=CARTESIAN_POINT('',(188.344848528504,-84.4125122576952,15.));
#4061=CARTESIAN_POINT('Ctrl Pts',(189.623791351914,-84.0074021369219,15.));
#4062=CARTESIAN_POINT('Ctrl Pts',(189.433920245634,-84.1255301928739,15.));
#4063=CARTESIAN_POINT('Ctrl Pts',(189.042555153809,-84.3690174636364,15.));
#4064=CARTESIAN_POINT('Ctrl Pts',(188.581976868172,-84.3977297575364,15.));
#4065=CARTESIAN_POINT('Ctrl Pts',(188.344848528504,-84.4125122576952,15.));
#4066=CARTESIAN_POINT('',(186.587139740586,-83.6592084914446,15.));
#4067=CARTESIAN_POINT('Ctrl Pts',(188.344848528504,-84.4125122576952,15.));
#4068=CARTESIAN_POINT('Ctrl Pts',(187.978602604267,-84.3916359019111,15.));
#4069=CARTESIAN_POINT('Ctrl Pts',(187.29701171345,-84.352784591919,15.));
#4070=CARTESIAN_POINT('Ctrl Pts',(186.811682324643,-83.878596459689,15.));
#4071=CARTESIAN_POINT('Ctrl Pts',(186.587139740586,-83.6592084914446,15.));
#4072=CARTESIAN_POINT('',(186.038064137101,-81.841234639287,15.));
#4073=CARTESIAN_POINT('Ctrl Pts',(186.587139740586,-83.6592084914446,15.));
#4074=CARTESIAN_POINT('Ctrl Pts',(186.427044433267,-83.3886337161754,15.));
#4075=CARTESIAN_POINT('Ctrl Pts',(186.095549756916,-82.82837933359,15.));
#4076=CARTESIAN_POINT('Ctrl Pts',(186.057656731317,-82.1776792229929,15.));
#4077=CARTESIAN_POINT('Ctrl Pts',(186.038064137101,-81.841234639287,15.));
#4078=CARTESIAN_POINT('',(186.684232130647,-80.0031731277704,15.));
#4079=CARTESIAN_POINT('Ctrl Pts',(186.038064137101,-81.841234639287,15.));
#4080=CARTESIAN_POINT('Ctrl Pts',(186.057080521656,-81.4794346603331,15.));
#4081=CARTESIAN_POINT('Ctrl Pts',(186.092746701304,-80.8008607174656,15.));
#4082=CARTESIAN_POINT('Ctrl Pts',(186.495989223043,-80.2570408036162,15.));
#4083=CARTESIAN_POINT('Ctrl Pts',(186.684232130647,-80.0031731277704,15.));
#4084=CARTESIAN_POINT('',(188.351544514298,-79.3369174748659,15.));
#4085=CARTESIAN_POINT('Ctrl Pts',(186.684232130647,-80.0031731277704,15.));
#4086=CARTESIAN_POINT('Ctrl Pts',(186.92017661486,-79.8088831795915,15.));
#4087=CARTESIAN_POINT('Ctrl Pts',(187.404299376387,-79.4102292904665,15.));
#4088=CARTESIAN_POINT('Ctrl Pts',(188.030521254666,-79.3617629948604,15.));
#4089=CARTESIAN_POINT('Ctrl Pts',(188.351544514298,-79.3369174748659,15.));
#4090=CARTESIAN_POINT('',(189.576918259263,-79.7018513828516,15.));
#4091=CARTESIAN_POINT('Ctrl Pts',(188.351544514298,-79.3369174748659,15.));
#4092=CARTESIAN_POINT('Ctrl Pts',(188.578402486593,-79.349801263945,15.));
#4093=CARTESIAN_POINT('Ctrl Pts',(189.016292553775,-79.3746700539122,15.));
#4094=CARTESIAN_POINT('Ctrl Pts',(189.394600526888,-79.5954506998577,15.));
#4095=CARTESIAN_POINT('Ctrl Pts',(189.576918259263,-79.7018513828516,15.));
#4096=CARTESIAN_POINT('',(190.290047302842,-80.7698691636324,15.));
#4097=CARTESIAN_POINT('Ctrl Pts',(189.576918259263,-79.7018513828516,15.));
#4098=CARTESIAN_POINT('Ctrl Pts',(189.735138095247,-79.8421952442529,15.));
#4099=CARTESIAN_POINT('Ctrl Pts',(190.065578201433,-80.1353016058899,15.));
#4100=CARTESIAN_POINT('Ctrl Pts',(190.213140247676,-80.5524551771924,15.));
#4101=CARTESIAN_POINT('Ctrl Pts',(190.290047302842,-80.7698691636324,15.));
#4102=CARTESIAN_POINT('',(189.653922691941,-80.9205297380686,15.));
#4103=CARTESIAN_POINT('',(187.692916217351,-81.3849770442598,15.));
#4104=CARTESIAN_POINT('',(189.165112152696,-80.1504857093096,15.));
#4105=CARTESIAN_POINT('Ctrl Pts',(189.653922691941,-80.9205297380686,15.));
#4106=CARTESIAN_POINT('Ctrl Pts',(189.597503645987,-80.7637785278327,15.));
#4107=CARTESIAN_POINT('Ctrl Pts',(189.491753349722,-80.4699684032203,15.));
#4108=CARTESIAN_POINT('Ctrl Pts',(189.269016318008,-80.2521127635352,15.));
#4109=CARTESIAN_POINT('Ctrl Pts',(189.165112152696,-80.1504857093096,15.));
#4110=CARTESIAN_POINT('',(188.344848528504,-79.8926884680986,15.));
#4111=CARTESIAN_POINT('Ctrl Pts',(189.165112152696,-80.1504857093096,15.));
#4112=CARTESIAN_POINT('Ctrl Pts',(189.045526334999,-80.0753360118242,15.));
#4113=CARTESIAN_POINT('Ctrl Pts',(188.795152410749,-79.9179969140275,15.));
#4114=CARTESIAN_POINT('Ctrl Pts',(188.49936127472,-79.9013725537508,15.));
#4115=CARTESIAN_POINT('Ctrl Pts',(188.344848528504,-79.8926884680986,15.));
#4116=CARTESIAN_POINT('',(187.126169577241,-80.4216752201319,15.));
#4117=CARTESIAN_POINT('Ctrl Pts',(188.344848528504,-79.8926884680986,15.));
#4118=CARTESIAN_POINT('Ctrl Pts',(188.097256087546,-79.9097889103066,15.));
#4119=CARTESIAN_POINT('Ctrl Pts',(187.626456259655,-79.9423055946498,15.));
#4120=CARTESIAN_POINT('Ctrl Pts',(187.287072347002,-80.2674998179264,15.));
#4121=CARTESIAN_POINT('Ctrl Pts',(187.126169577241,-80.4216752201319,15.));
#4122=CARTESIAN_POINT('',(186.711016073823,-81.8345386534929,15.));
#4123=CARTESIAN_POINT('Ctrl Pts',(187.126169577241,-80.4216752201319,15.));
#4124=CARTESIAN_POINT('Ctrl Pts',(187.005268150824,-80.6217499414665,15.));
#4125=CARTESIAN_POINT('Ctrl Pts',(186.743618889381,-81.0547423768938,15.));
#4126=CARTESIAN_POINT('Ctrl Pts',(186.722419674261,-81.5617865917706,15.));
#4127=CARTESIAN_POINT('Ctrl Pts',(186.711016073823,-81.8345386534929,15.));
#4128=CARTESIAN_POINT('',(187.146257534623,-83.3578867465258,15.));
#4129=CARTESIAN_POINT('Ctrl Pts',(186.711016073823,-81.8345386534929,15.));
#4130=CARTESIAN_POINT('Ctrl Pts',(186.718874496548,-82.1410084461069,15.));
#4131=CARTESIAN_POINT('Ctrl Pts',(186.732932585353,-82.6892583572369,15.));
#4132=CARTESIAN_POINT('Ctrl Pts',(187.019763918596,-83.1532602827977,15.));
#4133=CARTESIAN_POINT('Ctrl Pts',(187.146257534623,-83.3578867465258,15.));
#4134=CARTESIAN_POINT('',(188.287932053208,-83.8567412644625,15.));
#4135=CARTESIAN_POINT('Ctrl Pts',(187.146257534623,-83.3578867465258,15.));
#4136=CARTESIAN_POINT('Ctrl Pts',(187.305326940457,-83.5033750717747,15.));
#4137=CARTESIAN_POINT('Ctrl Pts',(187.628729266043,-83.7991658461513,15.));
#4138=CARTESIAN_POINT('Ctrl Pts',(188.065826474907,-83.8373423452999,15.));
#4139=CARTESIAN_POINT('Ctrl Pts',(188.287932053208,-83.8567412644625,15.));
#4140=CARTESIAN_POINT('Ctrl Pts',(188.287932053208,-83.8567412644625,15.));
#4141=CARTESIAN_POINT('Ctrl Pts',(188.467243974415,-83.846750335265,15.));
#4142=CARTESIAN_POINT('Ctrl Pts',(188.807810652083,-83.827774588752,15.));
#4143=CARTESIAN_POINT('Ctrl Pts',(189.088925080999,-83.6361213452297,15.));
#4144=CARTESIAN_POINT('Ctrl Pts',(189.222029820085,-83.5453755408525,15.));
#4145=CARTESIAN_POINT('',(184.457800760865,-80.7765651494265,15.));
#4146=CARTESIAN_POINT('',(183.098504915833,-82.0923358947039,15.));
#4147=CARTESIAN_POINT('',(184.409240829506,-80.8235701758225,15.));
#4148=CARTESIAN_POINT('',(184.59506906569,-84.3288118392229,15.));
#4149=CARTESIAN_POINT('',(183.254872924428,-82.3260133416403,15.));
#4150=CARTESIAN_POINT('',(183.855157271028,-84.3288118392229,15.));
#4151=CARTESIAN_POINT('',(184.787404155239,-84.3288118392229,15.));
#4152=CARTESIAN_POINT('',(182.673306837678,-82.5108379870653,15.));
#4153=CARTESIAN_POINT('',(183.378169603795,-83.5950886181108,15.));
#4154=CARTESIAN_POINT('',(182.248108759522,-82.9159481078386,15.));
#4155=CARTESIAN_POINT('',(183.527687676491,-81.6968213144137,15.));
#4156=CARTESIAN_POINT('',(182.248108759522,-84.3288118392229,15.));
#4157=CARTESIAN_POINT('',(182.248108759522,-82.2130299130796,15.));
#4158=CARTESIAN_POINT('',(181.645465269685,-84.3288118392229,15.));
#4159=CARTESIAN_POINT('',(183.613924002156,-84.3288118392229,15.));
#4160=CARTESIAN_POINT('',(181.645465269685,-79.4206178933382,15.));
#4161=CARTESIAN_POINT('',(181.645465269685,-82.9194617787717,15.));
#4162=CARTESIAN_POINT('',(182.248108759522,-79.4206178933382,15.));
#4163=CARTESIAN_POINT('',(183.312602257237,-79.4206178933382,15.));
#4164=CARTESIAN_POINT('',(182.248108759522,-82.216212823987,15.));
#4165=CARTESIAN_POINT('',(182.248108759522,-80.4653648058294,15.));
#4166=CARTESIAN_POINT('',(183.674364462495,-80.7765651494265,15.));
#4167=CARTESIAN_POINT('',(183.101151821265,-81.3551600284907,15.));
#4168=CARTESIAN_POINT('',(184.327051853642,-80.7765651494265,15.));
#4169=CARTESIAN_POINT('',(177.29639030993,-82.8422922641039,15.));
#4170=CARTESIAN_POINT('',(177.323174849153,-83.8366533070803,15.));
#4171=CARTESIAN_POINT('Ctrl Pts',(177.29639030993,-82.8422922641039,15.));
#4172=CARTESIAN_POINT('Ctrl Pts',(177.295895113705,-83.0485618830168,15.));
#4173=CARTESIAN_POINT('Ctrl Pts',(177.295098635236,-83.3803279632431,15.));
#4174=CARTESIAN_POINT('Ctrl Pts',(177.315469285776,-83.7114140612275,15.));
#4175=CARTESIAN_POINT('Ctrl Pts',(177.323174849153,-83.8366533070803,15.));
#4176=CARTESIAN_POINT('',(177.490575686097,-84.3288118392229,15.));
#4177=CARTESIAN_POINT('Ctrl Pts',(177.323174849153,-83.8366533070803,15.));
#4178=CARTESIAN_POINT('Ctrl Pts',(177.338207048671,-83.9208462722467,15.));
#4179=CARTESIAN_POINT('Ctrl Pts',(177.369004291219,-84.0933367428475,15.));
#4180=CARTESIAN_POINT('Ctrl Pts',(177.449414084005,-84.2490847600916,15.));
#4181=CARTESIAN_POINT('Ctrl Pts',(177.490575686097,-84.3288118392229,15.));
#4182=CARTESIAN_POINT('',(176.857800260186,-84.3288118392229,15.));
#4183=CARTESIAN_POINT('',(181.235157465443,-84.3288118392229,15.));
#4184=CARTESIAN_POINT('',(176.733923330903,-83.8902217894793,15.));
#4185=CARTESIAN_POINT('Ctrl Pts',(176.857800260186,-84.3288118392229,15.));
#4186=CARTESIAN_POINT('Ctrl Pts',(176.830432884561,-84.2651007290995,15.));
#4187=CARTESIAN_POINT('Ctrl Pts',(176.770023576422,-84.1244681695129,15.));
#4188=CARTESIAN_POINT('Ctrl Pts',(176.746687440484,-83.973045227955,15.));
#4189=CARTESIAN_POINT('Ctrl Pts',(176.733923330903,-83.8902217894793,15.));
#4190=CARTESIAN_POINT('',(175.42484857142,-84.4125122576952,15.));
#4191=CARTESIAN_POINT('Ctrl Pts',(176.733923330903,-83.8902217894793,15.));
#4192=CARTESIAN_POINT('Ctrl Pts',(176.532330501634,-84.0424999331347,15.));
#4193=CARTESIAN_POINT('Ctrl Pts',(176.142950936368,-84.3366274454616,15.));
#4194=CARTESIAN_POINT('Ctrl Pts',(175.658490242685,-84.3878223872543,15.));
#4195=CARTESIAN_POINT('Ctrl Pts',(175.42484857142,-84.4125122576952,15.));
#4196=CARTESIAN_POINT('',(174.537623897195,-84.131279066205,15.));
#4197=CARTESIAN_POINT('Ctrl Pts',(175.42484857142,-84.4125122576952,15.));
#4198=CARTESIAN_POINT('Ctrl Pts',(175.251997579971,-84.4046559576061,15.));
#4199=CARTESIAN_POINT('Ctrl Pts',(174.929998090548,-84.3900206662707,15.));
#4200=CARTESIAN_POINT('Ctrl Pts',(174.661835446746,-84.2131873456534,15.));
#4201=CARTESIAN_POINT('Ctrl Pts',(174.537623897195,-84.131279066205,15.));
#4202=CARTESIAN_POINT('',(174.212866201997,-83.3880186825991,15.));
#4203=CARTESIAN_POINT('Ctrl Pts',(174.537623897195,-84.131279066205,15.));
#4204=CARTESIAN_POINT('Ctrl Pts',(174.442914685017,-84.028452642523,15.));
#4205=CARTESIAN_POINT('Ctrl Pts',(174.249456091353,-83.8184133563794,15.));
#4206=CARTESIAN_POINT('Ctrl Pts',(174.225231466637,-83.5334671694481,15.));
#4207=CARTESIAN_POINT('Ctrl Pts',(174.212866201997,-83.3880186825991,15.));
#4208=CARTESIAN_POINT('',(174.524231925607,-82.6614988595247,15.));
#4209=CARTESIAN_POINT('Ctrl Pts',(174.212866201997,-83.3880186825991,15.));
#4210=CARTESIAN_POINT('Ctrl Pts',(174.225137684848,-83.2479107015032,15.));
#4211=CARTESIAN_POINT('Ctrl Pts',(174.249359458638,-82.971361904128,15.));
#4212=CARTESIAN_POINT('Ctrl Pts',(174.433421351864,-82.7638693922032,15.));
#4213=CARTESIAN_POINT('Ctrl Pts',(174.524231925607,-82.6614988595247,15.));
#4214=CARTESIAN_POINT('',(175.612337365746,-82.2798246890306,15.));
#4215=CARTESIAN_POINT('Ctrl Pts',(174.524231925607,-82.6614988595247,15.));
#4216=CARTESIAN_POINT('Ctrl Pts',(174.663764656798,-82.5721728538448,15.));
#4217=CARTESIAN_POINT('Ctrl Pts',(174.994575969471,-82.3603942056201,15.));
#4218=CARTESIAN_POINT('Ctrl Pts',(175.386007523134,-82.3093430210582,15.));
#4219=CARTESIAN_POINT('Ctrl Pts',(175.612337365746,-82.2798246890306,15.));
#4220=CARTESIAN_POINT('',(176.174804344773,-82.1961242705584,15.));
#4221=CARTESIAN_POINT('',(180.250597748991,-81.589607574894,15.));
#4222=CARTESIAN_POINT('',(176.693747416139,-82.0722479373217,15.));
#4223=CARTESIAN_POINT('Ctrl Pts',(176.174804344773,-82.1961242705584,15.));
#4224=CARTESIAN_POINT('Ctrl Pts',(176.27107997889,-82.179806556045,15.));
#4225=CARTESIAN_POINT('Ctrl Pts',(176.446859202536,-82.1500138134146,15.));
#4226=CARTESIAN_POINT('Ctrl Pts',(176.616858185134,-82.0964668270125,15.));
#4227=CARTESIAN_POINT('Ctrl Pts',(176.693747416139,-82.0722479373217,15.));
#4228=CARTESIAN_POINT('',(176.677007451653,-81.6905740648508,15.));
#4229=CARTESIAN_POINT('Ctrl Pts',(176.693747416139,-82.0722479373217,15.));
#4230=CARTESIAN_POINT('Ctrl Pts',(176.693863963368,-81.9951669160804,15.));
#4231=CARTESIAN_POINT('Ctrl Pts',(176.694056770476,-81.8676497800647,15.));
#4232=CARTESIAN_POINT('Ctrl Pts',(176.681839627504,-81.7407614655116,15.));
#4233=CARTESIAN_POINT('Ctrl Pts',(176.677007451653,-81.6905740648508,15.));
#4234=CARTESIAN_POINT('',(176.57656647265,-81.4562127739191,15.));
#4235=CARTESIAN_POINT('Ctrl Pts',(176.677007451653,-81.6905740648508,15.));
#4236=CARTESIAN_POINT('Ctrl Pts',(176.667842331063,-81.6512340090458,15.));
#4237=CARTESIAN_POINT('Ctrl Pts',(176.648280697373,-81.5672683095911,15.));
#4238=CARTESIAN_POINT('Ctrl Pts',(176.601453789011,-81.4947528858783,15.));
#4239=CARTESIAN_POINT('Ctrl Pts',(176.57656647265,-81.4562127739191,15.));
#4240=CARTESIAN_POINT('',(176.315421238542,-81.262027695775,15.));
#4241=CARTESIAN_POINT('Ctrl Pts',(176.57656647265,-81.4562127739191,15.));
#4242=CARTESIAN_POINT('Ctrl Pts',(176.543515256444,-81.4171837092709,15.));
#4243=CARTESIAN_POINT('Ctrl Pts',(176.471736963003,-81.3324231474335,15.));
#4244=CARTESIAN_POINT('Ctrl Pts',(176.370202749134,-81.2866980812656,15.));
#4245=CARTESIAN_POINT('Ctrl Pts',(176.315421238542,-81.262027695775,15.));
#4246=CARTESIAN_POINT('',(175.829958692193,-81.1883712559938,15.));
#4247=CARTESIAN_POINT('Ctrl Pts',(176.315421238542,-81.262027695775,15.));
#4248=CARTESIAN_POINT('Ctrl Pts',(176.245321481828,-81.2406144385164,15.));
#4249=CARTESIAN_POINT('Ctrl Pts',(176.087354316223,-81.1923604685446,15.));
#4250=CARTESIAN_POINT('Ctrl Pts',(175.92195830856,-81.1897971000643,15.));
#4251=CARTESIAN_POINT('Ctrl Pts',(175.829958692193,-81.1883712559938,15.));
#4252=CARTESIAN_POINT('',(175.213923230767,-81.3323361426592,15.));
#4253=CARTESIAN_POINT('Ctrl Pts',(175.829958692193,-81.1883712559938,15.));
#4254=CARTESIAN_POINT('Ctrl Pts',(175.711744824371,-81.1917025965399,15.));
#4255=CARTESIAN_POINT('Ctrl Pts',(175.496006176003,-81.1977822462453,15.));
#4256=CARTESIAN_POINT('Ctrl Pts',(175.301740941967,-81.2904469912032,15.));
#4257=CARTESIAN_POINT('Ctrl Pts',(175.213923230767,-81.3323361426592,15.));
#4258=CARTESIAN_POINT('',(174.905906096101,-81.8680188804865,15.));
#4259=CARTESIAN_POINT('Ctrl Pts',(175.213923230767,-81.3323361426592,15.));
#4260=CARTESIAN_POINT('Ctrl Pts',(175.143890643057,-81.3967448061731,15.));
#4261=CARTESIAN_POINT('Ctrl Pts',(174.986057197383,-81.5419035333618,15.));
#4262=CARTESIAN_POINT('Ctrl Pts',(174.934555740532,-81.7514504417596,15.));
#4263=CARTESIAN_POINT('Ctrl Pts',(174.905906096101,-81.8680188804865,15.));
#4264=CARTESIAN_POINT('',(174.316654577851,-81.7910144478083,15.));
#4265=CARTESIAN_POINT('',(179.835254637616,-82.5121948836986,15.));
#4266=CARTESIAN_POINT('',(174.815509095788,-80.9707502275705,15.));
#4267=CARTESIAN_POINT('Ctrl Pts',(174.316654577851,-81.7910144478083,15.));
#4268=CARTESIAN_POINT('Ctrl Pts',(174.359109995522,-81.6222396727892,15.));
#4269=CARTESIAN_POINT('Ctrl Pts',(174.441021034419,-81.2966153374292,15.));
#4270=CARTESIAN_POINT('Ctrl Pts',(174.693765125177,-81.0766871490645,15.));
#4271=CARTESIAN_POINT('Ctrl Pts',(174.815509095788,-80.9707502275705,15.));
#4272=CARTESIAN_POINT('',(175.920355096459,-80.6962127238512,15.));
#4273=CARTESIAN_POINT('Ctrl Pts',(174.815509095788,-80.9707502275705,15.));
#4274=CARTESIAN_POINT('Ctrl Pts',(174.971571276561,-80.8908737492874,15.));
#4275=CARTESIAN_POINT('Ctrl Pts',(175.317293088625,-80.7139247878128,15.));
#4276=CARTESIAN_POINT('Ctrl Pts',(175.706719529761,-80.7024872474867,15.));
#4277=CARTESIAN_POINT('Ctrl Pts',(175.920355096459,-80.6962127238512,15.));
#4278=CARTESIAN_POINT('',(176.857800260186,-80.8870498090982,15.));
#4279=CARTESIAN_POINT('Ctrl Pts',(175.920355096459,-80.6962127238512,15.));
#4280=CARTESIAN_POINT('Ctrl Pts',(176.108230311194,-80.6980185012312,15.));
#4281=CARTESIAN_POINT('Ctrl Pts',(176.434338507255,-80.7011529157666,15.));
#4282=CARTESIAN_POINT('Ctrl Pts',(176.731736961396,-80.8317088593052,15.));
#4283=CARTESIAN_POINT('Ctrl Pts',(176.857800260186,-80.8870498090982,15.));
#4284=CARTESIAN_POINT('',(177.226081863046,-81.3423801213503,15.));
#4285=CARTESIAN_POINT('Ctrl Pts',(176.857800260186,-80.8870498090982,15.));
#4286=CARTESIAN_POINT('Ctrl Pts',(176.947478763004,-80.949349994194,15.));
#4287=CARTESIAN_POINT('Ctrl Pts',(177.115145157316,-81.0658288277139,15.));
#4288=CARTESIAN_POINT('Ctrl Pts',(177.190862775616,-81.2545833535878,15.));
#4289=CARTESIAN_POINT('Ctrl Pts',(177.226081863046,-81.3423801213503,15.));
#4290=CARTESIAN_POINT('',(177.29639030993,-82.0320720225573,15.));
#4291=CARTESIAN_POINT('Ctrl Pts',(177.226081863046,-81.3423801213503,15.));
#4292=CARTESIAN_POINT('Ctrl Pts',(177.246529943257,-81.4441830060211,15.));
#4293=CARTESIAN_POINT('Ctrl Pts',(177.292221701894,-81.6716641576451,15.));
#4294=CARTESIAN_POINT('Ctrl Pts',(177.294906834179,-81.9038142628154,15.));
#4295=CARTESIAN_POINT('Ctrl Pts',(177.29639030993,-82.0320720225573,15.));
#4296=CARTESIAN_POINT('',(177.29639030993,-81.7710918704389,15.));
#4297=CARTESIAN_POINT('Ctrl Pts',(199.859476030886,-87.7500013113022,14.040017));
#4298=CARTESIAN_POINT('Ctrl Pts',(199.859476030886,-87.7500013113022,15.));
#4299=CARTESIAN_POINT('Ctrl Pts',(200.384358047181,-87.7500013113022,14.040017));
#4300=CARTESIAN_POINT('Ctrl Pts',(200.384358047181,-87.7500013113022,15.));
#4301=CARTESIAN_POINT('Ctrl Pts',(200.945238066573,-87.7500013113022,14.040017));
#4302=CARTESIAN_POINT('Ctrl Pts',(200.945238066573,-87.7500013113022,15.));
#4303=CARTESIAN_POINT('Ctrl Pts',(202.005130961619,-87.4180916723898,14.040017));
#4304=CARTESIAN_POINT('Ctrl Pts',(202.005130961619,-87.4180916723898,15.));
#4305=CARTESIAN_POINT('Ctrl Pts',(202.41974876952,-87.188321650843,14.040017));
#4306=CARTESIAN_POINT('Ctrl Pts',(202.41974876952,-87.188321650843,15.));
#4307=CARTESIAN_POINT('Ctrl Pts',(203.152054444328,-86.5748297799023,14.040017));
#4308=CARTESIAN_POINT('Ctrl Pts',(203.152054444328,-86.5748297799023,15.));
#4309=CARTESIAN_POINT('Ctrl Pts',(203.500776500915,-86.1789270278915,14.040017));
#4310=CARTESIAN_POINT('Ctrl Pts',(203.500776500915,-86.1789270278915,15.));
#4311=CARTESIAN_POINT('Ctrl Pts',(203.963540755678,-85.2878676200636,14.040017));
#4312=CARTESIAN_POINT('Ctrl Pts',(203.963540755678,-85.2878676200636,15.));
#4313=CARTESIAN_POINT('Ctrl Pts',(204.064622915894,-84.9070514678221,14.040017));
#4314=CARTESIAN_POINT('Ctrl Pts',(204.064622915894,-84.9070514678221,15.));
#4315=CARTESIAN_POINT('Ctrl Pts',(204.179399530886,-84.1756075459737,14.040017));
#4316=CARTESIAN_POINT('Ctrl Pts',(204.179399530886,-84.1756075459737,15.));
#4317=CARTESIAN_POINT('Ctrl Pts',(204.179399530886,-83.7965115353605,14.040017));
#4318=CARTESIAN_POINT('Ctrl Pts',(204.179399530886,-83.7965115353605,15.));
#4319=CARTESIAN_POINT('Ctrl Pts',(204.179399530886,-83.4300778113021,14.040017));
#4320=CARTESIAN_POINT('Ctrl Pts',(204.179399530886,-83.4300778113021,15.));
#4321=CARTESIAN_POINT('',(204.179399530886,-83.4300778113022,14.040017));
#4322=CARTESIAN_POINT('',(199.859476030886,-87.7500013113022,14.040017));
#4323=CARTESIAN_POINT('Origin',(204.179399530886,-83.4300778113022,14.040017));
#4324=CARTESIAN_POINT('',(204.179399530886,-79.590145625339,14.040017));
#4325=CARTESIAN_POINT('Ctrl Pts',(204.179399530886,-79.590145625339,14.040017));
#4326=CARTESIAN_POINT('Ctrl Pts',(204.179399530886,-79.590145625339,15.));
#4327=CARTESIAN_POINT('Ctrl Pts',(204.179399530886,-79.0652636090445,14.040017));
#4328=CARTESIAN_POINT('Ctrl Pts',(204.179399530886,-79.0652636090445,15.));
#4329=CARTESIAN_POINT('Ctrl Pts',(204.179399530886,-78.5043835896516,14.040017));
#4330=CARTESIAN_POINT('Ctrl Pts',(204.179399530886,-78.5043835896516,15.));
#4331=CARTESIAN_POINT('Ctrl Pts',(203.847489891974,-77.4444906946064,14.040017));
#4332=CARTESIAN_POINT('Ctrl Pts',(203.847489891974,-77.4444906946064,15.));
#4333=CARTESIAN_POINT('Ctrl Pts',(203.617719870427,-77.0298728867055,14.040017));
#4334=CARTESIAN_POINT('Ctrl Pts',(203.617719870427,-77.0298728867055,15.));
#4335=CARTESIAN_POINT('Ctrl Pts',(203.004227999486,-76.2975672118961,14.040017));
#4336=CARTESIAN_POINT('Ctrl Pts',(203.004227999486,-76.2975672118961,15.));
#4337=CARTESIAN_POINT('Ctrl Pts',(202.608325247475,-75.9488451553094,14.040017));
#4338=CARTESIAN_POINT('Ctrl Pts',(202.608325247475,-75.9488451553094,15.));
#4339=CARTESIAN_POINT('Ctrl Pts',(201.717265839648,-75.4860809005472,14.040017));
#4340=CARTESIAN_POINT('Ctrl Pts',(201.717265839648,-75.4860809005472,15.));
#4341=CARTESIAN_POINT('Ctrl Pts',(201.336449687407,-75.3849987403312,14.040017));
#4342=CARTESIAN_POINT('Ctrl Pts',(201.336449687407,-75.3849987403312,15.));
#4343=CARTESIAN_POINT('Ctrl Pts',(200.605005765558,-75.2702221253389,14.040017));
#4344=CARTESIAN_POINT('Ctrl Pts',(200.605005765558,-75.2702221253389,15.));
#4345=CARTESIAN_POINT('Ctrl Pts',(200.225909754945,-75.270222125339,14.040017));
#4346=CARTESIAN_POINT('Ctrl Pts',(200.225909754945,-75.270222125339,15.));
#4347=CARTESIAN_POINT('Ctrl Pts',(199.859476030886,-75.270222125339,14.040017));
#4348=CARTESIAN_POINT('Ctrl Pts',(199.859476030886,-75.270222125339,15.));
#4349=CARTESIAN_POINT('',(199.859476030886,-75.270222125339,14.040017));
#4350=CARTESIAN_POINT('Origin',(199.859476030886,-75.270222125339,14.040017));
#4351=CARTESIAN_POINT('',(170.100002458692,-75.270222125339,14.040017));
#4352=CARTESIAN_POINT('Ctrl Pts',(170.100002458692,-75.270222125339,14.040017));
#4353=CARTESIAN_POINT('Ctrl Pts',(170.100002458692,-75.270222125339,15.));
#4354=CARTESIAN_POINT('Ctrl Pts',(169.575120442397,-75.270222125339,14.040017));
#4355=CARTESIAN_POINT('Ctrl Pts',(169.575120442397,-75.270222125339,15.));
#4356=CARTESIAN_POINT('Ctrl Pts',(169.014240423004,-75.270222125339,14.040017));
#4357=CARTESIAN_POINT('Ctrl Pts',(169.014240423004,-75.270222125339,15.));
#4358=CARTESIAN_POINT('Ctrl Pts',(167.954347527959,-75.6021317642514,14.040017));
#4359=CARTESIAN_POINT('Ctrl Pts',(167.954347527959,-75.6021317642514,15.));
#4360=CARTESIAN_POINT('Ctrl Pts',(167.539729720058,-75.8319017857982,14.040017));
#4361=CARTESIAN_POINT('Ctrl Pts',(167.539729720058,-75.8319017857982,15.));
#4362=CARTESIAN_POINT('Ctrl Pts',(166.807424045249,-76.445393656739,14.040017));
#4363=CARTESIAN_POINT('Ctrl Pts',(166.807424045249,-76.445393656739,15.));
#4364=CARTESIAN_POINT('Ctrl Pts',(166.458701988662,-76.8412964087499,14.040017));
#4365=CARTESIAN_POINT('Ctrl Pts',(166.458701988662,-76.8412964087499,15.));
#4366=CARTESIAN_POINT('Ctrl Pts',(165.9959377339,-77.7323558165775,14.040017));
#4367=CARTESIAN_POINT('Ctrl Pts',(165.9959377339,-77.7323558165775,15.));
#4368=CARTESIAN_POINT('Ctrl Pts',(165.894855573684,-78.113171968819,14.040017));
#4369=CARTESIAN_POINT('Ctrl Pts',(165.894855573684,-78.113171968819,15.));
#4370=CARTESIAN_POINT('Ctrl Pts',(165.780078958692,-78.8446158906674,14.040017));
#4371=CARTESIAN_POINT('Ctrl Pts',(165.780078958692,-78.8446158906674,15.));
#4372=CARTESIAN_POINT('Ctrl Pts',(165.780078958692,-79.2237119012807,14.040017));
#4373=CARTESIAN_POINT('Ctrl Pts',(165.780078958692,-79.2237119012807,15.));
#4374=CARTESIAN_POINT('Ctrl Pts',(165.780078958692,-79.590145625339,14.040017));
#4375=CARTESIAN_POINT('Ctrl Pts',(165.780078958692,-79.590145625339,15.));
#4376=CARTESIAN_POINT('',(165.780078958692,-79.590145625339,14.040017));
#4377=CARTESIAN_POINT('Origin',(165.780078958692,-79.590145625339,14.040017));
#4378=CARTESIAN_POINT('',(165.780078958692,-83.4300778113022,14.040017));
#4379=CARTESIAN_POINT('Ctrl Pts',(165.780078958692,-83.4300778113022,14.040017));
#4380=CARTESIAN_POINT('Ctrl Pts',(165.780078958692,-83.4300778113022,15.));
#4381=CARTESIAN_POINT('Ctrl Pts',(165.780078958692,-83.9549598275966,14.040017));
#4382=CARTESIAN_POINT('Ctrl Pts',(165.780078958692,-83.9549598275966,15.));
#4383=CARTESIAN_POINT('Ctrl Pts',(165.780078958692,-84.5158398469896,14.040017));
#4384=CARTESIAN_POINT('Ctrl Pts',(165.780078958692,-84.5158398469896,15.));
#4385=CARTESIAN_POINT('Ctrl Pts',(166.111988597604,-85.5757327420347,14.040017));
#4386=CARTESIAN_POINT('Ctrl Pts',(166.111988597604,-85.5757327420347,15.));
#4387=CARTESIAN_POINT('Ctrl Pts',(166.341758619151,-85.9903505499357,14.040017));
#4388=CARTESIAN_POINT('Ctrl Pts',(166.341758619151,-85.9903505499357,15.));
#4389=CARTESIAN_POINT('Ctrl Pts',(166.955250490092,-86.7226562247448,14.040017));
#4390=CARTESIAN_POINT('Ctrl Pts',(166.955250490092,-86.7226562247448,15.));
#4391=CARTESIAN_POINT('Ctrl Pts',(167.351153242103,-87.0713782813316,14.040017));
#4392=CARTESIAN_POINT('Ctrl Pts',(167.351153242103,-87.0713782813316,15.));
#4393=CARTESIAN_POINT('Ctrl Pts',(168.242212649929,-87.5341425360937,14.040017));
#4394=CARTESIAN_POINT('Ctrl Pts',(168.242212649929,-87.5341425360937,15.));
#4395=CARTESIAN_POINT('Ctrl Pts',(168.62302880217,-87.6352246963098,14.040017));
#4396=CARTESIAN_POINT('Ctrl Pts',(168.62302880217,-87.6352246963098,15.));
#4397=CARTESIAN_POINT('Ctrl Pts',(169.35447272402,-87.7500013113022,14.040017));
#4398=CARTESIAN_POINT('Ctrl Pts',(169.35447272402,-87.7500013113022,15.));
#4399=CARTESIAN_POINT('Ctrl Pts',(169.733568734633,-87.7500013113022,14.040017));
#4400=CARTESIAN_POINT('Ctrl Pts',(169.733568734633,-87.7500013113022,15.));
#4401=CARTESIAN_POINT('Ctrl Pts',(170.100002458692,-87.7500013113022,14.040017));
#4402=CARTESIAN_POINT('Ctrl Pts',(170.100002458692,-87.7500013113022,15.));
#4403=CARTESIAN_POINT('',(170.100002458692,-87.7500013113022,14.040017));
#4404=CARTESIAN_POINT('Origin',(170.100002458692,-87.7500013113022,14.040017));
#4405=CARTESIAN_POINT('Origin',(169.549077413976,-84.3288118392229,15.));
#4406=CARTESIAN_POINT('',(169.549077413976,-79.4206178933382,15.));
#4407=CARTESIAN_POINT('',(169.549077413976,-84.3288118392229,15.));
#4408=CARTESIAN_POINT('Origin',(169.549077413976,-79.4206178933382,15.));
#4409=CARTESIAN_POINT('',(170.198592841625,-79.4206178933382,15.));
#4410=CARTESIAN_POINT('Origin',(170.198592841625,-79.4206178933382,15.));
#4411=CARTESIAN_POINT('',(170.198592841625,-81.4361245185137,15.));
#4412=CARTESIAN_POINT('Origin',(170.198592841625,-81.4361245185137,15.));
#4413=CARTESIAN_POINT('',(172.749782279134,-81.4361245185137,15.));
#4414=CARTESIAN_POINT('Origin',(172.749782279134,-81.4361245185137,15.));
#4415=CARTESIAN_POINT('',(172.749782279134,-79.4206178933382,15.));
#4416=CARTESIAN_POINT('Origin',(172.749782279134,-79.4206178933382,15.));
#4417=CARTESIAN_POINT('',(173.402645662427,-79.4206178933382,15.));
#4418=CARTESIAN_POINT('Origin',(173.402645662427,-79.4206178933382,15.));
#4419=CARTESIAN_POINT('',(173.402645662427,-84.3288118392229,15.));
#4420=CARTESIAN_POINT('Origin',(173.402645662427,-84.3288118392229,15.));
#4421=CARTESIAN_POINT('',(172.749782279134,-84.3288118392229,15.));
#4422=CARTESIAN_POINT('Origin',(172.749782279134,-84.3288118392229,15.));
#4423=CARTESIAN_POINT('',(172.749782279134,-82.0186794549227,15.));
#4424=CARTESIAN_POINT('Origin',(172.749782279134,-82.0186794549227,15.));
#4425=CARTESIAN_POINT('',(170.198592841625,-82.0186794549227,15.));
#4426=CARTESIAN_POINT('Origin',(170.198592841625,-82.0186794549227,15.));
#4427=CARTESIAN_POINT('',(170.198592841625,-84.3288118392229,15.));
#4428=CARTESIAN_POINT('Origin',(170.198592841625,-84.3288118392229,15.));
#4429=CARTESIAN_POINT('Ctrl Pts',(180.587491169572,-80.9807942062616,15.));
#4430=CARTESIAN_POINT('Ctrl Pts',(180.587491169572,-80.9807942062616,14.));
#4431=CARTESIAN_POINT('Ctrl Pts',(180.706032751606,-81.0902958505939,15.));
#4432=CARTESIAN_POINT('Ctrl Pts',(180.706032751606,-81.0902958505939,14.));
#4433=CARTESIAN_POINT('Ctrl Pts',(180.953146631638,-81.3185649164914,15.));
#4434=CARTESIAN_POINT('Ctrl Pts',(180.953146631638,-81.3185649164914,14.));
#4435=CARTESIAN_POINT('Ctrl Pts',(181.02974955083,-81.6469442974319,15.));
#4436=CARTESIAN_POINT('Ctrl Pts',(181.02974955083,-81.6469442974319,14.));
#4437=CARTESIAN_POINT('Ctrl Pts',(181.069605723023,-81.8177986890078,15.));
#4438=CARTESIAN_POINT('Ctrl Pts',(181.069605723023,-81.8177986890078,14.));
#4439=CARTESIAN_POINT('',(181.069605723023,-81.8177986890078,15.));
#4440=CARTESIAN_POINT('',(180.587491169572,-80.9807942062616,15.));
#4441=CARTESIAN_POINT('Origin',(181.069605723023,-81.8177986890078,15.));
#4442=CARTESIAN_POINT('',(180.487051382661,-81.9081950932741,15.));
#4443=CARTESIAN_POINT('Ctrl Pts',(180.487051382661,-81.9081950932741,15.));
#4444=CARTESIAN_POINT('Ctrl Pts',(180.487051382661,-81.9081950932741,14.));
#4445=CARTESIAN_POINT('Ctrl Pts',(180.455327122633,-81.7991288734323,15.));
#4446=CARTESIAN_POINT('Ctrl Pts',(180.455327122633,-81.7991288734323,14.));
#4447=CARTESIAN_POINT('Ctrl Pts',(180.396603531519,-81.5972404734325,15.));
#4448=CARTESIAN_POINT('Ctrl Pts',(180.396603531519,-81.5972404734325,14.));
#4449=CARTESIAN_POINT('Ctrl Pts',(180.25673359154,-81.4409993195532,15.));
#4450=CARTESIAN_POINT('Ctrl Pts',(180.25673359154,-81.4409993195532,14.));
#4451=CARTESIAN_POINT('Ctrl Pts',(180.192425623536,-81.3691643625498,15.));
#4452=CARTESIAN_POINT('Ctrl Pts',(180.192425623536,-81.3691643625498,14.));
#4453=CARTESIAN_POINT('',(180.192425623536,-81.3691643625498,15.));
#4454=CARTESIAN_POINT('Ctrl Pts',(180.192425623536,-81.3691643625498,15.));
#4455=CARTESIAN_POINT('Ctrl Pts',(180.192425623536,-81.3691643625498,14.));
#4456=CARTESIAN_POINT('Ctrl Pts',(180.118679444655,-81.3164585389108,15.));
#4457=CARTESIAN_POINT('Ctrl Pts',(180.118679444655,-81.3164585389108,14.));
#4458=CARTESIAN_POINT('Ctrl Pts',(179.96471677514,-81.2064226098693,15.));
#4459=CARTESIAN_POINT('Ctrl Pts',(179.96471677514,-81.2064226098693,14.));
#4460=CARTESIAN_POINT('Ctrl Pts',(179.775444421864,-81.1945546254199,15.));
#4461=CARTESIAN_POINT('Ctrl Pts',(179.775444421864,-81.1945546254199,14.));
#4462=CARTESIAN_POINT('Ctrl Pts',(179.676831141114,-81.1883712559938,15.));
#4463=CARTESIAN_POINT('Ctrl Pts',(179.676831141114,-81.1883712559938,14.));
#4464=CARTESIAN_POINT('',(179.676831141114,-81.1883712559938,15.));
#4465=CARTESIAN_POINT('Ctrl Pts',(179.676831141114,-81.1883712559938,15.));
#4466=CARTESIAN_POINT('Ctrl Pts',(179.676831141114,-81.1883712559938,14.));
#4467=CARTESIAN_POINT('Ctrl Pts',(179.520351494653,-81.2008444118946,15.));
#4468=CARTESIAN_POINT('Ctrl Pts',(179.520351494653,-81.2008444118946,14.));
#4469=CARTESIAN_POINT('Ctrl Pts',(179.219066065307,-81.2248601878491,15.));
#4470=CARTESIAN_POINT('Ctrl Pts',(179.219066065307,-81.2248601878491,14.));
#4471=CARTESIAN_POINT('Ctrl Pts',(179.010417062196,-81.4421661558601,15.));
#4472=CARTESIAN_POINT('Ctrl Pts',(179.010417062196,-81.4421661558601,14.));
#4473=CARTESIAN_POINT('Ctrl Pts',(178.910134807229,-81.5466091781855,15.));
#4474=CARTESIAN_POINT('Ctrl Pts',(178.910134807229,-81.5466091781855,14.));
#4475=CARTESIAN_POINT('',(178.910134807229,-81.5466091781855,15.));
#4476=CARTESIAN_POINT('Ctrl Pts',(178.910134807229,-81.5466091781855,15.));
#4477=CARTESIAN_POINT('Ctrl Pts',(178.910134807229,-81.5466091781855,14.));
#4478=CARTESIAN_POINT('Ctrl Pts',(178.834160598138,-81.6867694285811,15.));
#4479=CARTESIAN_POINT('Ctrl Pts',(178.834160598138,-81.6867694285811,14.));
#4480=CARTESIAN_POINT('Ctrl Pts',(178.665559222909,-81.9978119685696,15.));
#4481=CARTESIAN_POINT('Ctrl Pts',(178.665559222909,-81.9978119685696,14.));
#4482=CARTESIAN_POINT('Ctrl Pts',(178.654864887111,-82.3526975049251,15.));
#4483=CARTESIAN_POINT('Ctrl Pts',(178.654864887111,-82.3526975049251,14.));
#4484=CARTESIAN_POINT('Ctrl Pts',(178.648989573121,-82.5476665049791,15.));
#4485=CARTESIAN_POINT('Ctrl Pts',(178.648989573121,-82.5476665049791,14.));
#4486=CARTESIAN_POINT('',(178.648989573121,-82.5476665049791,15.));
#4487=CARTESIAN_POINT('Ctrl Pts',(178.648989573121,-82.5476665049791,15.));
#4488=CARTESIAN_POINT('Ctrl Pts',(178.648989573121,-82.5476665049791,14.));
#4489=CARTESIAN_POINT('Ctrl Pts',(178.654292470649,-82.7458389708271,15.));
#4490=CARTESIAN_POINT('Ctrl Pts',(178.654292470649,-82.7458389708271,14.));
#4491=CARTESIAN_POINT('Ctrl Pts',(178.663881133373,-83.1041730563767,15.));
#4492=CARTESIAN_POINT('Ctrl Pts',(178.663881133373,-83.1041730563767,14.));
#4493=CARTESIAN_POINT('Ctrl Pts',(178.829440238721,-83.4206589994706,15.));
#4494=CARTESIAN_POINT('Ctrl Pts',(178.829440238721,-83.4206589994706,14.));
#4495=CARTESIAN_POINT('Ctrl Pts',(178.903438821435,-83.5621161013842,15.));
#4496=CARTESIAN_POINT('Ctrl Pts',(178.903438821435,-83.5621161013842,14.));
#4497=CARTESIAN_POINT('',(178.903438821435,-83.5621161013842,15.));
#4498=CARTESIAN_POINT('Ctrl Pts',(178.903438821435,-83.5621161013842,15.));
#4499=CARTESIAN_POINT('Ctrl Pts',(178.903438821435,-83.5621161013842,14.));
#4500=CARTESIAN_POINT('Ctrl Pts',(179.000853216282,-83.6656030079579,15.));
#4501=CARTESIAN_POINT('Ctrl Pts',(179.000853216282,-83.6656030079579,14.));
#4502=CARTESIAN_POINT('Ctrl Pts',(179.201277245383,-83.8785208504114,15.));
#4503=CARTESIAN_POINT('Ctrl Pts',(179.201277245383,-83.8785208504114,14.));
#4504=CARTESIAN_POINT('Ctrl Pts',(179.493275192068,-83.9039408881012,15.));
#4505=CARTESIAN_POINT('Ctrl Pts',(179.493275192068,-83.9039408881012,14.));
#4506=CARTESIAN_POINT('Ctrl Pts',(179.643350020051,-83.9170057326555,15.));
#4507=CARTESIAN_POINT('Ctrl Pts',(179.643350020051,-83.9170057326555,14.));
#4508=CARTESIAN_POINT('',(179.643350020051,-83.9170057326555,15.));
#4509=CARTESIAN_POINT('Ctrl Pts',(179.643350020051,-83.9170057326555,15.));
#4510=CARTESIAN_POINT('Ctrl Pts',(179.643350020051,-83.9170057326555,14.));
#4511=CARTESIAN_POINT('Ctrl Pts',(179.763250987065,-83.9102529448266,15.));
#4512=CARTESIAN_POINT('Ctrl Pts',(179.763250987065,-83.9102529448266,14.));
#4513=CARTESIAN_POINT('Ctrl Pts',(179.989320172888,-83.897520793581,15.));
#4514=CARTESIAN_POINT('Ctrl Pts',(179.989320172888,-83.897520793581,14.));
#4515=CARTESIAN_POINT('Ctrl Pts',(180.168528436451,-83.7604218120445,15.));
#4516=CARTESIAN_POINT('Ctrl Pts',(180.168528436451,-83.7604218120445,14.));
#4517=CARTESIAN_POINT('Ctrl Pts',(180.252689495683,-83.696036413312,15.));
#4518=CARTESIAN_POINT('Ctrl Pts',(180.252689495683,-83.696036413312,14.));
#4519=CARTESIAN_POINT('',(180.252689495683,-83.696036413312,15.));
#4520=CARTESIAN_POINT('Ctrl Pts',(180.252689495683,-83.696036413312,15.));
#4521=CARTESIAN_POINT('Ctrl Pts',(180.252689495683,-83.696036413312,14.));
#4522=CARTESIAN_POINT('Ctrl Pts',(180.321108592092,-83.6061801488706,15.));
#4523=CARTESIAN_POINT('Ctrl Pts',(180.321108592092,-83.6061801488706,14.));
#4524=CARTESIAN_POINT('Ctrl Pts',(180.471989147689,-83.4080254842477,15.));
#4525=CARTESIAN_POINT('Ctrl Pts',(180.471989147689,-83.4080254842477,14.));
#4526=CARTESIAN_POINT('Ctrl Pts',(180.512036186744,-83.161285195319,15.));
#4527=CARTESIAN_POINT('Ctrl Pts',(180.512036186744,-83.161285195319,14.));
#4528=CARTESIAN_POINT('Ctrl Pts',(180.533923283219,-83.0264330655336,15.));
#4529=CARTESIAN_POINT('Ctrl Pts',(180.533923283219,-83.0264330655336,14.));
#4530=CARTESIAN_POINT('',(180.533923283219,-83.0264330655336,15.));
#4531=CARTESIAN_POINT('Origin',(180.533923283219,-83.0264330655336,15.));
#4532=CARTESIAN_POINT('',(181.133218184114,-83.1000895053148,15.));
#4533=CARTESIAN_POINT('Ctrl Pts',(181.133218184114,-83.1000895053148,15.));
#4534=CARTESIAN_POINT('Ctrl Pts',(181.133218184114,-83.1000895053148,14.));
#4535=CARTESIAN_POINT('Ctrl Pts',(181.087523065395,-83.3067745085745,15.));
#4536=CARTESIAN_POINT('Ctrl Pts',(181.087523065395,-83.3067745085745,14.));
#4537=CARTESIAN_POINT('Ctrl Pts',(181.002502968801,-83.691331534235,15.));
#4538=CARTESIAN_POINT('Ctrl Pts',(181.002502968801,-83.691331534235,14.));
#4539=CARTESIAN_POINT('Ctrl Pts',(180.725609391065,-83.9692505780003,15.));
#4540=CARTESIAN_POINT('Ctrl Pts',(180.725609391065,-83.9692505780003,14.));
#4541=CARTESIAN_POINT('Ctrl Pts',(180.597535744309,-84.0977985411882,15.));
#4542=CARTESIAN_POINT('Ctrl Pts',(180.597535744309,-84.0977985411882,14.));
#4543=CARTESIAN_POINT('',(180.597535744309,-84.0977985411882,15.));
#4544=CARTESIAN_POINT('Ctrl Pts',(180.597535744309,-84.0977985411882,15.));
#4545=CARTESIAN_POINT('Ctrl Pts',(180.597535744309,-84.0977985411882,14.));
#4546=CARTESIAN_POINT('Ctrl Pts',(180.453190340511,-84.1895899925396,15.));
#4547=CARTESIAN_POINT('Ctrl Pts',(180.453190340511,-84.1895899925396,14.));
#4548=CARTESIAN_POINT('Ctrl Pts',(180.163702950597,-84.373679454129,15.));
#4549=CARTESIAN_POINT('Ctrl Pts',(180.163702950597,-84.373679454129,14.));
#4550=CARTESIAN_POINT('Ctrl Pts',(179.821579589056,-84.3995442657764,15.));
#4551=CARTESIAN_POINT('Ctrl Pts',(179.821579589056,-84.3995442657764,14.));
#4552=CARTESIAN_POINT('Ctrl Pts',(179.650047197938,-84.4125122576952,15.));
#4553=CARTESIAN_POINT('Ctrl Pts',(179.650047197938,-84.4125122576952,14.));
#4554=CARTESIAN_POINT('',(179.650047197938,-84.4125122576952,15.));
#4555=CARTESIAN_POINT('Ctrl Pts',(179.650047197938,-84.4125122576952,15.));
#4556=CARTESIAN_POINT('Ctrl Pts',(179.650047197938,-84.4125122576952,14.));
#4557=CARTESIAN_POINT('Ctrl Pts',(179.410539537851,-84.3956389723583,15.));
#4558=CARTESIAN_POINT('Ctrl Pts',(179.410539537851,-84.3956389723583,14.));
#4559=CARTESIAN_POINT('Ctrl Pts',(178.952748262246,-84.3633876330265,15.));
#4560=CARTESIAN_POINT('Ctrl Pts',(178.952748262246,-84.3633876330265,14.));
#4561=CARTESIAN_POINT('Ctrl Pts',(178.615574893107,-84.0543275153699,15.));
#4562=CARTESIAN_POINT('Ctrl Pts',(178.615574893107,-84.0543275153699,14.));
#4563=CARTESIAN_POINT('Ctrl Pts',(178.454804196954,-83.9069617539644,15.));
#4564=CARTESIAN_POINT('Ctrl Pts',(178.454804196954,-83.9069617539644,14.));
#4565=CARTESIAN_POINT('',(178.454804196954,-83.9069617539644,15.));
#4566=CARTESIAN_POINT('Ctrl Pts',(178.454804196954,-83.9069617539644,15.));
#4567=CARTESIAN_POINT('Ctrl Pts',(178.454804196954,-83.9069617539644,14.));
#4568=CARTESIAN_POINT('Ctrl Pts',(178.331900641803,-83.7156730991926,15.));
#4569=CARTESIAN_POINT('Ctrl Pts',(178.331900641803,-83.7156730991926,14.));
#4570=CARTESIAN_POINT('Ctrl Pts',(178.069222189594,-83.3068370187483,15.));
#4571=CARTESIAN_POINT('Ctrl Pts',(178.069222189594,-83.3068370187483,14.));
#4572=CARTESIAN_POINT('Ctrl Pts',(178.045550271881,-82.8200726434297,15.));
#4573=CARTESIAN_POINT('Ctrl Pts',(178.045550271881,-82.8200726434297,14.));
#4574=CARTESIAN_POINT('Ctrl Pts',(178.032954111695,-82.5610584765673,15.));
#4575=CARTESIAN_POINT('Ctrl Pts',(178.032954111695,-82.5610584765673,14.));
#4576=CARTESIAN_POINT('',(178.032954111695,-82.5610584765673,15.));
#4577=CARTESIAN_POINT('Ctrl Pts',(178.032954111695,-82.5610584765673,15.));
#4578=CARTESIAN_POINT('Ctrl Pts',(178.032954111695,-82.5610584765673,14.));
#4579=CARTESIAN_POINT('Ctrl Pts',(178.038553890958,-82.3498604289728,15.));
#4580=CARTESIAN_POINT('Ctrl Pts',(178.038553890958,-82.3498604289728,14.));
#4581=CARTESIAN_POINT('Ctrl Pts',(178.048777153054,-81.9642857673524,15.));
#4582=CARTESIAN_POINT('Ctrl Pts',(178.048777153054,-81.9642857673524,14.));
#4583=CARTESIAN_POINT('Ctrl Pts',(178.203870315377,-81.6121283880835,15.));
#4584=CARTESIAN_POINT('Ctrl Pts',(178.203870315377,-81.6121283880835,14.));
#4585=CARTESIAN_POINT('Ctrl Pts',(178.274011388421,-81.4528647810221,15.));
#4586=CARTESIAN_POINT('Ctrl Pts',(178.274011388421,-81.4528647810221,14.));
#4587=CARTESIAN_POINT('',(178.274011388421,-81.4528647810221,15.));
#4588=CARTESIAN_POINT('Ctrl Pts',(178.274011388421,-81.4528647810221,15.));
#4589=CARTESIAN_POINT('Ctrl Pts',(178.274011388421,-81.4528647810221,14.));
#4590=CARTESIAN_POINT('Ctrl Pts',(178.35714396528,-81.3254351209413,15.));
#4591=CARTESIAN_POINT('Ctrl Pts',(178.35714396528,-81.3254351209413,14.));
#4592=CARTESIAN_POINT('Ctrl Pts',(178.515443692142,-81.0827855947611,15.));
#4593=CARTESIAN_POINT('Ctrl Pts',(178.515443692142,-81.0827855947611,14.));
#4594=CARTESIAN_POINT('Ctrl Pts',(178.764899227788,-80.9364484046205,15.));
#4595=CARTESIAN_POINT('Ctrl Pts',(178.764899227788,-80.9364484046205,14.));
#4596=CARTESIAN_POINT('Ctrl Pts',(178.883350864053,-80.8669615536928,15.));
#4597=CARTESIAN_POINT('Ctrl Pts',(178.883350864053,-80.8669615536928,14.));
#4598=CARTESIAN_POINT('',(178.883350864053,-80.8669615536928,15.));
#4599=CARTESIAN_POINT('Ctrl Pts',(178.883350864053,-80.8669615536928,15.));
#4600=CARTESIAN_POINT('Ctrl Pts',(178.883350864053,-80.8669615536928,14.));
#4601=CARTESIAN_POINT('Ctrl Pts',(179.006480802646,-80.817159893916,15.));
#4602=CARTESIAN_POINT('Ctrl Pts',(179.006480802646,-80.817159893916,14.));
#4603=CARTESIAN_POINT('Ctrl Pts',(179.252559513592,-80.7176298496323,15.));
#4604=CARTESIAN_POINT('Ctrl Pts',(179.252559513592,-80.7176298496323,14.));
#4605=CARTESIAN_POINT('Ctrl Pts',(179.517616349214,-80.7033482610165,15.));
#4606=CARTESIAN_POINT('Ctrl Pts',(179.517616349214,-80.7033482610165,14.));
#4607=CARTESIAN_POINT('Ctrl Pts',(179.650047197938,-80.6962127238512,15.));
#4608=CARTESIAN_POINT('Ctrl Pts',(179.650047197938,-80.6962127238512,14.));
#4609=CARTESIAN_POINT('',(179.650047197938,-80.6962127238512,15.));
#4610=CARTESIAN_POINT('Ctrl Pts',(179.650047197938,-80.6962127238512,15.));
#4611=CARTESIAN_POINT('Ctrl Pts',(179.650047197938,-80.6962127238512,14.));
#4612=CARTESIAN_POINT('Ctrl Pts',(179.823902607166,-80.7063012019027,15.));
#4613=CARTESIAN_POINT('Ctrl Pts',(179.823902607166,-80.7063012019027,14.));
#4614=CARTESIAN_POINT('Ctrl Pts',(180.159740145409,-80.7257891755496,15.));
#4615=CARTESIAN_POINT('Ctrl Pts',(180.159740145409,-80.7257891755496,14.));
#4616=CARTESIAN_POINT('Ctrl Pts',(180.448308196019,-80.8978198673577,15.));
#4617=CARTESIAN_POINT('Ctrl Pts',(180.448308196019,-80.8978198673577,14.));
#4618=CARTESIAN_POINT('Ctrl Pts',(180.587491169572,-80.9807942062616,15.));
#4619=CARTESIAN_POINT('Ctrl Pts',(180.587491169572,-80.9807942062616,14.));
#4620=CARTESIAN_POINT('Ctrl Pts',(197.987138405442,-84.4125122576952,15.));
#4621=CARTESIAN_POINT('Ctrl Pts',(197.987138405442,-84.4125122576952,14.));
#4622=CARTESIAN_POINT('Ctrl Pts',(197.789825715336,-84.390168886248,15.));
#4623=CARTESIAN_POINT('Ctrl Pts',(197.789825715336,-84.390168886248,14.));
#4624=CARTESIAN_POINT('Ctrl Pts',(197.393834310092,-84.3453274568779,15.));
#4625=CARTESIAN_POINT('Ctrl Pts',(197.393834310092,-84.3453274568779,14.));
#4626=CARTESIAN_POINT('Ctrl Pts',(197.140146296082,-84.0378132917564,15.));
#4627=CARTESIAN_POINT('Ctrl Pts',(197.140146296082,-84.0378132917564,14.));
#4628=CARTESIAN_POINT('Ctrl Pts',(197.012864723802,-83.8835258036852,15.));
#4629=CARTESIAN_POINT('Ctrl Pts',(197.012864723802,-83.8835258036852,14.));
#4630=CARTESIAN_POINT('',(197.012864723802,-83.8835258036852,15.));
#4631=CARTESIAN_POINT('',(197.987138405442,-84.4125122576952,15.));
#4632=CARTESIAN_POINT('Origin',(197.012864723802,-83.8835258036852,15.));
#4633=CARTESIAN_POINT('',(196.999475136399,-83.8835258036852,15.));
#4634=CARTESIAN_POINT('Origin',(196.999475136399,-83.8835258036852,15.));
#4635=CARTESIAN_POINT('',(196.999475136399,-84.3288118392229,15.));
#4636=CARTESIAN_POINT('Origin',(196.999475136399,-84.3288118392229,15.));
#4637=CARTESIAN_POINT('',(196.437007561326,-84.3288118392229,15.));
#4638=CARTESIAN_POINT('Origin',(196.437007561326,-84.3288118392229,15.));
#4639=CARTESIAN_POINT('',(196.437007561326,-79.4206178933382,15.));
#4640=CARTESIAN_POINT('Origin',(196.437007561326,-79.4206178933382,15.));
#4641=CARTESIAN_POINT('',(197.039648666978,-79.4206178933382,15.));
#4642=CARTESIAN_POINT('Origin',(197.039648666978,-79.4206178933382,15.));
#4643=CARTESIAN_POINT('',(197.039648666978,-81.1749792844057,15.));
#4644=CARTESIAN_POINT('Origin',(197.039648666978,-81.1749792844057,15.));
#4645=CARTESIAN_POINT('',(197.056390419602,-81.1749792844057,15.));
#4646=CARTESIAN_POINT('Ctrl Pts',(197.056390419602,-81.1749792844057,15.));
#4647=CARTESIAN_POINT('Ctrl Pts',(197.056390419602,-81.1749792844057,14.));
#4648=CARTESIAN_POINT('Ctrl Pts',(197.181894721219,-81.0353532331835,15.));
#4649=CARTESIAN_POINT('Ctrl Pts',(197.181894721219,-81.0353532331835,14.));
#4650=CARTESIAN_POINT('Ctrl Pts',(197.437762677296,-80.7506950032982,15.));
#4651=CARTESIAN_POINT('Ctrl Pts',(197.437762677296,-80.7506950032982,14.));
#4652=CARTESIAN_POINT('Ctrl Pts',(197.819452817237,-80.7146019723183,15.));
#4653=CARTESIAN_POINT('Ctrl Pts',(197.819452817237,-80.7146019723183,14.));
#4654=CARTESIAN_POINT('Ctrl Pts',(198.013922348619,-80.6962127238512,15.));
#4655=CARTESIAN_POINT('Ctrl Pts',(198.013922348619,-80.6962127238512,14.));
#4656=CARTESIAN_POINT('',(198.013922348619,-80.6962127238512,15.));
#4657=CARTESIAN_POINT('Ctrl Pts',(198.013922348619,-80.6962127238512,15.));
#4658=CARTESIAN_POINT('Ctrl Pts',(198.013922348619,-80.6962127238512,14.));
#4659=CARTESIAN_POINT('Ctrl Pts',(198.230040273992,-80.7155363181502,15.));
#4660=CARTESIAN_POINT('Ctrl Pts',(198.230040273992,-80.7155363181502,14.));
#4661=CARTESIAN_POINT('Ctrl Pts',(198.654993648986,-80.7535323640596,15.));
#4662=CARTESIAN_POINT('Ctrl Pts',(198.654993648986,-80.7535323640596,14.));
#4663=CARTESIAN_POINT('Ctrl Pts',(198.961464260977,-81.0495800840278,15.));
#4664=CARTESIAN_POINT('Ctrl Pts',(198.961464260977,-81.0495800840278,14.));
#4665=CARTESIAN_POINT('Ctrl Pts',(199.112073555589,-81.1950672417879,15.));
#4666=CARTESIAN_POINT('Ctrl Pts',(199.112073555589,-81.1950672417879,14.));
#4667=CARTESIAN_POINT('',(199.112073555589,-81.1950672417879,15.));
#4668=CARTESIAN_POINT('Ctrl Pts',(199.112073555589,-81.1950672417879,15.));
#4669=CARTESIAN_POINT('Ctrl Pts',(199.112073555589,-81.1950672417879,14.));
#4670=CARTESIAN_POINT('Ctrl Pts',(199.232069619641,-81.381153981844,15.));
#4671=CARTESIAN_POINT('Ctrl Pts',(199.232069619641,-81.381153981844,14.));
#4672=CARTESIAN_POINT('Ctrl Pts',(199.487116353642,-81.7766737488227,15.));
#4673=CARTESIAN_POINT('Ctrl Pts',(199.487116353642,-81.7766737488227,14.));
#4674=CARTESIAN_POINT('Ctrl Pts',(199.511152303824,-82.2479165992167,15.));
#4675=CARTESIAN_POINT('Ctrl Pts',(199.511152303824,-82.2479165992167,14.));
#4676=CARTESIAN_POINT('Ctrl Pts',(199.523879662156,-82.4974460154772,15.));
#4677=CARTESIAN_POINT('Ctrl Pts',(199.523879662156,-82.4974460154772,14.));
#4678=CARTESIAN_POINT('',(199.523879662156,-82.4974460154772,15.));
#4679=CARTESIAN_POINT('Ctrl Pts',(199.523879662156,-82.4974460154772,15.));
#4680=CARTESIAN_POINT('Ctrl Pts',(199.523879662156,-82.4974460154772,14.));
#4681=CARTESIAN_POINT('Ctrl Pts',(199.512227586925,-82.7798041317678,15.));
#4682=CARTESIAN_POINT('Ctrl Pts',(199.512227586925,-82.7798041317678,14.));
#4683=CARTESIAN_POINT('Ctrl Pts',(199.490776941091,-83.2996054401582,15.));
#4684=CARTESIAN_POINT('Ctrl Pts',(199.490776941091,-83.2996054401582,14.));
#4685=CARTESIAN_POINT('Ctrl Pts',(199.196347346313,-83.7257105762407,15.));
#4686=CARTESIAN_POINT('Ctrl Pts',(199.196347346313,-83.7257105762407,14.));
#4687=CARTESIAN_POINT('Ctrl Pts',(199.061853066087,-83.9203537255526,15.));
#4688=CARTESIAN_POINT('Ctrl Pts',(199.061853066087,-83.9203537255526,14.));
#4689=CARTESIAN_POINT('',(199.061853066087,-83.9203537255526,15.));
#4690=CARTESIAN_POINT('Ctrl Pts',(199.061853066087,-83.9203537255526,15.));
#4691=CARTESIAN_POINT('Ctrl Pts',(199.061853066087,-83.9203537255526,14.));
#4692=CARTESIAN_POINT('Ctrl Pts',(198.905091759645,-84.0638737827974,15.));
#4693=CARTESIAN_POINT('Ctrl Pts',(198.905091759645,-84.0638737827974,14.));
#4694=CARTESIAN_POINT('Ctrl Pts',(198.59921135299,-84.343917209773,15.));
#4695=CARTESIAN_POINT('Ctrl Pts',(198.59921135299,-84.343917209773,14.));
#4696=CARTESIAN_POINT('Ctrl Pts',(198.187735913407,-84.3900312842638,15.));
#4697=CARTESIAN_POINT('Ctrl Pts',(198.187735913407,-84.3900312842638,14.));
#4698=CARTESIAN_POINT('Ctrl Pts',(197.987138405442,-84.4125122576952,15.));
#4699=CARTESIAN_POINT('Ctrl Pts',(197.987138405442,-84.4125122576952,14.));
#4700=CARTESIAN_POINT('Origin',(191.100267544389,-84.3288118392229,15.));
#4701=CARTESIAN_POINT('',(191.100267544389,-79.4206178933382,15.));
#4702=CARTESIAN_POINT('',(191.100267544389,-84.3288118392229,15.));
#4703=CARTESIAN_POINT('Origin',(191.100267544389,-79.4206178933382,15.));
#4704=CARTESIAN_POINT('',(191.702911034226,-79.4206178933382,15.));
#4705=CARTESIAN_POINT('Origin',(191.702911034226,-79.4206178933382,15.));
#4706=CARTESIAN_POINT('',(191.702911034226,-84.3288118392229,15.));
#4707=CARTESIAN_POINT('Origin',(191.702911034226,-84.3288118392229,15.));
#4708=CARTESIAN_POINT('Origin',(192.616917267442,-80.7765651494265,15.));
#4709=CARTESIAN_POINT('',(193.219563141465,-80.7765651494265,15.));
#4710=CARTESIAN_POINT('',(192.616917267442,-80.7765651494265,15.));
#4711=CARTESIAN_POINT('Origin',(193.219563141465,-80.7765651494265,15.));
#4712=CARTESIAN_POINT('',(193.219563141465,-82.745199277997,15.));
#4713=CARTESIAN_POINT('Ctrl Pts',(193.219563141465,-82.745199277997,15.));
#4714=CARTESIAN_POINT('Ctrl Pts',(193.219563141465,-82.745199277997,14.));
#4715=CARTESIAN_POINT('Ctrl Pts',(193.219451945887,-82.8805107770041,15.));
#4716=CARTESIAN_POINT('Ctrl Pts',(193.219451945887,-82.8805107770041,14.));
#4717=CARTESIAN_POINT('Ctrl Pts',(193.219265803522,-83.1070234041307,15.));
#4718=CARTESIAN_POINT('Ctrl Pts',(193.219265803522,-83.1070234041307,14.));
#4719=CARTESIAN_POINT('Ctrl Pts',(193.250507543264,-83.331227547763,15.));
#4720=CARTESIAN_POINT('Ctrl Pts',(193.250507543264,-83.331227547763,14.));
#4721=CARTESIAN_POINT('Ctrl Pts',(193.26308645308,-83.4214992076159,15.));
#4722=CARTESIAN_POINT('Ctrl Pts',(193.26308645308,-83.4214992076159,14.));
#4723=CARTESIAN_POINT('',(193.26308645308,-83.4214992076159,15.));
#4724=CARTESIAN_POINT('Ctrl Pts',(193.26308645308,-83.4214992076159,15.));
#4725=CARTESIAN_POINT('Ctrl Pts',(193.26308645308,-83.4214992076159,14.));
#4726=CARTESIAN_POINT('Ctrl Pts',(193.285603087585,-83.4872616623735,15.));
#4727=CARTESIAN_POINT('Ctrl Pts',(193.285603087585,-83.4872616623735,14.));
#4728=CARTESIAN_POINT('Ctrl Pts',(193.332004889841,-83.6227835327,15.));
#4729=CARTESIAN_POINT('Ctrl Pts',(193.332004889841,-83.6227835327,14.));
#4730=CARTESIAN_POINT('Ctrl Pts',(193.443435844856,-83.713138807948,15.));
#4731=CARTESIAN_POINT('Ctrl Pts',(193.443435844856,-83.713138807948,14.));
#4732=CARTESIAN_POINT('Ctrl Pts',(193.500794544816,-83.759648874402,15.));
#4733=CARTESIAN_POINT('Ctrl Pts',(193.500794544816,-83.759648874402,14.));
#4734=CARTESIAN_POINT('',(193.500794544816,-83.759648874402,15.));
#4735=CARTESIAN_POINT('Ctrl Pts',(193.500794544816,-83.759648874402,15.));
#4736=CARTESIAN_POINT('Ctrl Pts',(193.500794544816,-83.759648874402,14.));
#4737=CARTESIAN_POINT('Ctrl Pts',(193.568955870884,-83.7977191783904,15.));
#4738=CARTESIAN_POINT('Ctrl Pts',(193.568955870884,-83.7977191783904,14.));
#4739=CARTESIAN_POINT('Ctrl Pts',(193.710354357596,-83.8766948040597,15.));
#4740=CARTESIAN_POINT('Ctrl Pts',(193.710354357596,-83.8766948040597,14.));
#4741=CARTESIAN_POINT('Ctrl Pts',(193.872264962064,-83.8856061628748,15.));
#4742=CARTESIAN_POINT('Ctrl Pts',(193.872264962064,-83.8856061628748,14.));
#4743=CARTESIAN_POINT('Ctrl Pts',(193.956126347184,-83.8902217894793,15.));
#4744=CARTESIAN_POINT('Ctrl Pts',(193.956126347184,-83.8902217894793,14.));
#4745=CARTESIAN_POINT('',(193.956126347184,-83.8902217894793,15.));
#4746=CARTESIAN_POINT('Ctrl Pts',(193.956126347184,-83.8902217894793,15.));
#4747=CARTESIAN_POINT('Ctrl Pts',(193.956126347184,-83.8902217894793,14.));
#4748=CARTESIAN_POINT('Ctrl Pts',(194.069709733704,-83.879329246679,15.));
#4749=CARTESIAN_POINT('Ctrl Pts',(194.069709733704,-83.879329246679,14.));
#4750=CARTESIAN_POINT('Ctrl Pts',(194.303949319694,-83.8568658847908,15.));
#4751=CARTESIAN_POINT('Ctrl Pts',(194.303949319694,-83.8568658847908,14.));
#4752=CARTESIAN_POINT('Ctrl Pts',(194.498653920179,-83.724197590648,15.));
#4753=CARTESIAN_POINT('Ctrl Pts',(194.498653920179,-83.724197590648,14.));
#4754=CARTESIAN_POINT('Ctrl Pts',(194.598945751786,-83.6558604985476,15.));
#4755=CARTESIAN_POINT('Ctrl Pts',(194.598945751786,-83.6558604985476,14.));
#4756=CARTESIAN_POINT('',(194.598945751786,-83.6558604985476,15.));
#4757=CARTESIAN_POINT('Ctrl Pts',(194.598945751786,-83.6558604985476,15.));
#4758=CARTESIAN_POINT('Ctrl Pts',(194.598945751786,-83.6558604985476,14.));
#4759=CARTESIAN_POINT('Ctrl Pts',(194.686114499165,-83.538662809944,15.));
#4760=CARTESIAN_POINT('Ctrl Pts',(194.686114499165,-83.538662809944,14.));
#4761=CARTESIAN_POINT('Ctrl Pts',(194.899695539392,-83.2515047975056,15.));
#4762=CARTESIAN_POINT('Ctrl Pts',(194.899695539392,-83.2515047975056,14.));
#4763=CARTESIAN_POINT('Ctrl Pts',(194.900054089451,-82.8892809787808,15.));
#4764=CARTESIAN_POINT('Ctrl Pts',(194.900054089451,-82.8892809787808,14.));
#4765=CARTESIAN_POINT('Ctrl Pts',(194.900266304612,-82.6748914271593,15.));
#4766=CARTESIAN_POINT('Ctrl Pts',(194.900266304612,-82.6748914271593,14.));
#4767=CARTESIAN_POINT('',(194.900266304612,-82.6748914271593,15.));
#4768=CARTESIAN_POINT('Origin',(194.900266304612,-82.6748914271593,15.));
#4769=CARTESIAN_POINT('',(194.900266304612,-80.7765651494265,15.));
#4770=CARTESIAN_POINT('Origin',(194.900266304612,-80.7765651494265,15.));
#4771=CARTESIAN_POINT('',(195.50290979445,-80.7765651494265,15.));
#4772=CARTESIAN_POINT('Origin',(195.50290979445,-80.7765651494265,15.));
#4773=CARTESIAN_POINT('',(195.50290979445,-84.3288118392229,15.));
#4774=CARTESIAN_POINT('Origin',(195.50290979445,-84.3288118392229,15.));
#4775=CARTESIAN_POINT('',(194.963878765702,-84.3288118392229,15.));
#4776=CARTESIAN_POINT('Origin',(194.963878765702,-84.3288118392229,15.));
#4777=CARTESIAN_POINT('',(194.963878765702,-83.806521371007,15.));
#4778=CARTESIAN_POINT('Origin',(194.963878765702,-83.806521371007,15.));
#4779=CARTESIAN_POINT('',(194.947139397264,-83.806521371007,15.));
#4780=CARTESIAN_POINT('Ctrl Pts',(194.947139397264,-83.806521371007,15.));
#4781=CARTESIAN_POINT('Ctrl Pts',(194.947139397264,-83.806521371007,14.));
#4782=CARTESIAN_POINT('Ctrl Pts',(194.79978835649,-83.983263150682,15.));
#4783=CARTESIAN_POINT('Ctrl Pts',(194.79978835649,-83.983263150682,14.));
#4784=CARTESIAN_POINT('Ctrl Pts',(194.508049194925,-84.333192804015,15.));
#4785=CARTESIAN_POINT('Ctrl Pts',(194.508049194925,-84.333192804015,14.));
#4786=CARTESIAN_POINT('Ctrl Pts',(194.055985216815,-84.3862520641177,15.));
#4787=CARTESIAN_POINT('Ctrl Pts',(194.055985216815,-84.3862520641177,14.));
#4788=CARTESIAN_POINT('Ctrl Pts',(193.832248821855,-84.4125122576952,15.));
#4789=CARTESIAN_POINT('Ctrl Pts',(193.832248821855,-84.4125122576952,14.));
#4790=CARTESIAN_POINT('',(193.832248821855,-84.4125122576952,15.));
#4791=CARTESIAN_POINT('Ctrl Pts',(193.832248821855,-84.4125122576952,15.));
#4792=CARTESIAN_POINT('Ctrl Pts',(193.832248821855,-84.4125122576952,14.));
#4793=CARTESIAN_POINT('Ctrl Pts',(193.711013967567,-84.4056163391031,15.));
#4794=CARTESIAN_POINT('Ctrl Pts',(193.711013967567,-84.4056163391031,14.));
#4795=CARTESIAN_POINT('Ctrl Pts',(193.470371281622,-84.3919284241728,15.));
#4796=CARTESIAN_POINT('Ctrl Pts',(193.470371281622,-84.3919284241728,14.));
#4797=CARTESIAN_POINT('Ctrl Pts',(193.251275087736,-84.2915644300039,15.));
#4798=CARTESIAN_POINT('Ctrl Pts',(193.251275087736,-84.2915644300039,14.));
#4799=CARTESIAN_POINT('Ctrl Pts',(193.142558708787,-84.2417634278536,15.));
#4800=CARTESIAN_POINT('Ctrl Pts',(193.142558708787,-84.2417634278536,14.));
#4801=CARTESIAN_POINT('',(193.142558708787,-84.2417634278536,15.));
#4802=CARTESIAN_POINT('Ctrl Pts',(193.142558708787,-84.2417634278536,15.));
#4803=CARTESIAN_POINT('Ctrl Pts',(193.142558708787,-84.2417634278536,14.));
#4804=CARTESIAN_POINT('Ctrl Pts',(193.046937929633,-84.1801529343099,15.));
#4805=CARTESIAN_POINT('Ctrl Pts',(193.046937929633,-84.1801529343099,14.));
#4806=CARTESIAN_POINT('Ctrl Pts',(192.861692454763,-84.0607953507974,15.));
#4807=CARTESIAN_POINT('Ctrl Pts',(192.861692454763,-84.0607953507974,14.));
#4808=CARTESIAN_POINT('Ctrl Pts',(192.766677680605,-83.8623539526603,15.));
#4809=CARTESIAN_POINT('Ctrl Pts',(192.766677680605,-83.8623539526603,14.));
#4810=CARTESIAN_POINT('Ctrl Pts',(192.720708027482,-83.7663448601961,15.));
#4811=CARTESIAN_POINT('Ctrl Pts',(192.720708027482,-83.7663448601961,14.));
#4812=CARTESIAN_POINT('',(192.720708027482,-83.7663448601961,15.));
#4813=CARTESIAN_POINT('Ctrl Pts',(192.720708027482,-83.7663448601961,15.));
#4814=CARTESIAN_POINT('Ctrl Pts',(192.720708027482,-83.7663448601961,14.));
#4815=CARTESIAN_POINT('Ctrl Pts',(192.690516545037,-83.6505962372607,15.));
#4816=CARTESIAN_POINT('Ctrl Pts',(192.690516545037,-83.6505962372607,14.));
#4817=CARTESIAN_POINT('Ctrl Pts',(192.623302194838,-83.392908709294,15.));
#4818=CARTESIAN_POINT('Ctrl Pts',(192.623302194838,-83.392908709294,14.));
#4819=CARTESIAN_POINT('Ctrl Pts',(192.619185059381,-83.1263731358553,15.));
#4820=CARTESIAN_POINT('Ctrl Pts',(192.619185059381,-83.1263731358553,14.));
#4821=CARTESIAN_POINT('Ctrl Pts',(192.616917267442,-82.9795605689287,15.));
#4822=CARTESIAN_POINT('Ctrl Pts',(192.616917267442,-82.9795605689287,14.));
#4823=CARTESIAN_POINT('',(192.616917267442,-82.9795605689287,15.));
#4824=CARTESIAN_POINT('Origin',(192.616917267442,-82.9795605689287,15.));
#4825=CARTESIAN_POINT('Origin',(190.290047302842,-80.7698691636324,15.));
#4826=CARTESIAN_POINT('',(189.653922691941,-80.9205297380686,15.));
#4827=CARTESIAN_POINT('',(190.290047302842,-80.7698691636324,15.));
#4828=CARTESIAN_POINT('Ctrl Pts',(189.653922691941,-80.9205297380686,15.));
#4829=CARTESIAN_POINT('Ctrl Pts',(189.653922691941,-80.9205297380686,14.));
#4830=CARTESIAN_POINT('Ctrl Pts',(189.597503645987,-80.7637785278327,15.));
#4831=CARTESIAN_POINT('Ctrl Pts',(189.597503645987,-80.7637785278327,14.));
#4832=CARTESIAN_POINT('Ctrl Pts',(189.491753349722,-80.4699684032203,15.));
#4833=CARTESIAN_POINT('Ctrl Pts',(189.491753349722,-80.4699684032203,14.));
#4834=CARTESIAN_POINT('Ctrl Pts',(189.269016318008,-80.2521127635352,15.));
#4835=CARTESIAN_POINT('Ctrl Pts',(189.269016318008,-80.2521127635352,14.));
#4836=CARTESIAN_POINT('Ctrl Pts',(189.165112152696,-80.1504857093096,15.));
#4837=CARTESIAN_POINT('Ctrl Pts',(189.165112152696,-80.1504857093096,14.));
#4838=CARTESIAN_POINT('',(189.165112152696,-80.1504857093096,15.));
#4839=CARTESIAN_POINT('Ctrl Pts',(189.165112152696,-80.1504857093096,15.));
#4840=CARTESIAN_POINT('Ctrl Pts',(189.165112152696,-80.1504857093096,14.));
#4841=CARTESIAN_POINT('Ctrl Pts',(189.045526334999,-80.0753360118242,15.));
#4842=CARTESIAN_POINT('Ctrl Pts',(189.045526334999,-80.0753360118242,14.));
#4843=CARTESIAN_POINT('Ctrl Pts',(188.795152410749,-79.9179969140275,15.));
#4844=CARTESIAN_POINT('Ctrl Pts',(188.795152410749,-79.9179969140275,14.));
#4845=CARTESIAN_POINT('Ctrl Pts',(188.49936127472,-79.9013725537508,15.));
#4846=CARTESIAN_POINT('Ctrl Pts',(188.49936127472,-79.9013725537508,14.));
#4847=CARTESIAN_POINT('Ctrl Pts',(188.344848528504,-79.8926884680986,15.));
#4848=CARTESIAN_POINT('Ctrl Pts',(188.344848528504,-79.8926884680986,14.));
#4849=CARTESIAN_POINT('',(188.344848528504,-79.8926884680986,15.));
#4850=CARTESIAN_POINT('Ctrl Pts',(188.344848528504,-79.8926884680986,15.));
#4851=CARTESIAN_POINT('Ctrl Pts',(188.344848528504,-79.8926884680986,14.));
#4852=CARTESIAN_POINT('Ctrl Pts',(188.097256087546,-79.9097889103066,15.));
#4853=CARTESIAN_POINT('Ctrl Pts',(188.097256087546,-79.9097889103066,14.));
#4854=CARTESIAN_POINT('Ctrl Pts',(187.626456259655,-79.9423055946498,15.));
#4855=CARTESIAN_POINT('Ctrl Pts',(187.626456259655,-79.9423055946498,14.));
#4856=CARTESIAN_POINT('Ctrl Pts',(187.287072347002,-80.2674998179264,15.));
#4857=CARTESIAN_POINT('Ctrl Pts',(187.287072347002,-80.2674998179264,14.));
#4858=CARTESIAN_POINT('Ctrl Pts',(187.126169577241,-80.4216752201319,15.));
#4859=CARTESIAN_POINT('Ctrl Pts',(187.126169577241,-80.4216752201319,14.));
#4860=CARTESIAN_POINT('',(187.126169577241,-80.4216752201319,15.));
#4861=CARTESIAN_POINT('Ctrl Pts',(187.126169577241,-80.4216752201319,15.));
#4862=CARTESIAN_POINT('Ctrl Pts',(187.126169577241,-80.4216752201319,14.));
#4863=CARTESIAN_POINT('Ctrl Pts',(187.005268150824,-80.6217499414665,15.));
#4864=CARTESIAN_POINT('Ctrl Pts',(187.005268150824,-80.6217499414665,14.));
#4865=CARTESIAN_POINT('Ctrl Pts',(186.743618889381,-81.0547423768938,15.));
#4866=CARTESIAN_POINT('Ctrl Pts',(186.743618889381,-81.0547423768938,14.));
#4867=CARTESIAN_POINT('Ctrl Pts',(186.722419674261,-81.5617865917706,15.));
#4868=CARTESIAN_POINT('Ctrl Pts',(186.722419674261,-81.5617865917706,14.));
#4869=CARTESIAN_POINT('Ctrl Pts',(186.711016073823,-81.8345386534929,15.));
#4870=CARTESIAN_POINT('Ctrl Pts',(186.711016073823,-81.8345386534929,14.));
#4871=CARTESIAN_POINT('',(186.711016073823,-81.8345386534929,15.));
#4872=CARTESIAN_POINT('Ctrl Pts',(186.711016073823,-81.8345386534929,15.));
#4873=CARTESIAN_POINT('Ctrl Pts',(186.711016073823,-81.8345386534929,14.));
#4874=CARTESIAN_POINT('Ctrl Pts',(186.718874496548,-82.1410084461069,15.));
#4875=CARTESIAN_POINT('Ctrl Pts',(186.718874496548,-82.1410084461069,14.));
#4876=CARTESIAN_POINT('Ctrl Pts',(186.732932585353,-82.6892583572369,15.));
#4877=CARTESIAN_POINT('Ctrl Pts',(186.732932585353,-82.6892583572369,14.));
#4878=CARTESIAN_POINT('Ctrl Pts',(187.019763918596,-83.1532602827977,15.));
#4879=CARTESIAN_POINT('Ctrl Pts',(187.019763918596,-83.1532602827977,14.));
#4880=CARTESIAN_POINT('Ctrl Pts',(187.146257534623,-83.3578867465258,15.));
#4881=CARTESIAN_POINT('Ctrl Pts',(187.146257534623,-83.3578867465258,14.));
#4882=CARTESIAN_POINT('',(187.146257534623,-83.3578867465258,15.));
#4883=CARTESIAN_POINT('Ctrl Pts',(187.146257534623,-83.3578867465258,15.));
#4884=CARTESIAN_POINT('Ctrl Pts',(187.146257534623,-83.3578867465258,14.));
#4885=CARTESIAN_POINT('Ctrl Pts',(187.305326940457,-83.5033750717747,15.));
#4886=CARTESIAN_POINT('Ctrl Pts',(187.305326940457,-83.5033750717747,14.));
#4887=CARTESIAN_POINT('Ctrl Pts',(187.628729266043,-83.7991658461513,15.));
#4888=CARTESIAN_POINT('Ctrl Pts',(187.628729266043,-83.7991658461513,14.));
#4889=CARTESIAN_POINT('Ctrl Pts',(188.065826474907,-83.8373423452999,15.));
#4890=CARTESIAN_POINT('Ctrl Pts',(188.065826474907,-83.8373423452999,14.));
#4891=CARTESIAN_POINT('Ctrl Pts',(188.287932053208,-83.8567412644625,15.));
#4892=CARTESIAN_POINT('Ctrl Pts',(188.287932053208,-83.8567412644625,14.));
#4893=CARTESIAN_POINT('',(188.287932053208,-83.8567412644625,15.));
#4894=CARTESIAN_POINT('Ctrl Pts',(188.287932053208,-83.8567412644625,15.));
#4895=CARTESIAN_POINT('Ctrl Pts',(188.287932053208,-83.8567412644625,14.));
#4896=CARTESIAN_POINT('Ctrl Pts',(188.467243974415,-83.846750335265,15.));
#4897=CARTESIAN_POINT('Ctrl Pts',(188.467243974415,-83.846750335265,14.));
#4898=CARTESIAN_POINT('Ctrl Pts',(188.807810652083,-83.827774588752,15.));
#4899=CARTESIAN_POINT('Ctrl Pts',(188.807810652083,-83.827774588752,14.));
#4900=CARTESIAN_POINT('Ctrl Pts',(189.088925080999,-83.6361213452297,15.));
#4901=CARTESIAN_POINT('Ctrl Pts',(189.088925080999,-83.6361213452297,14.));
#4902=CARTESIAN_POINT('Ctrl Pts',(189.222029820085,-83.5453755408525,15.));
#4903=CARTESIAN_POINT('Ctrl Pts',(189.222029820085,-83.5453755408525,14.));
#4904=CARTESIAN_POINT('',(189.222029820085,-83.5453755408525,15.));
#4905=CARTESIAN_POINT('Ctrl Pts',(189.222029820085,-83.5453755408525,15.));
#4906=CARTESIAN_POINT('Ctrl Pts',(189.222029820085,-83.5453755408525,14.));
#4907=CARTESIAN_POINT('Ctrl Pts',(189.335011411972,-83.4212470971608,15.));
#4908=CARTESIAN_POINT('Ctrl Pts',(189.335011411972,-83.4212470971608,14.));
#4909=CARTESIAN_POINT('Ctrl Pts',(189.58048898144,-83.1515505196014,15.));
#4910=CARTESIAN_POINT('Ctrl Pts',(189.58048898144,-83.1515505196014,14.));
#4911=CARTESIAN_POINT('Ctrl Pts',(189.676018097649,-82.7984929947698,15.));
#4912=CARTESIAN_POINT('Ctrl Pts',(189.676018097649,-82.7984929947698,14.));
#4913=CARTESIAN_POINT('Ctrl Pts',(189.727579727769,-82.6079309731722,15.));
#4914=CARTESIAN_POINT('Ctrl Pts',(189.727579727769,-82.6079309731722,14.));
#4915=CARTESIAN_POINT('',(189.727579727769,-82.6079309731722,15.));
#4916=CARTESIAN_POINT('Origin',(189.727579727769,-82.6079309731722,15.));
#4917=CARTESIAN_POINT('',(190.373746529222,-82.7719838172197,15.));
#4918=CARTESIAN_POINT('Ctrl Pts',(190.373746529222,-82.7719838172197,15.));
#4919=CARTESIAN_POINT('Ctrl Pts',(190.373746529222,-82.7719838172197,14.));
#4920=CARTESIAN_POINT('Ctrl Pts',(190.295331089896,-83.0250759864228,15.));
#4921=CARTESIAN_POINT('Ctrl Pts',(190.295331089896,-83.0250759864228,14.));
#4922=CARTESIAN_POINT('Ctrl Pts',(190.147960917272,-83.5007251313636,15.));
#4923=CARTESIAN_POINT('Ctrl Pts',(190.147960917272,-83.5007251313636,14.));
#4924=CARTESIAN_POINT('Ctrl Pts',(189.790873234735,-83.8458961021089,15.));
#4925=CARTESIAN_POINT('Ctrl Pts',(189.790873234735,-83.8458961021089,14.));
#4926=CARTESIAN_POINT('Ctrl Pts',(189.623791351914,-84.0074021369219,15.));
#4927=CARTESIAN_POINT('Ctrl Pts',(189.623791351914,-84.0074021369219,14.));
#4928=CARTESIAN_POINT('',(189.623791351914,-84.0074021369219,15.));
#4929=CARTESIAN_POINT('Ctrl Pts',(189.623791351914,-84.0074021369219,15.));
#4930=CARTESIAN_POINT('Ctrl Pts',(189.623791351914,-84.0074021369219,14.));
#4931=CARTESIAN_POINT('Ctrl Pts',(189.433920245634,-84.1255301928739,15.));
#4932=CARTESIAN_POINT('Ctrl Pts',(189.433920245634,-84.1255301928739,14.));
#4933=CARTESIAN_POINT('Ctrl Pts',(189.042555153809,-84.3690174636364,15.));
#4934=CARTESIAN_POINT('Ctrl Pts',(189.042555153809,-84.3690174636364,14.));
#4935=CARTESIAN_POINT('Ctrl Pts',(188.581976868172,-84.3977297575364,15.));
#4936=CARTESIAN_POINT('Ctrl Pts',(188.581976868172,-84.3977297575364,14.));
#4937=CARTESIAN_POINT('Ctrl Pts',(188.344848528504,-84.4125122576952,15.));
#4938=CARTESIAN_POINT('Ctrl Pts',(188.344848528504,-84.4125122576952,14.));
#4939=CARTESIAN_POINT('',(188.344848528504,-84.4125122576952,15.));
#4940=CARTESIAN_POINT('Ctrl Pts',(188.344848528504,-84.4125122576952,15.));
#4941=CARTESIAN_POINT('Ctrl Pts',(188.344848528504,-84.4125122576952,14.));
#4942=CARTESIAN_POINT('Ctrl Pts',(187.978602604267,-84.3916359019111,15.));
#4943=CARTESIAN_POINT('Ctrl Pts',(187.978602604267,-84.3916359019111,14.));
#4944=CARTESIAN_POINT('Ctrl Pts',(187.29701171345,-84.352784591919,15.));
#4945=CARTESIAN_POINT('Ctrl Pts',(187.29701171345,-84.352784591919,14.));
#4946=CARTESIAN_POINT('Ctrl Pts',(186.811682324643,-83.878596459689,15.));
#4947=CARTESIAN_POINT('Ctrl Pts',(186.811682324643,-83.878596459689,14.));
#4948=CARTESIAN_POINT('Ctrl Pts',(186.587139740586,-83.6592084914446,15.));
#4949=CARTESIAN_POINT('Ctrl Pts',(186.587139740586,-83.6592084914446,14.));
#4950=CARTESIAN_POINT('',(186.587139740586,-83.6592084914446,15.));
#4951=CARTESIAN_POINT('Ctrl Pts',(186.587139740586,-83.6592084914446,15.));
#4952=CARTESIAN_POINT('Ctrl Pts',(186.587139740586,-83.6592084914446,14.));
#4953=CARTESIAN_POINT('Ctrl Pts',(186.427044433267,-83.3886337161754,15.));
#4954=CARTESIAN_POINT('Ctrl Pts',(186.427044433267,-83.3886337161754,14.));
#4955=CARTESIAN_POINT('Ctrl Pts',(186.095549756916,-82.82837933359,15.));
#4956=CARTESIAN_POINT('Ctrl Pts',(186.095549756916,-82.82837933359,14.));
#4957=CARTESIAN_POINT('Ctrl Pts',(186.057656731317,-82.1776792229929,15.));
#4958=CARTESIAN_POINT('Ctrl Pts',(186.057656731317,-82.1776792229929,14.));
#4959=CARTESIAN_POINT('Ctrl Pts',(186.038064137101,-81.841234639287,15.));
#4960=CARTESIAN_POINT('Ctrl Pts',(186.038064137101,-81.841234639287,14.));
#4961=CARTESIAN_POINT('',(186.038064137101,-81.841234639287,15.));
#4962=CARTESIAN_POINT('Ctrl Pts',(186.038064137101,-81.841234639287,15.));
#4963=CARTESIAN_POINT('Ctrl Pts',(186.038064137101,-81.841234639287,14.));
#4964=CARTESIAN_POINT('Ctrl Pts',(186.057080521656,-81.4794346603331,15.));
#4965=CARTESIAN_POINT('Ctrl Pts',(186.057080521656,-81.4794346603331,14.));
#4966=CARTESIAN_POINT('Ctrl Pts',(186.092746701304,-80.8008607174656,15.));
#4967=CARTESIAN_POINT('Ctrl Pts',(186.092746701304,-80.8008607174656,14.));
#4968=CARTESIAN_POINT('Ctrl Pts',(186.495989223043,-80.2570408036162,15.));
#4969=CARTESIAN_POINT('Ctrl Pts',(186.495989223043,-80.2570408036162,14.));
#4970=CARTESIAN_POINT('Ctrl Pts',(186.684232130647,-80.0031731277704,15.));
#4971=CARTESIAN_POINT('Ctrl Pts',(186.684232130647,-80.0031731277704,14.));
#4972=CARTESIAN_POINT('',(186.684232130647,-80.0031731277704,15.));
#4973=CARTESIAN_POINT('Ctrl Pts',(186.684232130647,-80.0031731277704,15.));
#4974=CARTESIAN_POINT('Ctrl Pts',(186.684232130647,-80.0031731277704,14.));
#4975=CARTESIAN_POINT('Ctrl Pts',(186.92017661486,-79.8088831795915,15.));
#4976=CARTESIAN_POINT('Ctrl Pts',(186.92017661486,-79.8088831795915,14.));
#4977=CARTESIAN_POINT('Ctrl Pts',(187.404299376387,-79.4102292904665,15.));
#4978=CARTESIAN_POINT('Ctrl Pts',(187.404299376387,-79.4102292904665,14.));
#4979=CARTESIAN_POINT('Ctrl Pts',(188.030521254666,-79.3617629948604,15.));
#4980=CARTESIAN_POINT('Ctrl Pts',(188.030521254666,-79.3617629948604,14.));
#4981=CARTESIAN_POINT('Ctrl Pts',(188.351544514298,-79.3369174748659,15.));
#4982=CARTESIAN_POINT('Ctrl Pts',(188.351544514298,-79.3369174748659,14.));
#4983=CARTESIAN_POINT('',(188.351544514298,-79.3369174748659,15.));
#4984=CARTESIAN_POINT('Ctrl Pts',(188.351544514298,-79.3369174748659,15.));
#4985=CARTESIAN_POINT('Ctrl Pts',(188.351544514298,-79.3369174748659,14.));
#4986=CARTESIAN_POINT('Ctrl Pts',(188.578402486593,-79.349801263945,15.));
#4987=CARTESIAN_POINT('Ctrl Pts',(188.578402486593,-79.349801263945,14.));
#4988=CARTESIAN_POINT('Ctrl Pts',(189.016292553775,-79.3746700539122,15.));
#4989=CARTESIAN_POINT('Ctrl Pts',(189.016292553775,-79.3746700539122,14.));
#4990=CARTESIAN_POINT('Ctrl Pts',(189.394600526888,-79.5954506998577,15.));
#4991=CARTESIAN_POINT('Ctrl Pts',(189.394600526888,-79.5954506998577,14.));
#4992=CARTESIAN_POINT('Ctrl Pts',(189.576918259263,-79.7018513828516,15.));
#4993=CARTESIAN_POINT('Ctrl Pts',(189.576918259263,-79.7018513828516,14.));
#4994=CARTESIAN_POINT('',(189.576918259263,-79.7018513828516,15.));
#4995=CARTESIAN_POINT('Ctrl Pts',(189.576918259263,-79.7018513828516,15.));
#4996=CARTESIAN_POINT('Ctrl Pts',(189.576918259263,-79.7018513828516,14.));
#4997=CARTESIAN_POINT('Ctrl Pts',(189.735138095247,-79.8421952442529,15.));
#4998=CARTESIAN_POINT('Ctrl Pts',(189.735138095247,-79.8421952442529,14.));
#4999=CARTESIAN_POINT('Ctrl Pts',(190.065578201433,-80.1353016058899,15.));
#5000=CARTESIAN_POINT('Ctrl Pts',(190.065578201433,-80.1353016058899,14.));
#5001=CARTESIAN_POINT('Ctrl Pts',(190.213140247676,-80.5524551771924,15.));
#5002=CARTESIAN_POINT('Ctrl Pts',(190.213140247676,-80.5524551771924,14.));
#5003=CARTESIAN_POINT('Ctrl Pts',(190.290047302842,-80.7698691636324,15.));
#5004=CARTESIAN_POINT('Ctrl Pts',(190.290047302842,-80.7698691636324,14.));
#5005=CARTESIAN_POINT('Origin',(181.645465269685,-84.3288118392229,15.));
#5006=CARTESIAN_POINT('',(181.645465269685,-79.4206178933382,15.));
#5007=CARTESIAN_POINT('',(181.645465269685,-84.3288118392229,15.));
#5008=CARTESIAN_POINT('Origin',(181.645465269685,-79.4206178933382,15.));
#5009=CARTESIAN_POINT('',(182.248108759522,-79.4206178933382,15.));
#5010=CARTESIAN_POINT('Origin',(182.248108759522,-79.4206178933382,15.));
#5011=CARTESIAN_POINT('',(182.248108759522,-82.216212823987,15.));
#5012=CARTESIAN_POINT('Origin',(182.248108759522,-82.216212823987,15.));
#5013=CARTESIAN_POINT('',(183.674364462495,-80.7765651494265,15.));
#5014=CARTESIAN_POINT('Origin',(183.674364462495,-80.7765651494265,15.));
#5015=CARTESIAN_POINT('',(184.457800760865,-80.7765651494265,15.));
#5016=CARTESIAN_POINT('Origin',(184.457800760865,-80.7765651494265,15.));
#5017=CARTESIAN_POINT('',(183.098504915833,-82.0923358947039,15.));
#5018=CARTESIAN_POINT('Origin',(183.098504915833,-82.0923358947039,15.));
#5019=CARTESIAN_POINT('',(184.59506906569,-84.3288118392229,15.));
#5020=CARTESIAN_POINT('Origin',(184.59506906569,-84.3288118392229,15.));
#5021=CARTESIAN_POINT('',(183.855157271028,-84.3288118392229,15.));
#5022=CARTESIAN_POINT('Origin',(183.855157271028,-84.3288118392229,15.));
#5023=CARTESIAN_POINT('',(182.673306837678,-82.5108379870653,15.));
#5024=CARTESIAN_POINT('Origin',(182.673306837678,-82.5108379870653,15.));
#5025=CARTESIAN_POINT('',(182.248108759522,-82.9159481078386,15.));
#5026=CARTESIAN_POINT('Origin',(182.248108759522,-82.9159481078386,15.));
#5027=CARTESIAN_POINT('',(182.248108759522,-84.3288118392229,15.));
#5028=CARTESIAN_POINT('Origin',(182.248108759522,-84.3288118392229,15.));
#5029=CARTESIAN_POINT('Ctrl Pts',(176.57656647265,-81.4562127739191,15.));
#5030=CARTESIAN_POINT('Ctrl Pts',(176.57656647265,-81.4562127739191,14.));
#5031=CARTESIAN_POINT('Ctrl Pts',(176.543515256444,-81.4171837092709,15.));
#5032=CARTESIAN_POINT('Ctrl Pts',(176.543515256444,-81.4171837092709,14.));
#5033=CARTESIAN_POINT('Ctrl Pts',(176.471736963003,-81.3324231474335,15.));
#5034=CARTESIAN_POINT('Ctrl Pts',(176.471736963003,-81.3324231474335,14.));
#5035=CARTESIAN_POINT('Ctrl Pts',(176.370202749134,-81.2866980812656,15.));
#5036=CARTESIAN_POINT('Ctrl Pts',(176.370202749134,-81.2866980812656,14.));
#5037=CARTESIAN_POINT('Ctrl Pts',(176.315421238542,-81.262027695775,15.));
#5038=CARTESIAN_POINT('Ctrl Pts',(176.315421238542,-81.262027695775,14.));
#5039=CARTESIAN_POINT('',(176.315421238542,-81.262027695775,15.));
#5040=CARTESIAN_POINT('',(176.57656647265,-81.4562127739191,15.));
#5041=CARTESIAN_POINT('Ctrl Pts',(176.315421238542,-81.262027695775,15.));
#5042=CARTESIAN_POINT('Ctrl Pts',(176.315421238542,-81.262027695775,14.));
#5043=CARTESIAN_POINT('Ctrl Pts',(176.245321481828,-81.2406144385164,15.));
#5044=CARTESIAN_POINT('Ctrl Pts',(176.245321481828,-81.2406144385164,14.));
#5045=CARTESIAN_POINT('Ctrl Pts',(176.087354316223,-81.1923604685446,15.));
#5046=CARTESIAN_POINT('Ctrl Pts',(176.087354316223,-81.1923604685446,14.));
#5047=CARTESIAN_POINT('Ctrl Pts',(175.92195830856,-81.1897971000643,15.));
#5048=CARTESIAN_POINT('Ctrl Pts',(175.92195830856,-81.1897971000643,14.));
#5049=CARTESIAN_POINT('Ctrl Pts',(175.829958692193,-81.1883712559938,15.));
#5050=CARTESIAN_POINT('Ctrl Pts',(175.829958692193,-81.1883712559938,14.));
#5051=CARTESIAN_POINT('',(175.829958692193,-81.1883712559938,15.));
#5052=CARTESIAN_POINT('Ctrl Pts',(175.829958692193,-81.1883712559938,15.));
#5053=CARTESIAN_POINT('Ctrl Pts',(175.829958692193,-81.1883712559938,14.));
#5054=CARTESIAN_POINT('Ctrl Pts',(175.711744824371,-81.1917025965399,15.));
#5055=CARTESIAN_POINT('Ctrl Pts',(175.711744824371,-81.1917025965399,14.));
#5056=CARTESIAN_POINT('Ctrl Pts',(175.496006176003,-81.1977822462453,15.));
#5057=CARTESIAN_POINT('Ctrl Pts',(175.496006176003,-81.1977822462453,14.));
#5058=CARTESIAN_POINT('Ctrl Pts',(175.301740941967,-81.2904469912032,15.));
#5059=CARTESIAN_POINT('Ctrl Pts',(175.301740941967,-81.2904469912032,14.));
#5060=CARTESIAN_POINT('Ctrl Pts',(175.213923230767,-81.3323361426592,15.));
#5061=CARTESIAN_POINT('Ctrl Pts',(175.213923230767,-81.3323361426592,14.));
#5062=CARTESIAN_POINT('',(175.213923230767,-81.3323361426592,15.));
#5063=CARTESIAN_POINT('Ctrl Pts',(175.213923230767,-81.3323361426592,15.));
#5064=CARTESIAN_POINT('Ctrl Pts',(175.213923230767,-81.3323361426592,14.));
#5065=CARTESIAN_POINT('Ctrl Pts',(175.143890643057,-81.3967448061731,15.));
#5066=CARTESIAN_POINT('Ctrl Pts',(175.143890643057,-81.3967448061731,14.));
#5067=CARTESIAN_POINT('Ctrl Pts',(174.986057197383,-81.5419035333618,15.));
#5068=CARTESIAN_POINT('Ctrl Pts',(174.986057197383,-81.5419035333618,14.));
#5069=CARTESIAN_POINT('Ctrl Pts',(174.934555740532,-81.7514504417596,15.));
#5070=CARTESIAN_POINT('Ctrl Pts',(174.934555740532,-81.7514504417596,14.));
#5071=CARTESIAN_POINT('Ctrl Pts',(174.905906096101,-81.8680188804865,15.));
#5072=CARTESIAN_POINT('Ctrl Pts',(174.905906096101,-81.8680188804865,14.));
#5073=CARTESIAN_POINT('',(174.905906096101,-81.8680188804865,15.));
#5074=CARTESIAN_POINT('Origin',(174.905906096101,-81.8680188804865,15.));
#5075=CARTESIAN_POINT('',(174.316654577851,-81.7910144478083,15.));
#5076=CARTESIAN_POINT('Ctrl Pts',(174.316654577851,-81.7910144478083,15.));
#5077=CARTESIAN_POINT('Ctrl Pts',(174.316654577851,-81.7910144478083,14.));
#5078=CARTESIAN_POINT('Ctrl Pts',(174.359109995522,-81.6222396727892,15.));
#5079=CARTESIAN_POINT('Ctrl Pts',(174.359109995522,-81.6222396727892,14.));
#5080=CARTESIAN_POINT('Ctrl Pts',(174.441021034419,-81.2966153374292,15.));
#5081=CARTESIAN_POINT('Ctrl Pts',(174.441021034419,-81.2966153374292,14.));
#5082=CARTESIAN_POINT('Ctrl Pts',(174.693765125177,-81.0766871490645,15.));
#5083=CARTESIAN_POINT('Ctrl Pts',(174.693765125177,-81.0766871490645,14.));
#5084=CARTESIAN_POINT('Ctrl Pts',(174.815509095788,-80.9707502275705,15.));
#5085=CARTESIAN_POINT('Ctrl Pts',(174.815509095788,-80.9707502275705,14.));
#5086=CARTESIAN_POINT('',(174.815509095788,-80.9707502275705,15.));
#5087=CARTESIAN_POINT('Ctrl Pts',(174.815509095788,-80.9707502275705,15.));
#5088=CARTESIAN_POINT('Ctrl Pts',(174.815509095788,-80.9707502275705,14.));
#5089=CARTESIAN_POINT('Ctrl Pts',(174.971571276561,-80.8908737492874,15.));
#5090=CARTESIAN_POINT('Ctrl Pts',(174.971571276561,-80.8908737492874,14.));
#5091=CARTESIAN_POINT('Ctrl Pts',(175.317293088625,-80.7139247878128,15.));
#5092=CARTESIAN_POINT('Ctrl Pts',(175.317293088625,-80.7139247878128,14.));
#5093=CARTESIAN_POINT('Ctrl Pts',(175.706719529761,-80.7024872474867,15.));
#5094=CARTESIAN_POINT('Ctrl Pts',(175.706719529761,-80.7024872474867,14.));
#5095=CARTESIAN_POINT('Ctrl Pts',(175.920355096459,-80.6962127238512,15.));
#5096=CARTESIAN_POINT('Ctrl Pts',(175.920355096459,-80.6962127238512,14.));
#5097=CARTESIAN_POINT('',(175.920355096459,-80.6962127238512,15.));
#5098=CARTESIAN_POINT('Ctrl Pts',(175.920355096459,-80.6962127238512,15.));
#5099=CARTESIAN_POINT('Ctrl Pts',(175.920355096459,-80.6962127238512,14.));
#5100=CARTESIAN_POINT('Ctrl Pts',(176.108230311194,-80.6980185012312,15.));
#5101=CARTESIAN_POINT('Ctrl Pts',(176.108230311194,-80.6980185012312,14.));
#5102=CARTESIAN_POINT('Ctrl Pts',(176.434338507255,-80.7011529157666,15.));
#5103=CARTESIAN_POINT('Ctrl Pts',(176.434338507255,-80.7011529157666,14.));
#5104=CARTESIAN_POINT('Ctrl Pts',(176.731736961396,-80.8317088593052,15.));
#5105=CARTESIAN_POINT('Ctrl Pts',(176.731736961396,-80.8317088593052,14.));
#5106=CARTESIAN_POINT('Ctrl Pts',(176.857800260186,-80.8870498090982,15.));
#5107=CARTESIAN_POINT('Ctrl Pts',(176.857800260186,-80.8870498090982,14.));
#5108=CARTESIAN_POINT('',(176.857800260186,-80.8870498090982,15.));
#5109=CARTESIAN_POINT('Ctrl Pts',(176.857800260186,-80.8870498090982,15.));
#5110=CARTESIAN_POINT('Ctrl Pts',(176.857800260186,-80.8870498090982,14.));
#5111=CARTESIAN_POINT('Ctrl Pts',(176.947478763004,-80.949349994194,15.));
#5112=CARTESIAN_POINT('Ctrl Pts',(176.947478763004,-80.949349994194,14.));
#5113=CARTESIAN_POINT('Ctrl Pts',(177.115145157316,-81.0658288277139,15.));
#5114=CARTESIAN_POINT('Ctrl Pts',(177.115145157316,-81.0658288277139,14.));
#5115=CARTESIAN_POINT('Ctrl Pts',(177.190862775616,-81.2545833535878,15.));
#5116=CARTESIAN_POINT('Ctrl Pts',(177.190862775616,-81.2545833535878,14.));
#5117=CARTESIAN_POINT('Ctrl Pts',(177.226081863046,-81.3423801213503,15.));
#5118=CARTESIAN_POINT('Ctrl Pts',(177.226081863046,-81.3423801213503,14.));
#5119=CARTESIAN_POINT('',(177.226081863046,-81.3423801213503,15.));
#5120=CARTESIAN_POINT('Ctrl Pts',(177.226081863046,-81.3423801213503,15.));
#5121=CARTESIAN_POINT('Ctrl Pts',(177.226081863046,-81.3423801213503,14.));
#5122=CARTESIAN_POINT('Ctrl Pts',(177.246529943257,-81.4441830060211,15.));
#5123=CARTESIAN_POINT('Ctrl Pts',(177.246529943257,-81.4441830060211,14.));
#5124=CARTESIAN_POINT('Ctrl Pts',(177.292221701894,-81.6716641576451,15.));
#5125=CARTESIAN_POINT('Ctrl Pts',(177.292221701894,-81.6716641576451,14.));
#5126=CARTESIAN_POINT('Ctrl Pts',(177.294906834179,-81.9038142628154,15.));
#5127=CARTESIAN_POINT('Ctrl Pts',(177.294906834179,-81.9038142628154,14.));
#5128=CARTESIAN_POINT('Ctrl Pts',(177.29639030993,-82.0320720225573,15.));
#5129=CARTESIAN_POINT('Ctrl Pts',(177.29639030993,-82.0320720225573,14.));
#5130=CARTESIAN_POINT('',(177.29639030993,-82.0320720225573,15.));
#5131=CARTESIAN_POINT('Origin',(177.29639030993,-82.0320720225573,15.));
#5132=CARTESIAN_POINT('',(177.29639030993,-82.8422922641039,15.));
#5133=CARTESIAN_POINT('Ctrl Pts',(177.29639030993,-82.8422922641039,15.));
#5134=CARTESIAN_POINT('Ctrl Pts',(177.29639030993,-82.8422922641039,14.));
#5135=CARTESIAN_POINT('Ctrl Pts',(177.295895113705,-83.0485618830168,15.));
#5136=CARTESIAN_POINT('Ctrl Pts',(177.295895113705,-83.0485618830168,14.));
#5137=CARTESIAN_POINT('Ctrl Pts',(177.295098635236,-83.3803279632431,15.));
#5138=CARTESIAN_POINT('Ctrl Pts',(177.295098635236,-83.3803279632431,14.));
#5139=CARTESIAN_POINT('Ctrl Pts',(177.315469285776,-83.7114140612275,15.));
#5140=CARTESIAN_POINT('Ctrl Pts',(177.315469285776,-83.7114140612275,14.));
#5141=CARTESIAN_POINT('Ctrl Pts',(177.323174849153,-83.8366533070803,15.));
#5142=CARTESIAN_POINT('Ctrl Pts',(177.323174849153,-83.8366533070803,14.));
#5143=CARTESIAN_POINT('',(177.323174849153,-83.8366533070803,15.));
#5144=CARTESIAN_POINT('Ctrl Pts',(177.323174849153,-83.8366533070803,15.));
#5145=CARTESIAN_POINT('Ctrl Pts',(177.323174849153,-83.8366533070803,14.));
#5146=CARTESIAN_POINT('Ctrl Pts',(177.338207048671,-83.9208462722467,15.));
#5147=CARTESIAN_POINT('Ctrl Pts',(177.338207048671,-83.9208462722467,14.));
#5148=CARTESIAN_POINT('Ctrl Pts',(177.369004291219,-84.0933367428475,15.));
#5149=CARTESIAN_POINT('Ctrl Pts',(177.369004291219,-84.0933367428475,14.));
#5150=CARTESIAN_POINT('Ctrl Pts',(177.449414084005,-84.2490847600916,15.));
#5151=CARTESIAN_POINT('Ctrl Pts',(177.449414084005,-84.2490847600916,14.));
#5152=CARTESIAN_POINT('Ctrl Pts',(177.490575686097,-84.3288118392229,15.));
#5153=CARTESIAN_POINT('Ctrl Pts',(177.490575686097,-84.3288118392229,14.));
#5154=CARTESIAN_POINT('',(177.490575686097,-84.3288118392229,15.));
#5155=CARTESIAN_POINT('Origin',(177.490575686097,-84.3288118392229,15.));
#5156=CARTESIAN_POINT('',(176.857800260186,-84.3288118392229,15.));
#5157=CARTESIAN_POINT('Ctrl Pts',(176.857800260186,-84.3288118392229,15.));
#5158=CARTESIAN_POINT('Ctrl Pts',(176.857800260186,-84.3288118392229,14.));
#5159=CARTESIAN_POINT('Ctrl Pts',(176.830432884561,-84.2651007290995,15.));
#5160=CARTESIAN_POINT('Ctrl Pts',(176.830432884561,-84.2651007290995,14.));
#5161=CARTESIAN_POINT('Ctrl Pts',(176.770023576422,-84.1244681695129,15.));
#5162=CARTESIAN_POINT('Ctrl Pts',(176.770023576422,-84.1244681695129,14.));
#5163=CARTESIAN_POINT('Ctrl Pts',(176.746687440484,-83.973045227955,15.));
#5164=CARTESIAN_POINT('Ctrl Pts',(176.746687440484,-83.973045227955,14.));
#5165=CARTESIAN_POINT('Ctrl Pts',(176.733923330903,-83.8902217894793,15.));
#5166=CARTESIAN_POINT('Ctrl Pts',(176.733923330903,-83.8902217894793,14.));
#5167=CARTESIAN_POINT('',(176.733923330903,-83.8902217894793,15.));
#5168=CARTESIAN_POINT('Ctrl Pts',(176.733923330903,-83.8902217894793,15.));
#5169=CARTESIAN_POINT('Ctrl Pts',(176.733923330903,-83.8902217894793,14.));
#5170=CARTESIAN_POINT('Ctrl Pts',(176.532330501634,-84.0424999331347,15.));
#5171=CARTESIAN_POINT('Ctrl Pts',(176.532330501634,-84.0424999331347,14.));
#5172=CARTESIAN_POINT('Ctrl Pts',(176.142950936368,-84.3366274454616,15.));
#5173=CARTESIAN_POINT('Ctrl Pts',(176.142950936368,-84.3366274454616,14.));
#5174=CARTESIAN_POINT('Ctrl Pts',(175.658490242685,-84.3878223872543,15.));
#5175=CARTESIAN_POINT('Ctrl Pts',(175.658490242685,-84.3878223872543,14.));
#5176=CARTESIAN_POINT('Ctrl Pts',(175.42484857142,-84.4125122576952,15.));
#5177=CARTESIAN_POINT('Ctrl Pts',(175.42484857142,-84.4125122576952,14.));
#5178=CARTESIAN_POINT('',(175.42484857142,-84.4125122576952,15.));
#5179=CARTESIAN_POINT('Ctrl Pts',(175.42484857142,-84.4125122576952,15.));
#5180=CARTESIAN_POINT('Ctrl Pts',(175.42484857142,-84.4125122576952,14.));
#5181=CARTESIAN_POINT('Ctrl Pts',(175.251997579971,-84.4046559576061,15.));
#5182=CARTESIAN_POINT('Ctrl Pts',(175.251997579971,-84.4046559576061,14.));
#5183=CARTESIAN_POINT('Ctrl Pts',(174.929998090548,-84.3900206662707,15.));
#5184=CARTESIAN_POINT('Ctrl Pts',(174.929998090548,-84.3900206662707,14.));
#5185=CARTESIAN_POINT('Ctrl Pts',(174.661835446746,-84.2131873456534,15.));
#5186=CARTESIAN_POINT('Ctrl Pts',(174.661835446746,-84.2131873456534,14.));
#5187=CARTESIAN_POINT('Ctrl Pts',(174.537623897195,-84.131279066205,15.));
#5188=CARTESIAN_POINT('Ctrl Pts',(174.537623897195,-84.131279066205,14.));
#5189=CARTESIAN_POINT('',(174.537623897195,-84.131279066205,15.));
#5190=CARTESIAN_POINT('Ctrl Pts',(174.537623897195,-84.131279066205,15.));
#5191=CARTESIAN_POINT('Ctrl Pts',(174.537623897195,-84.131279066205,14.));
#5192=CARTESIAN_POINT('Ctrl Pts',(174.442914685017,-84.028452642523,15.));
#5193=CARTESIAN_POINT('Ctrl Pts',(174.442914685017,-84.028452642523,14.));
#5194=CARTESIAN_POINT('Ctrl Pts',(174.249456091353,-83.8184133563794,15.));
#5195=CARTESIAN_POINT('Ctrl Pts',(174.249456091353,-83.8184133563794,14.));
#5196=CARTESIAN_POINT('Ctrl Pts',(174.225231466637,-83.5334671694481,15.));
#5197=CARTESIAN_POINT('Ctrl Pts',(174.225231466637,-83.5334671694481,14.));
#5198=CARTESIAN_POINT('Ctrl Pts',(174.212866201997,-83.3880186825991,15.));
#5199=CARTESIAN_POINT('Ctrl Pts',(174.212866201997,-83.3880186825991,14.));
#5200=CARTESIAN_POINT('',(174.212866201997,-83.3880186825991,15.));
#5201=CARTESIAN_POINT('Ctrl Pts',(174.212866201997,-83.3880186825991,15.));
#5202=CARTESIAN_POINT('Ctrl Pts',(174.212866201997,-83.3880186825991,14.));
#5203=CARTESIAN_POINT('Ctrl Pts',(174.225137684848,-83.2479107015032,15.));
#5204=CARTESIAN_POINT('Ctrl Pts',(174.225137684848,-83.2479107015032,14.));
#5205=CARTESIAN_POINT('Ctrl Pts',(174.249359458638,-82.971361904128,15.));
#5206=CARTESIAN_POINT('Ctrl Pts',(174.249359458638,-82.971361904128,14.));
#5207=CARTESIAN_POINT('Ctrl Pts',(174.433421351864,-82.7638693922032,15.));
#5208=CARTESIAN_POINT('Ctrl Pts',(174.433421351864,-82.7638693922032,14.));
#5209=CARTESIAN_POINT('Ctrl Pts',(174.524231925607,-82.6614988595247,15.));
#5210=CARTESIAN_POINT('Ctrl Pts',(174.524231925607,-82.6614988595247,14.));
#5211=CARTESIAN_POINT('',(174.524231925607,-82.6614988595247,15.));
#5212=CARTESIAN_POINT('Ctrl Pts',(174.524231925607,-82.6614988595247,15.));
#5213=CARTESIAN_POINT('Ctrl Pts',(174.524231925607,-82.6614988595247,14.));
#5214=CARTESIAN_POINT('Ctrl Pts',(174.663764656798,-82.5721728538448,15.));
#5215=CARTESIAN_POINT('Ctrl Pts',(174.663764656798,-82.5721728538448,14.));
#5216=CARTESIAN_POINT('Ctrl Pts',(174.994575969471,-82.3603942056201,15.));
#5217=CARTESIAN_POINT('Ctrl Pts',(174.994575969471,-82.3603942056201,14.));
#5218=CARTESIAN_POINT('Ctrl Pts',(175.386007523134,-82.3093430210582,15.));
#5219=CARTESIAN_POINT('Ctrl Pts',(175.386007523134,-82.3093430210582,14.));
#5220=CARTESIAN_POINT('Ctrl Pts',(175.612337365746,-82.2798246890306,15.));
#5221=CARTESIAN_POINT('Ctrl Pts',(175.612337365746,-82.2798246890306,14.));
#5222=CARTESIAN_POINT('',(175.612337365746,-82.2798246890306,15.));
#5223=CARTESIAN_POINT('Origin',(175.612337365746,-82.2798246890306,15.));
#5224=CARTESIAN_POINT('',(176.174804344773,-82.1961242705584,15.));
#5225=CARTESIAN_POINT('Ctrl Pts',(176.174804344773,-82.1961242705584,15.));
#5226=CARTESIAN_POINT('Ctrl Pts',(176.174804344773,-82.1961242705584,14.));
#5227=CARTESIAN_POINT('Ctrl Pts',(176.27107997889,-82.179806556045,15.));
#5228=CARTESIAN_POINT('Ctrl Pts',(176.27107997889,-82.179806556045,14.));
#5229=CARTESIAN_POINT('Ctrl Pts',(176.446859202536,-82.1500138134146,15.));
#5230=CARTESIAN_POINT('Ctrl Pts',(176.446859202536,-82.1500138134146,14.));
#5231=CARTESIAN_POINT('Ctrl Pts',(176.616858185134,-82.0964668270125,15.));
#5232=CARTESIAN_POINT('Ctrl Pts',(176.616858185134,-82.0964668270125,14.));
#5233=CARTESIAN_POINT('Ctrl Pts',(176.693747416139,-82.0722479373217,15.));
#5234=CARTESIAN_POINT('Ctrl Pts',(176.693747416139,-82.0722479373217,14.));
#5235=CARTESIAN_POINT('',(176.693747416139,-82.0722479373217,15.));
#5236=CARTESIAN_POINT('Ctrl Pts',(176.693747416139,-82.0722479373217,15.));
#5237=CARTESIAN_POINT('Ctrl Pts',(176.693747416139,-82.0722479373217,14.));
#5238=CARTESIAN_POINT('Ctrl Pts',(176.693863963368,-81.9951669160804,15.));
#5239=CARTESIAN_POINT('Ctrl Pts',(176.693863963368,-81.9951669160804,14.));
#5240=CARTESIAN_POINT('Ctrl Pts',(176.694056770476,-81.8676497800647,15.));
#5241=CARTESIAN_POINT('Ctrl Pts',(176.694056770476,-81.8676497800647,14.));
#5242=CARTESIAN_POINT('Ctrl Pts',(176.681839627504,-81.7407614655116,15.));
#5243=CARTESIAN_POINT('Ctrl Pts',(176.681839627504,-81.7407614655116,14.));
#5244=CARTESIAN_POINT('Ctrl Pts',(176.677007451653,-81.6905740648508,15.));
#5245=CARTESIAN_POINT('Ctrl Pts',(176.677007451653,-81.6905740648508,14.));
#5246=CARTESIAN_POINT('',(176.677007451653,-81.6905740648508,15.));
#5247=CARTESIAN_POINT('Ctrl Pts',(176.677007451653,-81.6905740648508,15.));
#5248=CARTESIAN_POINT('Ctrl Pts',(176.677007451653,-81.6905740648508,14.));
#5249=CARTESIAN_POINT('Ctrl Pts',(176.667842331063,-81.6512340090458,15.));
#5250=CARTESIAN_POINT('Ctrl Pts',(176.667842331063,-81.6512340090458,14.));
#5251=CARTESIAN_POINT('Ctrl Pts',(176.648280697373,-81.5672683095911,15.));
#5252=CARTESIAN_POINT('Ctrl Pts',(176.648280697373,-81.5672683095911,14.));
#5253=CARTESIAN_POINT('Ctrl Pts',(176.601453789011,-81.4947528858783,15.));
#5254=CARTESIAN_POINT('Ctrl Pts',(176.601453789011,-81.4947528858783,14.));
#5255=CARTESIAN_POINT('Ctrl Pts',(176.57656647265,-81.4562127739191,15.));
#5256=CARTESIAN_POINT('Ctrl Pts',(176.57656647265,-81.4562127739191,14.));
#5257=UNCERTAINTY_MEASURE_WITH_UNIT(LENGTH_MEASURE(0.01),#5261,
'DISTANCE_ACCURACY_VALUE',
'Maximum model space distance between geometric entities at asserted c
onnectivities');
#5258=UNCERTAINTY_MEASURE_WITH_UNIT(LENGTH_MEASURE(0.01),#5261,
'DISTANCE_ACCURACY_VALUE',
'Maximum model space distance between geometric entities at asserted c
onnectivities');
#5259=(
GEOMETRIC_REPRESENTATION_CONTEXT(3)
GLOBAL_UNCERTAINTY_ASSIGNED_CONTEXT((#5257))
GLOBAL_UNIT_ASSIGNED_CONTEXT((#5261,#5262,#5263))
REPRESENTATION_CONTEXT('','3D')
);
#5260=(
GEOMETRIC_REPRESENTATION_CONTEXT(3)
GLOBAL_UNCERTAINTY_ASSIGNED_CONTEXT((#5258))
GLOBAL_UNIT_ASSIGNED_CONTEXT((#5261,#5262,#5263))
REPRESENTATION_CONTEXT('','3D')
);
#5261=(
LENGTH_UNIT()
NAMED_UNIT(*)
SI_UNIT(.MILLI.,.METRE.)
);
#5262=(
NAMED_UNIT(*)
PLANE_ANGLE_UNIT()
SI_UNIT($,.RADIAN.)
);
#5263=(
NAMED_UNIT(*)
SI_UNIT($,.STERADIAN.)
SOLID_ANGLE_UNIT()
);
#5264=SHAPE_DEFINITION_REPRESENTATION(#5265,#5266);
#5265=PRODUCT_DEFINITION_SHAPE('',$,#5268);
#5266=SHAPE_REPRESENTATION('',(#2600),#5259);
#5267=PRODUCT_DEFINITION_CONTEXT('part definition',#5272,'design');
#5268=PRODUCT_DEFINITION('Stardance PCB 1','Stardance hackpad',#5269,#5267);
#5269=PRODUCT_DEFINITION_FORMATION('',$,#5274);
#5270=PRODUCT_RELATED_PRODUCT_CATEGORY('Stardance hackpad',
'Stardance hackpad',(#5274));
#5271=APPLICATION_PROTOCOL_DEFINITION('international standard',
'automotive_design',2009,#5272);
#5272=APPLICATION_CONTEXT(
'Core Data for Automotive Mechanical Design Process');
#5273=PRODUCT_CONTEXT('part definition',#5272,'mechanical');
#5274=PRODUCT('Stardance PCB 1','Stardance hackpad',
'KiCad electronic assembly',(#5273));
#5275=PRESENTATION_STYLE_ASSIGNMENT((#5276));
#5276=SURFACE_STYLE_USAGE(.BOTH.,#5277);
#5277=SURFACE_SIDE_STYLE('',(#5278));
#5278=SURFACE_STYLE_FILL_AREA(#5279);
#5279=FILL_AREA_STYLE('Steel - Satin',(#5280));
#5280=FILL_AREA_STYLE_COLOUR('Steel - Satin',#5281);
#5281=COLOUR_RGB('Steel - Satin',0.627450980392157,0.627450980392157,0.627450980392157);
ENDSEC;
END-ISO-10303-21;
