ISO-10303-21;
HEADER;
/* Generated by software containing ST-Developer
 * from STEP Tools, Inc. (www.steptools.com) 
 */

FILE_DESCRIPTION(
/* description */ ('KiCad electronic assembly'),
/* implementation_level */ '2;1');

FILE_NAME(
/* name */ 'Stardance hackpad case top.step',
/* time_stamp */ '2026-08-09T10:52:23+10:00',
/* author */ (''),
/* organization */ (''),
/* preprocessor_version */ 'ST-DEVELOPER v20.1',
/* originating_system */ 'Autodesk Translation Framework v15.8.0.0',
/* authorisation */ '');

FILE_SCHEMA (('AUTOMOTIVE_DESIGN { 1 0 10303 214 3 1 1 }'));
ENDSEC;

DATA;
#10=MECHANICAL_DESIGN_GEOMETRIC_PRESENTATION_REPRESENTATION('',(#13),#1873);
#11=SHAPE_REPRESENTATION_RELATIONSHIP('SRR','None',#1879,#12);
#12=ADVANCED_BREP_SHAPE_REPRESENTATION('',(#14),#1872);
#13=STYLED_ITEM('',(#1888),#14);
#14=MANIFOLD_SOLID_BREP('Body2',#773);
#15=FACE_BOUND('',#134,.T.);
#16=FACE_BOUND('',#135,.T.);
#17=FACE_BOUND('',#136,.T.);
#18=FACE_BOUND('',#137,.T.);
#19=FACE_BOUND('',#138,.T.);
#20=FACE_BOUND('',#139,.T.);
#21=FACE_BOUND('',#163,.T.);
#22=FACE_BOUND('',#164,.T.);
#23=FACE_BOUND('',#165,.T.);
#24=FACE_BOUND('',#166,.T.);
#25=FACE_BOUND('',#167,.T.);
#26=FACE_BOUND('',#168,.T.);
#27=FACE_BOUND('',#169,.T.);
#28=CIRCLE('',#781,1.45);
#29=CIRCLE('',#782,1.45);
#30=CIRCLE('',#784,1.45);
#31=CIRCLE('',#785,1.45);
#32=CIRCLE('',#787,1.45);
#33=CIRCLE('',#788,1.45);
#34=CIRCLE('',#790,1.45);
#35=CIRCLE('',#791,1.45);
#36=CIRCLE('',#794,1.5);
#37=CIRCLE('',#795,1.5);
#38=CIRCLE('',#796,1.5);
#39=CIRCLE('',#797,1.5);
#40=CIRCLE('',#798,1.5);
#41=CIRCLE('',#799,1.5);
#42=CIRCLE('',#804,1.5);
#43=CIRCLE('',#807,1.5);
#44=CIRCLE('',#810,1.5);
#45=CIRCLE('',#813,1.5);
#46=CIRCLE('',#816,1.5);
#47=CIRCLE('',#819,1.5);
#48=CYLINDRICAL_SURFACE('',#780,1.45);
#49=CYLINDRICAL_SURFACE('',#783,1.45);
#50=CYLINDRICAL_SURFACE('',#786,1.45);
#51=CYLINDRICAL_SURFACE('',#789,1.45);
#52=CYLINDRICAL_SURFACE('',#803,1.5);
#53=CYLINDRICAL_SURFACE('',#806,1.5);
#54=CYLINDRICAL_SURFACE('',#809,1.5);
#55=CYLINDRICAL_SURFACE('',#812,1.5);
#56=CYLINDRICAL_SURFACE('',#815,1.5);
#57=CYLINDRICAL_SURFACE('',#818,1.5);
#58=PLANE('',#775);
#59=PLANE('',#776);
#60=PLANE('',#777);
#61=PLANE('',#778);
#62=PLANE('',#779);
#63=PLANE('',#792);
#64=PLANE('',#793);
#65=PLANE('',#800);
#66=PLANE('',#801);
#67=PLANE('',#802);
#68=PLANE('',#805);
#69=PLANE('',#808);
#70=PLANE('',#811);
#71=PLANE('',#814);
#72=PLANE('',#817);
#73=PLANE('',#820);
#74=PLANE('',#821);
#75=PLANE('',#822);
#76=PLANE('',#823);
#77=PLANE('',#824);
#78=PLANE('',#825);
#79=FACE_OUTER_BOUND('',#118,.T.);
#80=FACE_OUTER_BOUND('',#119,.T.);
#81=FACE_OUTER_BOUND('',#120,.T.);
#82=FACE_OUTER_BOUND('',#121,.T.);
#83=FACE_OUTER_BOUND('',#122,.T.);
#84=FACE_OUTER_BOUND('',#123,.T.);
#85=FACE_OUTER_BOUND('',#124,.T.);
#86=FACE_OUTER_BOUND('',#125,.T.);
#87=FACE_OUTER_BOUND('',#126,.T.);
#88=FACE_OUTER_BOUND('',#127,.T.);
#89=FACE_OUTER_BOUND('',#128,.T.);
#90=FACE_OUTER_BOUND('',#129,.T.);
#91=FACE_OUTER_BOUND('',#130,.T.);
#92=FACE_OUTER_BOUND('',#131,.T.);
#93=FACE_OUTER_BOUND('',#132,.T.);
#94=FACE_OUTER_BOUND('',#133,.T.);
#95=FACE_OUTER_BOUND('',#140,.T.);
#96=FACE_OUTER_BOUND('',#141,.T.);
#97=FACE_OUTER_BOUND('',#142,.T.);
#98=FACE_OUTER_BOUND('',#143,.T.);
#99=FACE_OUTER_BOUND('',#144,.T.);
#100=FACE_OUTER_BOUND('',#145,.T.);
#101=FACE_OUTER_BOUND('',#146,.T.);
#102=FACE_OUTER_BOUND('',#147,.T.);
#103=FACE_OUTER_BOUND('',#148,.T.);
#104=FACE_OUTER_BOUND('',#149,.T.);
#105=FACE_OUTER_BOUND('',#150,.T.);
#106=FACE_OUTER_BOUND('',#151,.T.);
#107=FACE_OUTER_BOUND('',#152,.T.);
#108=FACE_OUTER_BOUND('',#153,.T.);
#109=FACE_OUTER_BOUND('',#154,.T.);
#110=FACE_OUTER_BOUND('',#155,.T.);
#111=FACE_OUTER_BOUND('',#156,.T.);
#112=FACE_OUTER_BOUND('',#157,.T.);
#113=FACE_OUTER_BOUND('',#158,.T.);
#114=FACE_OUTER_BOUND('',#159,.T.);
#115=FACE_OUTER_BOUND('',#160,.T.);
#116=FACE_OUTER_BOUND('',#161,.T.);
#117=FACE_OUTER_BOUND('',#162,.T.);
#118=EDGE_LOOP('',(#510,#511,#512,#513));
#119=EDGE_LOOP('',(#514,#515,#516,#517));
#120=EDGE_LOOP('',(#518,#519,#520,#521));
#121=EDGE_LOOP('',(#522,#523,#524,#525));
#122=EDGE_LOOP('',(#526,#527,#528,#529));
#123=EDGE_LOOP('',(#530,#531,#532,#533));
#124=EDGE_LOOP('',(#534,#535,#536,#537));
#125=EDGE_LOOP('',(#538,#539,#540,#541));
#126=EDGE_LOOP('',(#542,#543,#544,#545,#546,#547,#548,#549));
#127=EDGE_LOOP('',(#550,#551,#552,#553));
#128=EDGE_LOOP('',(#554,#555,#556,#557));
#129=EDGE_LOOP('',(#558,#559,#560,#561));
#130=EDGE_LOOP('',(#562,#563,#564,#565));
#131=EDGE_LOOP('',(#566,#567,#568,#569));
#132=EDGE_LOOP('',(#570,#571,#572,#573));
#133=EDGE_LOOP('',(#574,#575,#576,#577,#578,#579,#580,#581));
#134=EDGE_LOOP('',(#582,#583,#584,#585));
#135=EDGE_LOOP('',(#586,#587,#588,#589,#590,#591,#592,#593,#594,#595,#596,
#597));
#136=EDGE_LOOP('',(#598));
#137=EDGE_LOOP('',(#599));
#138=EDGE_LOOP('',(#600));
#139=EDGE_LOOP('',(#601));
#140=EDGE_LOOP('',(#602,#603,#604,#605));
#141=EDGE_LOOP('',(#606,#607,#608,#609));
#142=EDGE_LOOP('',(#610,#611,#612,#613));
#143=EDGE_LOOP('',(#614,#615,#616,#617));
#144=EDGE_LOOP('',(#618,#619,#620,#621));
#145=EDGE_LOOP('',(#622,#623,#624,#625));
#146=EDGE_LOOP('',(#626,#627,#628,#629));
#147=EDGE_LOOP('',(#630,#631,#632,#633));
#148=EDGE_LOOP('',(#634,#635,#636,#637));
#149=EDGE_LOOP('',(#638,#639,#640,#641));
#150=EDGE_LOOP('',(#642,#643,#644,#645));
#151=EDGE_LOOP('',(#646,#647,#648,#649));
#152=EDGE_LOOP('',(#650,#651,#652,#653));
#153=EDGE_LOOP('',(#654,#655,#656,#657));
#154=EDGE_LOOP('',(#658,#659,#660,#661));
#155=EDGE_LOOP('',(#662,#663,#664,#665));
#156=EDGE_LOOP('',(#666,#667,#668,#669));
#157=EDGE_LOOP('',(#670,#671,#672,#673));
#158=EDGE_LOOP('',(#674,#675,#676,#677));
#159=EDGE_LOOP('',(#678,#679,#680,#681));
#160=EDGE_LOOP('',(#682,#683,#684,#685));
#161=EDGE_LOOP('',(#686,#687,#688,#689));
#162=EDGE_LOOP('',(#690,#691,#692,#693,#694,#695,#696,#697));
#163=EDGE_LOOP('',(#698,#699,#700,#701,#702,#703,#704,#705));
#164=EDGE_LOOP('',(#706,#707,#708,#709));
#165=EDGE_LOOP('',(#710,#711,#712,#713,#714,#715,#716,#717,#718,#719,#720,
#721));
#166=EDGE_LOOP('',(#722));
#167=EDGE_LOOP('',(#723));
#168=EDGE_LOOP('',(#724));
#169=EDGE_LOOP('',(#725));
#170=LINE('',#1068,#242);
#171=LINE('',#1092,#243);
#172=LINE('',#1095,#244);
#173=LINE('',#1097,#245);
#174=LINE('',#1098,#246);
#175=LINE('',#1185,#247);
#176=LINE('',#1188,#248);
#177=LINE('',#1190,#249);
#178=LINE('',#1191,#250);
#179=LINE('',#1257,#251);
#180=LINE('',#1281,#252);
#181=LINE('',#1283,#253);
#182=LINE('',#1284,#254);
#183=LINE('',#1371,#255);
#184=LINE('',#1373,#256);
#185=LINE('',#1374,#257);
#186=LINE('',#1380,#258);
#187=LINE('',#1386,#259);
#188=LINE('',#1392,#260);
#189=LINE('',#1398,#261);
#190=LINE('',#1465,#262);
#191=LINE('',#1489,#263);
#192=LINE('',#1492,#264);
#193=LINE('',#1494,#265);
#194=LINE('',#1495,#266);
#195=LINE('',#1498,#267);
#196=LINE('',#1523,#268);
#197=LINE('',#1548,#269);
#198=LINE('',#1573,#270);
#199=LINE('',#1575,#271);
#200=LINE('',#1577,#272);
#201=LINE('',#1578,#273);
#202=LINE('',#1583,#274);
#203=LINE('',#1587,#275);
#204=LINE('',#1591,#276);
#205=LINE('',#1595,#277);
#206=LINE('',#1599,#278);
#207=LINE('',#1602,#279);
#208=LINE('',#1666,#280);
#209=LINE('',#1669,#281);
#210=LINE('',#1670,#282);
#211=LINE('',#1734,#283);
#212=LINE('',#1737,#284);
#213=LINE('',#1738,#285);
#214=LINE('',#1802,#286);
#215=LINE('',#1804,#287);
#216=LINE('',#1807,#288);
#217=LINE('',#1810,#289);
#218=LINE('',#1813,#290);
#219=LINE('',#1814,#291);
#220=LINE('',#1817,#292);
#221=LINE('',#1820,#293);
#222=LINE('',#1822,#294);
#223=LINE('',#1825,#295);
#224=LINE('',#1828,#296);
#225=LINE('',#1830,#297);
#226=LINE('',#1833,#298);
#227=LINE('',#1837,#299);
#228=LINE('',#1838,#300);
#229=LINE('',#1841,#301);
#230=LINE('',#1844,#302);
#231=LINE('',#1846,#303);
#232=LINE('',#1850,#304);
#233=LINE('',#1852,#305);
#234=LINE('',#1855,#306);
#235=LINE('',#1857,#307);
#236=LINE('',#1858,#308);
#237=LINE('',#1861,#309);
#238=LINE('',#1862,#310);
#239=LINE('',#1865,#311);
#240=LINE('',#1866,#312);
#241=LINE('',#1868,#313);
#242=VECTOR('',#828,10.);
#243=VECTOR('',#829,10.);
#244=VECTOR('',#832,10.);
#245=VECTOR('',#833,10.);
#246=VECTOR('',#834,10.);
#247=VECTOR('',#835,10.);
#248=VECTOR('',#838,10.);
#249=VECTOR('',#839,10.);
#250=VECTOR('',#840,10.);
#251=VECTOR('',#841,10.);
#252=VECTOR('',#842,10.);
#253=VECTOR('',#845,10.);
#254=VECTOR('',#846,10.);
#255=VECTOR('',#847,10.);
#256=VECTOR('',#850,10.);
#257=VECTOR('',#851,10.);
#258=VECTOR('',#858,1.45);
#259=VECTOR('',#865,1.45);
#260=VECTOR('',#872,1.45);
#261=VECTOR('',#879,1.45);
#262=VECTOR('',#882,10.);
#263=VECTOR('',#883,10.);
#264=VECTOR('',#886,10.);
#265=VECTOR('',#887,10.);
#266=VECTOR('',#888,10.);
#267=VECTOR('',#891,10.);
#268=VECTOR('',#892,10.);
#269=VECTOR('',#893,10.);
#270=VECTOR('',#894,10.);
#271=VECTOR('',#895,10.);
#272=VECTOR('',#896,10.);
#273=VECTOR('',#897,10.);
#274=VECTOR('',#900,10.);
#275=VECTOR('',#903,10.);
#276=VECTOR('',#906,10.);
#277=VECTOR('',#909,10.);
#278=VECTOR('',#912,10.);
#279=VECTOR('',#915,10.);
#280=VECTOR('',#916,10.);
#281=VECTOR('',#919,10.);
#282=VECTOR('',#920,10.);
#283=VECTOR('',#921,10.);
#284=VECTOR('',#924,10.);
#285=VECTOR('',#925,10.);
#286=VECTOR('',#926,10.);
#287=VECTOR('',#929,10.);
#288=VECTOR('',#932,10.);
#289=VECTOR('',#935,10.);
#290=VECTOR('',#938,10.);
#291=VECTOR('',#939,10.);
#292=VECTOR('',#942,10.);
#293=VECTOR('',#945,10.);
#294=VECTOR('',#948,10.);
#295=VECTOR('',#951,10.);
#296=VECTOR('',#954,10.);
#297=VECTOR('',#957,10.);
#298=VECTOR('',#960,10.);
#299=VECTOR('',#965,10.);
#300=VECTOR('',#966,10.);
#301=VECTOR('',#969,10.);
#302=VECTOR('',#972,10.);
#303=VECTOR('',#975,10.);
#304=VECTOR('',#980,10.);
#305=VECTOR('',#983,10.);
#306=VECTOR('',#986,10.);
#307=VECTOR('',#987,10.);
#308=VECTOR('',#988,10.);
#309=VECTOR('',#991,10.);
#310=VECTOR('',#992,10.);
#311=VECTOR('',#995,10.);
#312=VECTOR('',#996,10.);
#313=VECTOR('',#999,10.);
#314=B_SPLINE_CURVE_WITH_KNOTS('',3,(#1045,#1046,#1047,#1048,#1049,#1050,
#1051,#1052,#1053,#1054,#1055,#1056,#1057,#1058,#1059,#1060,#1061,#1062,
#1063,#1064,#1065,#1066),.UNSPECIFIED.,.F.,.F.,(4,3,3,3,3,3,3,4),(0.,0.0874244805534378,
0.174848961106876,0.284129561798673,0.349697922213751,0.437122402767189,
0.524546883320627,0.611971363874065),.UNSPECIFIED.);
#315=B_SPLINE_CURVE_WITH_KNOTS('',3,(#1070,#1071,#1072,#1073,#1074,#1075,
#1076,#1077,#1078,#1079,#1080,#1081,#1082,#1083,#1084,#1085,#1086,#1087,
#1088,#1089,#1090,#1091),.UNSPECIFIED.,.F.,.F.,(4,3,3,3,3,3,3,4),(0.,0.0874244805534378,
0.174848961106876,0.284129561798673,0.349697922213751,0.437122402767189,
0.524546883320627,0.611971363874065),.UNSPECIFIED.);
#316=B_SPLINE_CURVE_WITH_KNOTS('',3,(#1140,#1141,#1142,#1143,#1144,#1145,
#1146,#1147,#1148,#1149,#1150,#1151,#1152,#1153,#1154,#1155,#1156,#1157,
#1158,#1159,#1160,#1161),.UNSPECIFIED.,.F.,.F.,(4,3,3,3,3,3,3,4),(0.,0.0874244805534702,
0.17484896110694,0.284129561798778,0.349697922213881,0.437122402767351,
0.524546883320821,0.611971363874292),.UNSPECIFIED.);
#317=B_SPLINE_CURVE_WITH_KNOTS('',3,(#1163,#1164,#1165,#1166,#1167,#1168,
#1169,#1170,#1171,#1172,#1173,#1174,#1175,#1176,#1177,#1178,#1179,#1180,
#1181,#1182,#1183,#1184),.UNSPECIFIED.,.F.,.F.,(4,3,3,3,3,3,3,4),(0.,0.0874244805534702,
0.17484896110694,0.284129561798778,0.349697922213881,0.437122402767351,
0.524546883320821,0.611971363874292),.UNSPECIFIED.);
#318=B_SPLINE_CURVE_WITH_KNOTS('',3,(#1234,#1235,#1236,#1237,#1238,#1239,
#1240,#1241,#1242,#1243,#1244,#1245,#1246,#1247,#1248,#1249,#1250,#1251,
#1252,#1253,#1254,#1255),.UNSPECIFIED.,.F.,.F.,(4,3,3,3,3,3,3,4),(0.,0.0874244805533475,
0.174848961106695,0.28412956179838,0.34969792221339,0.437122402766738,0.524546883320085,
0.611971363873433),.UNSPECIFIED.);
#319=B_SPLINE_CURVE_WITH_KNOTS('',3,(#1259,#1260,#1261,#1262,#1263,#1264,
#1265,#1266,#1267,#1268,#1269,#1270,#1271,#1272,#1273,#1274,#1275,#1276,
#1277,#1278,#1279,#1280),.UNSPECIFIED.,.F.,.F.,(4,3,3,3,3,3,3,4),(0.,0.0874244805533475,
0.174848961106695,0.28412956179838,0.34969792221339,0.437122402766738,0.524546883320085,
0.611971363873433),.UNSPECIFIED.);
#320=B_SPLINE_CURVE_WITH_KNOTS('',3,(#1326,#1327,#1328,#1329,#1330,#1331,
#1332,#1333,#1334,#1335,#1336,#1337,#1338,#1339,#1340,#1341,#1342,#1343,
#1344,#1345,#1346,#1347),.UNSPECIFIED.,.F.,.F.,(4,3,3,3,3,3,3,4),(0.,0.0874244805534675,
0.174848961106935,0.284129561798769,0.34969792221387,0.437122402767338,
0.524546883320805,0.611971363874273),.UNSPECIFIED.);
#321=B_SPLINE_CURVE_WITH_KNOTS('',3,(#1349,#1350,#1351,#1352,#1353,#1354,
#1355,#1356,#1357,#1358,#1359,#1360,#1361,#1362,#1363,#1364,#1365,#1366,
#1367,#1368,#1369,#1370),.UNSPECIFIED.,.F.,.F.,(4,3,3,3,3,3,3,4),(0.,0.0874244805534675,
0.174848961106935,0.284129561798769,0.34969792221387,0.437122402767338,
0.524546883320805,0.611971363874273),.UNSPECIFIED.);
#322=B_SPLINE_CURVE_WITH_KNOTS('',3,(#1442,#1443,#1444,#1445,#1446,#1447,
#1448,#1449,#1450,#1451,#1452,#1453,#1454,#1455,#1456,#1457,#1458,#1459,
#1460,#1461,#1462,#1463),.UNSPECIFIED.,.F.,.F.,(4,3,3,3,3,3,3,4),(0.,0.0971383117258161,
0.194276623451632,0.291414935177448,0.388553246903264,0.48569155862908,
0.582829870354896,0.679968182080712),.UNSPECIFIED.);
#323=B_SPLINE_CURVE_WITH_KNOTS('',3,(#1467,#1468,#1469,#1470,#1471,#1472,
#1473,#1474,#1475,#1476,#1477,#1478,#1479,#1480,#1481,#1482,#1483,#1484,
#1485,#1486,#1487,#1488),.UNSPECIFIED.,.F.,.F.,(4,3,3,3,3,3,3,4),(0.,0.0971383117259348,
0.19427662345187,0.291414935177804,0.388553246903739,0.485691558629674,
0.582829870355609,0.679968182081543),.UNSPECIFIED.);
#324=B_SPLINE_CURVE_WITH_KNOTS('',3,(#1500,#1501,#1502,#1503,#1504,#1505,
#1506,#1507,#1508,#1509,#1510,#1511,#1512,#1513,#1514,#1515,#1516,#1517,
#1518,#1519,#1520,#1521),.UNSPECIFIED.,.F.,.F.,(4,3,3,3,3,3,3,4),(0.,0.0971383117258557,
0.194276623451711,0.291414935177567,0.388553246903423,0.485691558629278,
0.582829870355134,0.67996818208099),.UNSPECIFIED.);
#325=B_SPLINE_CURVE_WITH_KNOTS('',3,(#1525,#1526,#1527,#1528,#1529,#1530,
#1531,#1532,#1533,#1534,#1535,#1536,#1537,#1538,#1539,#1540,#1541,#1542,
#1543,#1544,#1545,#1546),.UNSPECIFIED.,.F.,.F.,(4,3,3,3,3,3,3,4),(0.,0.0971383117261052,
0.19427662345221,0.291414935178316,0.388553246904421,0.485691558630526,
0.582829870356631,0.679968182082736),.UNSPECIFIED.);
#326=B_SPLINE_CURVE_WITH_KNOTS('',3,(#1549,#1550,#1551,#1552,#1553,#1554,
#1555,#1556,#1557,#1558,#1559,#1560,#1561,#1562,#1563,#1564,#1565,#1566,
#1567,#1568,#1569,#1570),.UNSPECIFIED.,.F.,.F.,(4,3,3,3,3,3,3,4),(0.,0.0971383117260131,
0.194276623452026,0.291414935178039,0.388553246904052,0.485691558630065,
0.582829870356079,0.679968182082092),.UNSPECIFIED.);
#327=B_SPLINE_CURVE_WITH_KNOTS('',3,(#1644,#1645,#1646,#1647,#1648,#1649,
#1650,#1651,#1652,#1653,#1654,#1655,#1656,#1657,#1658,#1659,#1660,#1661,
#1662,#1663,#1664,#1665),.UNSPECIFIED.,.F.,.F.,(4,3,3,3,3,3,3,4),(0.,0.0971383117259405,
0.194276623451881,0.291414935177821,0.388553246903762,0.485691558629702,
0.582829870355643,0.679968182081583),.UNSPECIFIED.);
#328=B_SPLINE_CURVE_WITH_KNOTS('',3,(#1712,#1713,#1714,#1715,#1716,#1717,
#1718,#1719,#1720,#1721,#1722,#1723,#1724,#1725,#1726,#1727,#1728,#1729,
#1730,#1731,#1732,#1733),.UNSPECIFIED.,.F.,.F.,(4,3,3,3,3,3,3,4),(0.,0.0971383117258178,
0.194276623451636,0.291414935177454,0.388553246903271,0.485691558629089,
0.582829870354907,0.679968182080725),.UNSPECIFIED.);
#329=B_SPLINE_CURVE_WITH_KNOTS('',3,(#1780,#1781,#1782,#1783,#1784,#1785,
#1786,#1787,#1788,#1789,#1790,#1791,#1792,#1793,#1794,#1795,#1796,#1797,
#1798,#1799,#1800,#1801),.UNSPECIFIED.,.F.,.F.,(4,3,3,3,3,3,3,4),(0.,0.0971383117259558,
0.194276623451912,0.291414935177867,0.388553246903823,0.485691558629779,
0.582829870355735,0.679968182081691),.UNSPECIFIED.);
#330=VERTEX_POINT('',#1043);
#331=VERTEX_POINT('',#1044);
#332=VERTEX_POINT('',#1067);
#333=VERTEX_POINT('',#1069);
#334=VERTEX_POINT('',#1094);
#335=VERTEX_POINT('',#1096);
#336=VERTEX_POINT('',#1139);
#337=VERTEX_POINT('',#1162);
#338=VERTEX_POINT('',#1187);
#339=VERTEX_POINT('',#1189);
#340=VERTEX_POINT('',#1232);
#341=VERTEX_POINT('',#1233);
#342=VERTEX_POINT('',#1256);
#343=VERTEX_POINT('',#1258);
#344=VERTEX_POINT('',#1325);
#345=VERTEX_POINT('',#1348);
#346=VERTEX_POINT('',#1377);
#347=VERTEX_POINT('',#1379);
#348=VERTEX_POINT('',#1383);
#349=VERTEX_POINT('',#1385);
#350=VERTEX_POINT('',#1389);
#351=VERTEX_POINT('',#1391);
#352=VERTEX_POINT('',#1395);
#353=VERTEX_POINT('',#1397);
#354=VERTEX_POINT('',#1440);
#355=VERTEX_POINT('',#1441);
#356=VERTEX_POINT('',#1464);
#357=VERTEX_POINT('',#1466);
#358=VERTEX_POINT('',#1491);
#359=VERTEX_POINT('',#1493);
#360=VERTEX_POINT('',#1497);
#361=VERTEX_POINT('',#1499);
#362=VERTEX_POINT('',#1522);
#363=VERTEX_POINT('',#1524);
#364=VERTEX_POINT('',#1547);
#365=VERTEX_POINT('',#1571);
#366=VERTEX_POINT('',#1572);
#367=VERTEX_POINT('',#1574);
#368=VERTEX_POINT('',#1576);
#369=VERTEX_POINT('',#1579);
#370=VERTEX_POINT('',#1580);
#371=VERTEX_POINT('',#1582);
#372=VERTEX_POINT('',#1584);
#373=VERTEX_POINT('',#1586);
#374=VERTEX_POINT('',#1588);
#375=VERTEX_POINT('',#1590);
#376=VERTEX_POINT('',#1592);
#377=VERTEX_POINT('',#1594);
#378=VERTEX_POINT('',#1596);
#379=VERTEX_POINT('',#1598);
#380=VERTEX_POINT('',#1600);
#381=VERTEX_POINT('',#1643);
#382=VERTEX_POINT('',#1668);
#383=VERTEX_POINT('',#1711);
#384=VERTEX_POINT('',#1736);
#385=VERTEX_POINT('',#1779);
#386=VERTEX_POINT('',#1806);
#387=VERTEX_POINT('',#1808);
#388=VERTEX_POINT('',#1812);
#389=VERTEX_POINT('',#1816);
#390=VERTEX_POINT('',#1818);
#391=VERTEX_POINT('',#1824);
#392=VERTEX_POINT('',#1826);
#393=VERTEX_POINT('',#1832);
#394=VERTEX_POINT('',#1836);
#395=VERTEX_POINT('',#1840);
#396=VERTEX_POINT('',#1842);
#397=VERTEX_POINT('',#1848);
#398=VERTEX_POINT('',#1854);
#399=VERTEX_POINT('',#1856);
#400=VERTEX_POINT('',#1860);
#401=VERTEX_POINT('',#1864);
#402=EDGE_CURVE('',#330,#331,#314,.T.);
#403=EDGE_CURVE('',#330,#332,#170,.T.);
#404=EDGE_CURVE('',#332,#333,#315,.T.);
#405=EDGE_CURVE('',#333,#331,#171,.T.);
#406=EDGE_CURVE('',#334,#333,#172,.T.);
#407=EDGE_CURVE('',#335,#334,#173,.T.);
#408=EDGE_CURVE('',#335,#331,#174,.T.);
#409=EDGE_CURVE('',#335,#336,#316,.T.);
#410=EDGE_CURVE('',#334,#337,#317,.T.);
#411=EDGE_CURVE('',#337,#336,#175,.T.);
#412=EDGE_CURVE('',#338,#337,#176,.T.);
#413=EDGE_CURVE('',#339,#338,#177,.T.);
#414=EDGE_CURVE('',#339,#336,#178,.T.);
#415=EDGE_CURVE('',#340,#341,#318,.T.);
#416=EDGE_CURVE('',#340,#342,#179,.T.);
#417=EDGE_CURVE('',#342,#343,#319,.T.);
#418=EDGE_CURVE('',#343,#341,#180,.T.);
#419=EDGE_CURVE('',#330,#341,#181,.T.);
#420=EDGE_CURVE('',#332,#343,#182,.T.);
#421=EDGE_CURVE('',#339,#344,#320,.T.);
#422=EDGE_CURVE('',#338,#345,#321,.T.);
#423=EDGE_CURVE('',#345,#344,#183,.T.);
#424=EDGE_CURVE('',#340,#344,#184,.T.);
#425=EDGE_CURVE('',#342,#345,#185,.T.);
#426=EDGE_CURVE('',#346,#346,#28,.T.);
#427=EDGE_CURVE('',#346,#347,#186,.T.);
#428=EDGE_CURVE('',#347,#347,#29,.T.);
#429=EDGE_CURVE('',#348,#348,#30,.T.);
#430=EDGE_CURVE('',#348,#349,#187,.T.);
#431=EDGE_CURVE('',#349,#349,#31,.T.);
#432=EDGE_CURVE('',#350,#350,#32,.T.);
#433=EDGE_CURVE('',#350,#351,#188,.T.);
#434=EDGE_CURVE('',#351,#351,#33,.T.);
#435=EDGE_CURVE('',#352,#352,#34,.T.);
#436=EDGE_CURVE('',#352,#353,#189,.T.);
#437=EDGE_CURVE('',#353,#353,#35,.T.);
#438=EDGE_CURVE('',#354,#355,#322,.T.);
#439=EDGE_CURVE('',#355,#356,#190,.T.);
#440=EDGE_CURVE('',#356,#357,#323,.T.);
#441=EDGE_CURVE('',#357,#354,#191,.T.);
#442=EDGE_CURVE('',#357,#358,#192,.T.);
#443=EDGE_CURVE('',#359,#358,#193,.T.);
#444=EDGE_CURVE('',#354,#359,#194,.T.);
#445=EDGE_CURVE('',#360,#356,#195,.T.);
#446=EDGE_CURVE('',#361,#360,#324,.T.);
#447=EDGE_CURVE('',#362,#361,#196,.T.);
#448=EDGE_CURVE('',#363,#362,#325,.T.);
#449=EDGE_CURVE('',#364,#363,#197,.T.);
#450=EDGE_CURVE('',#358,#364,#326,.T.);
#451=EDGE_CURVE('',#365,#366,#198,.T.);
#452=EDGE_CURVE('',#367,#365,#199,.T.);
#453=EDGE_CURVE('',#368,#367,#200,.T.);
#454=EDGE_CURVE('',#366,#368,#201,.T.);
#455=EDGE_CURVE('',#369,#370,#36,.T.);
#456=EDGE_CURVE('',#371,#369,#202,.T.);
#457=EDGE_CURVE('',#372,#371,#37,.T.);
#458=EDGE_CURVE('',#373,#372,#203,.T.);
#459=EDGE_CURVE('',#374,#373,#38,.T.);
#460=EDGE_CURVE('',#375,#374,#204,.T.);
#461=EDGE_CURVE('',#376,#375,#39,.T.);
#462=EDGE_CURVE('',#377,#376,#205,.T.);
#463=EDGE_CURVE('',#378,#377,#40,.T.);
#464=EDGE_CURVE('',#379,#378,#206,.T.);
#465=EDGE_CURVE('',#380,#379,#41,.T.);
#466=EDGE_CURVE('',#370,#380,#207,.T.);
#467=EDGE_CURVE('',#381,#359,#327,.T.);
#468=EDGE_CURVE('',#364,#381,#208,.T.);
#469=EDGE_CURVE('',#382,#363,#209,.T.);
#470=EDGE_CURVE('',#381,#382,#210,.T.);
#471=EDGE_CURVE('',#383,#382,#328,.T.);
#472=EDGE_CURVE('',#362,#383,#211,.T.);
#473=EDGE_CURVE('',#384,#361,#212,.T.);
#474=EDGE_CURVE('',#383,#384,#213,.T.);
#475=EDGE_CURVE('',#385,#384,#329,.T.);
#476=EDGE_CURVE('',#360,#385,#214,.T.);
#477=EDGE_CURVE('',#385,#355,#215,.T.);
#478=EDGE_CURVE('',#373,#386,#216,.T.);
#479=EDGE_CURVE('',#386,#387,#42,.T.);
#480=EDGE_CURVE('',#387,#374,#217,.T.);
#481=EDGE_CURVE('',#388,#372,#218,.T.);
#482=EDGE_CURVE('',#386,#388,#219,.T.);
#483=EDGE_CURVE('',#375,#389,#220,.T.);
#484=EDGE_CURVE('',#389,#390,#43,.T.);
#485=EDGE_CURVE('',#390,#376,#221,.T.);
#486=EDGE_CURVE('',#389,#387,#222,.T.);
#487=EDGE_CURVE('',#377,#391,#223,.T.);
#488=EDGE_CURVE('',#391,#392,#44,.T.);
#489=EDGE_CURVE('',#392,#378,#224,.T.);
#490=EDGE_CURVE('',#391,#390,#225,.T.);
#491=EDGE_CURVE('',#371,#393,#226,.T.);
#492=EDGE_CURVE('',#393,#388,#45,.T.);
#493=EDGE_CURVE('',#394,#369,#227,.T.);
#494=EDGE_CURVE('',#393,#394,#228,.T.);
#495=EDGE_CURVE('',#379,#395,#229,.T.);
#496=EDGE_CURVE('',#395,#396,#46,.T.);
#497=EDGE_CURVE('',#396,#380,#230,.T.);
#498=EDGE_CURVE('',#395,#392,#231,.T.);
#499=EDGE_CURVE('',#397,#394,#47,.T.);
#500=EDGE_CURVE('',#370,#397,#232,.T.);
#501=EDGE_CURVE('',#397,#396,#233,.T.);
#502=EDGE_CURVE('',#365,#398,#234,.T.);
#503=EDGE_CURVE('',#399,#398,#235,.T.);
#504=EDGE_CURVE('',#367,#399,#236,.T.);
#505=EDGE_CURVE('',#400,#399,#237,.T.);
#506=EDGE_CURVE('',#368,#400,#238,.T.);
#507=EDGE_CURVE('',#401,#400,#239,.T.);
#508=EDGE_CURVE('',#366,#401,#240,.T.);
#509=EDGE_CURVE('',#398,#401,#241,.T.);
#510=ORIENTED_EDGE('',*,*,#402,.F.);
#511=ORIENTED_EDGE('',*,*,#403,.T.);
#512=ORIENTED_EDGE('',*,*,#404,.T.);
#513=ORIENTED_EDGE('',*,*,#405,.T.);
#514=ORIENTED_EDGE('',*,*,#405,.F.);
#515=ORIENTED_EDGE('',*,*,#406,.F.);
#516=ORIENTED_EDGE('',*,*,#407,.F.);
#517=ORIENTED_EDGE('',*,*,#408,.T.);
#518=ORIENTED_EDGE('',*,*,#409,.F.);
#519=ORIENTED_EDGE('',*,*,#407,.T.);
#520=ORIENTED_EDGE('',*,*,#410,.T.);
#521=ORIENTED_EDGE('',*,*,#411,.T.);
#522=ORIENTED_EDGE('',*,*,#411,.F.);
#523=ORIENTED_EDGE('',*,*,#412,.F.);
#524=ORIENTED_EDGE('',*,*,#413,.F.);
#525=ORIENTED_EDGE('',*,*,#414,.T.);
#526=ORIENTED_EDGE('',*,*,#415,.F.);
#527=ORIENTED_EDGE('',*,*,#416,.T.);
#528=ORIENTED_EDGE('',*,*,#417,.T.);
#529=ORIENTED_EDGE('',*,*,#418,.T.);
#530=ORIENTED_EDGE('',*,*,#403,.F.);
#531=ORIENTED_EDGE('',*,*,#419,.T.);
#532=ORIENTED_EDGE('',*,*,#418,.F.);
#533=ORIENTED_EDGE('',*,*,#420,.F.);
#534=ORIENTED_EDGE('',*,*,#421,.F.);
#535=ORIENTED_EDGE('',*,*,#413,.T.);
#536=ORIENTED_EDGE('',*,*,#422,.T.);
#537=ORIENTED_EDGE('',*,*,#423,.T.);
#538=ORIENTED_EDGE('',*,*,#416,.F.);
#539=ORIENTED_EDGE('',*,*,#424,.T.);
#540=ORIENTED_EDGE('',*,*,#423,.F.);
#541=ORIENTED_EDGE('',*,*,#425,.F.);
#542=ORIENTED_EDGE('',*,*,#402,.T.);
#543=ORIENTED_EDGE('',*,*,#408,.F.);
#544=ORIENTED_EDGE('',*,*,#409,.T.);
#545=ORIENTED_EDGE('',*,*,#414,.F.);
#546=ORIENTED_EDGE('',*,*,#421,.T.);
#547=ORIENTED_EDGE('',*,*,#424,.F.);
#548=ORIENTED_EDGE('',*,*,#415,.T.);
#549=ORIENTED_EDGE('',*,*,#419,.F.);
#550=ORIENTED_EDGE('',*,*,#426,.F.);
#551=ORIENTED_EDGE('',*,*,#427,.T.);
#552=ORIENTED_EDGE('',*,*,#428,.F.);
#553=ORIENTED_EDGE('',*,*,#427,.F.);
#554=ORIENTED_EDGE('',*,*,#429,.F.);
#555=ORIENTED_EDGE('',*,*,#430,.T.);
#556=ORIENTED_EDGE('',*,*,#431,.F.);
#557=ORIENTED_EDGE('',*,*,#430,.F.);
#558=ORIENTED_EDGE('',*,*,#432,.F.);
#559=ORIENTED_EDGE('',*,*,#433,.T.);
#560=ORIENTED_EDGE('',*,*,#434,.F.);
#561=ORIENTED_EDGE('',*,*,#433,.F.);
#562=ORIENTED_EDGE('',*,*,#435,.F.);
#563=ORIENTED_EDGE('',*,*,#436,.T.);
#564=ORIENTED_EDGE('',*,*,#437,.F.);
#565=ORIENTED_EDGE('',*,*,#436,.F.);
#566=ORIENTED_EDGE('',*,*,#438,.T.);
#567=ORIENTED_EDGE('',*,*,#439,.T.);
#568=ORIENTED_EDGE('',*,*,#440,.T.);
#569=ORIENTED_EDGE('',*,*,#441,.T.);
#570=ORIENTED_EDGE('',*,*,#441,.F.);
#571=ORIENTED_EDGE('',*,*,#442,.T.);
#572=ORIENTED_EDGE('',*,*,#443,.F.);
#573=ORIENTED_EDGE('',*,*,#444,.F.);
#574=ORIENTED_EDGE('',*,*,#440,.F.);
#575=ORIENTED_EDGE('',*,*,#445,.F.);
#576=ORIENTED_EDGE('',*,*,#446,.F.);
#577=ORIENTED_EDGE('',*,*,#447,.F.);
#578=ORIENTED_EDGE('',*,*,#448,.F.);
#579=ORIENTED_EDGE('',*,*,#449,.F.);
#580=ORIENTED_EDGE('',*,*,#450,.F.);
#581=ORIENTED_EDGE('',*,*,#442,.F.);
#582=ORIENTED_EDGE('',*,*,#451,.F.);
#583=ORIENTED_EDGE('',*,*,#452,.F.);
#584=ORIENTED_EDGE('',*,*,#453,.F.);
#585=ORIENTED_EDGE('',*,*,#454,.F.);
#586=ORIENTED_EDGE('',*,*,#455,.F.);
#587=ORIENTED_EDGE('',*,*,#456,.F.);
#588=ORIENTED_EDGE('',*,*,#457,.F.);
#589=ORIENTED_EDGE('',*,*,#458,.F.);
#590=ORIENTED_EDGE('',*,*,#459,.F.);
#591=ORIENTED_EDGE('',*,*,#460,.F.);
#592=ORIENTED_EDGE('',*,*,#461,.F.);
#593=ORIENTED_EDGE('',*,*,#462,.F.);
#594=ORIENTED_EDGE('',*,*,#463,.F.);
#595=ORIENTED_EDGE('',*,*,#464,.F.);
#596=ORIENTED_EDGE('',*,*,#465,.F.);
#597=ORIENTED_EDGE('',*,*,#466,.F.);
#598=ORIENTED_EDGE('',*,*,#437,.T.);
#599=ORIENTED_EDGE('',*,*,#434,.T.);
#600=ORIENTED_EDGE('',*,*,#431,.T.);
#601=ORIENTED_EDGE('',*,*,#428,.T.);
#602=ORIENTED_EDGE('',*,*,#467,.T.);
#603=ORIENTED_EDGE('',*,*,#443,.T.);
#604=ORIENTED_EDGE('',*,*,#450,.T.);
#605=ORIENTED_EDGE('',*,*,#468,.T.);
#606=ORIENTED_EDGE('',*,*,#468,.F.);
#607=ORIENTED_EDGE('',*,*,#449,.T.);
#608=ORIENTED_EDGE('',*,*,#469,.F.);
#609=ORIENTED_EDGE('',*,*,#470,.F.);
#610=ORIENTED_EDGE('',*,*,#471,.T.);
#611=ORIENTED_EDGE('',*,*,#469,.T.);
#612=ORIENTED_EDGE('',*,*,#448,.T.);
#613=ORIENTED_EDGE('',*,*,#472,.T.);
#614=ORIENTED_EDGE('',*,*,#472,.F.);
#615=ORIENTED_EDGE('',*,*,#447,.T.);
#616=ORIENTED_EDGE('',*,*,#473,.F.);
#617=ORIENTED_EDGE('',*,*,#474,.F.);
#618=ORIENTED_EDGE('',*,*,#475,.T.);
#619=ORIENTED_EDGE('',*,*,#473,.T.);
#620=ORIENTED_EDGE('',*,*,#446,.T.);
#621=ORIENTED_EDGE('',*,*,#476,.T.);
#622=ORIENTED_EDGE('',*,*,#439,.F.);
#623=ORIENTED_EDGE('',*,*,#477,.F.);
#624=ORIENTED_EDGE('',*,*,#476,.F.);
#625=ORIENTED_EDGE('',*,*,#445,.T.);
#626=ORIENTED_EDGE('',*,*,#459,.T.);
#627=ORIENTED_EDGE('',*,*,#478,.T.);
#628=ORIENTED_EDGE('',*,*,#479,.T.);
#629=ORIENTED_EDGE('',*,*,#480,.T.);
#630=ORIENTED_EDGE('',*,*,#478,.F.);
#631=ORIENTED_EDGE('',*,*,#458,.T.);
#632=ORIENTED_EDGE('',*,*,#481,.F.);
#633=ORIENTED_EDGE('',*,*,#482,.F.);
#634=ORIENTED_EDGE('',*,*,#461,.T.);
#635=ORIENTED_EDGE('',*,*,#483,.T.);
#636=ORIENTED_EDGE('',*,*,#484,.T.);
#637=ORIENTED_EDGE('',*,*,#485,.T.);
#638=ORIENTED_EDGE('',*,*,#480,.F.);
#639=ORIENTED_EDGE('',*,*,#486,.F.);
#640=ORIENTED_EDGE('',*,*,#483,.F.);
#641=ORIENTED_EDGE('',*,*,#460,.T.);
#642=ORIENTED_EDGE('',*,*,#463,.T.);
#643=ORIENTED_EDGE('',*,*,#487,.T.);
#644=ORIENTED_EDGE('',*,*,#488,.T.);
#645=ORIENTED_EDGE('',*,*,#489,.T.);
#646=ORIENTED_EDGE('',*,*,#485,.F.);
#647=ORIENTED_EDGE('',*,*,#490,.F.);
#648=ORIENTED_EDGE('',*,*,#487,.F.);
#649=ORIENTED_EDGE('',*,*,#462,.T.);
#650=ORIENTED_EDGE('',*,*,#457,.T.);
#651=ORIENTED_EDGE('',*,*,#491,.T.);
#652=ORIENTED_EDGE('',*,*,#492,.T.);
#653=ORIENTED_EDGE('',*,*,#481,.T.);
#654=ORIENTED_EDGE('',*,*,#491,.F.);
#655=ORIENTED_EDGE('',*,*,#456,.T.);
#656=ORIENTED_EDGE('',*,*,#493,.F.);
#657=ORIENTED_EDGE('',*,*,#494,.F.);
#658=ORIENTED_EDGE('',*,*,#465,.T.);
#659=ORIENTED_EDGE('',*,*,#495,.T.);
#660=ORIENTED_EDGE('',*,*,#496,.T.);
#661=ORIENTED_EDGE('',*,*,#497,.T.);
#662=ORIENTED_EDGE('',*,*,#489,.F.);
#663=ORIENTED_EDGE('',*,*,#498,.F.);
#664=ORIENTED_EDGE('',*,*,#495,.F.);
#665=ORIENTED_EDGE('',*,*,#464,.T.);
#666=ORIENTED_EDGE('',*,*,#499,.T.);
#667=ORIENTED_EDGE('',*,*,#493,.T.);
#668=ORIENTED_EDGE('',*,*,#455,.T.);
#669=ORIENTED_EDGE('',*,*,#500,.T.);
#670=ORIENTED_EDGE('',*,*,#497,.F.);
#671=ORIENTED_EDGE('',*,*,#501,.F.);
#672=ORIENTED_EDGE('',*,*,#500,.F.);
#673=ORIENTED_EDGE('',*,*,#466,.T.);
#674=ORIENTED_EDGE('',*,*,#452,.T.);
#675=ORIENTED_EDGE('',*,*,#502,.T.);
#676=ORIENTED_EDGE('',*,*,#503,.F.);
#677=ORIENTED_EDGE('',*,*,#504,.F.);
#678=ORIENTED_EDGE('',*,*,#453,.T.);
#679=ORIENTED_EDGE('',*,*,#504,.T.);
#680=ORIENTED_EDGE('',*,*,#505,.F.);
#681=ORIENTED_EDGE('',*,*,#506,.F.);
#682=ORIENTED_EDGE('',*,*,#454,.T.);
#683=ORIENTED_EDGE('',*,*,#506,.T.);
#684=ORIENTED_EDGE('',*,*,#507,.F.);
#685=ORIENTED_EDGE('',*,*,#508,.F.);
#686=ORIENTED_EDGE('',*,*,#451,.T.);
#687=ORIENTED_EDGE('',*,*,#508,.T.);
#688=ORIENTED_EDGE('',*,*,#509,.F.);
#689=ORIENTED_EDGE('',*,*,#502,.F.);
#690=ORIENTED_EDGE('',*,*,#438,.F.);
#691=ORIENTED_EDGE('',*,*,#444,.T.);
#692=ORIENTED_EDGE('',*,*,#467,.F.);
#693=ORIENTED_EDGE('',*,*,#470,.T.);
#694=ORIENTED_EDGE('',*,*,#471,.F.);
#695=ORIENTED_EDGE('',*,*,#474,.T.);
#696=ORIENTED_EDGE('',*,*,#475,.F.);
#697=ORIENTED_EDGE('',*,*,#477,.T.);
#698=ORIENTED_EDGE('',*,*,#406,.T.);
#699=ORIENTED_EDGE('',*,*,#404,.F.);
#700=ORIENTED_EDGE('',*,*,#420,.T.);
#701=ORIENTED_EDGE('',*,*,#417,.F.);
#702=ORIENTED_EDGE('',*,*,#425,.T.);
#703=ORIENTED_EDGE('',*,*,#422,.F.);
#704=ORIENTED_EDGE('',*,*,#412,.T.);
#705=ORIENTED_EDGE('',*,*,#410,.F.);
#706=ORIENTED_EDGE('',*,*,#509,.T.);
#707=ORIENTED_EDGE('',*,*,#507,.T.);
#708=ORIENTED_EDGE('',*,*,#505,.T.);
#709=ORIENTED_EDGE('',*,*,#503,.T.);
#710=ORIENTED_EDGE('',*,*,#499,.F.);
#711=ORIENTED_EDGE('',*,*,#501,.T.);
#712=ORIENTED_EDGE('',*,*,#496,.F.);
#713=ORIENTED_EDGE('',*,*,#498,.T.);
#714=ORIENTED_EDGE('',*,*,#488,.F.);
#715=ORIENTED_EDGE('',*,*,#490,.T.);
#716=ORIENTED_EDGE('',*,*,#484,.F.);
#717=ORIENTED_EDGE('',*,*,#486,.T.);
#718=ORIENTED_EDGE('',*,*,#479,.F.);
#719=ORIENTED_EDGE('',*,*,#482,.T.);
#720=ORIENTED_EDGE('',*,*,#492,.F.);
#721=ORIENTED_EDGE('',*,*,#494,.T.);
#722=ORIENTED_EDGE('',*,*,#435,.T.);
#723=ORIENTED_EDGE('',*,*,#432,.T.);
#724=ORIENTED_EDGE('',*,*,#429,.T.);
#725=ORIENTED_EDGE('',*,*,#426,.T.);
#726=B_SPLINE_SURFACE_WITH_KNOTS('',3,3,((#1003,#1004,#1005,#1006),(#1007,
#1008,#1009,#1010),(#1011,#1012,#1013,#1014),(#1015,#1016,#1017,#1018),
(#1019,#1020,#1021,#1022),(#1023,#1024,#1025,#1026),(#1027,#1028,#1029,
#1030),(#1031,#1032,#1033,#1034),(#1035,#1036,#1037,#1038),(#1039,#1040,
#1041,#1042)),.UNSPECIFIED.,.F.,.F.,.F.,(4,1,1,1,1,1,1,4),(4,4),(0.,0.142857142857143,
0.285714285714286,0.464285714285714,0.571428571428571,0.714285714285714,
0.857142857142857,1.),(-1.11022302462516E-16,0.1),.UNSPECIFIED.);
#727=B_SPLINE_SURFACE_WITH_KNOTS('',3,3,((#1099,#1100,#1101,#1102),(#1103,
#1104,#1105,#1106),(#1107,#1108,#1109,#1110),(#1111,#1112,#1113,#1114),
(#1115,#1116,#1117,#1118),(#1119,#1120,#1121,#1122),(#1123,#1124,#1125,
#1126),(#1127,#1128,#1129,#1130),(#1131,#1132,#1133,#1134),(#1135,#1136,
#1137,#1138)),.UNSPECIFIED.,.F.,.F.,.F.,(4,1,1,1,1,1,1,4),(4,4),(0.,0.142857142857143,
0.285714285714286,0.464285714285714,0.571428571428571,0.714285714285714,
0.857142857142857,1.),(-1.11022302462516E-16,0.1),.UNSPECIFIED.);
#728=B_SPLINE_SURFACE_WITH_KNOTS('',3,3,((#1192,#1193,#1194,#1195),(#1196,
#1197,#1198,#1199),(#1200,#1201,#1202,#1203),(#1204,#1205,#1206,#1207),
(#1208,#1209,#1210,#1211),(#1212,#1213,#1214,#1215),(#1216,#1217,#1218,
#1219),(#1220,#1221,#1222,#1223),(#1224,#1225,#1226,#1227),(#1228,#1229,
#1230,#1231)),.UNSPECIFIED.,.F.,.F.,.F.,(4,1,1,1,1,1,1,4),(4,4),(0.,0.142857142857143,
0.285714285714286,0.464285714285714,0.571428571428571,0.714285714285714,
0.857142857142857,1.),(-1.11022302462516E-16,0.1),.UNSPECIFIED.);
#729=B_SPLINE_SURFACE_WITH_KNOTS('',3,3,((#1285,#1286,#1287,#1288),(#1289,
#1290,#1291,#1292),(#1293,#1294,#1295,#1296),(#1297,#1298,#1299,#1300),
(#1301,#1302,#1303,#1304),(#1305,#1306,#1307,#1308),(#1309,#1310,#1311,
#1312),(#1313,#1314,#1315,#1316),(#1317,#1318,#1319,#1320),(#1321,#1322,
#1323,#1324)),.UNSPECIFIED.,.F.,.F.,.F.,(4,1,1,1,1,1,1,4),(4,4),(0.,0.142857142857143,
0.285714285714286,0.464285714285714,0.571428571428571,0.714285714285714,
0.857142857142857,1.),(-1.11022302462516E-16,0.1),.UNSPECIFIED.);
#730=B_SPLINE_SURFACE_WITH_KNOTS('',3,3,((#1400,#1401,#1402,#1403),(#1404,
#1405,#1406,#1407),(#1408,#1409,#1410,#1411),(#1412,#1413,#1414,#1415),
(#1416,#1417,#1418,#1419),(#1420,#1421,#1422,#1423),(#1424,#1425,#1426,
#1427),(#1428,#1429,#1430,#1431),(#1432,#1433,#1434,#1435),(#1436,#1437,
#1438,#1439)),.UNSPECIFIED.,.F.,.F.,.F.,(4,1,1,1,1,1,1,4),(4,4),(0.,0.142857142857143,
0.285714285714286,0.428571428571429,0.571428571428571,0.714285714285714,
0.857142857142857,1.),(0.,0.3),.UNSPECIFIED.);
#731=B_SPLINE_SURFACE_WITH_KNOTS('',3,3,((#1603,#1604,#1605,#1606),(#1607,
#1608,#1609,#1610),(#1611,#1612,#1613,#1614),(#1615,#1616,#1617,#1618),
(#1619,#1620,#1621,#1622),(#1623,#1624,#1625,#1626),(#1627,#1628,#1629,
#1630),(#1631,#1632,#1633,#1634),(#1635,#1636,#1637,#1638),(#1639,#1640,
#1641,#1642)),.UNSPECIFIED.,.F.,.F.,.F.,(4,1,1,1,1,1,1,4),(4,4),(0.,0.142857142857143,
0.285714285714286,0.428571428571429,0.571428571428571,0.714285714285714,
0.857142857142857,1.),(0.,0.3),.UNSPECIFIED.);
#732=B_SPLINE_SURFACE_WITH_KNOTS('',3,3,((#1671,#1672,#1673,#1674),(#1675,
#1676,#1677,#1678),(#1679,#1680,#1681,#1682),(#1683,#1684,#1685,#1686),
(#1687,#1688,#1689,#1690),(#1691,#1692,#1693,#1694),(#1695,#1696,#1697,
#1698),(#1699,#1700,#1701,#1702),(#1703,#1704,#1705,#1706),(#1707,#1708,
#1709,#1710)),.UNSPECIFIED.,.F.,.F.,.F.,(4,1,1,1,1,1,1,4),(4,4),(0.,0.142857142857143,
0.285714285714286,0.428571428571429,0.571428571428571,0.714285714285714,
0.857142857142857,1.),(0.,0.3),.UNSPECIFIED.);
#733=B_SPLINE_SURFACE_WITH_KNOTS('',3,3,((#1739,#1740,#1741,#1742),(#1743,
#1744,#1745,#1746),(#1747,#1748,#1749,#1750),(#1751,#1752,#1753,#1754),
(#1755,#1756,#1757,#1758),(#1759,#1760,#1761,#1762),(#1763,#1764,#1765,
#1766),(#1767,#1768,#1769,#1770),(#1771,#1772,#1773,#1774),(#1775,#1776,
#1777,#1778)),.UNSPECIFIED.,.F.,.F.,.F.,(4,1,1,1,1,1,1,4),(4,4),(0.,0.142857142857143,
0.285714285714286,0.428571428571429,0.571428571428571,0.714285714285714,
0.857142857142857,1.),(0.,0.3),.UNSPECIFIED.);
#734=ADVANCED_FACE('',(#79),#726,.T.);
#735=ADVANCED_FACE('',(#80),#58,.F.);
#736=ADVANCED_FACE('',(#81),#727,.T.);
#737=ADVANCED_FACE('',(#82),#59,.F.);
#738=ADVANCED_FACE('',(#83),#728,.T.);
#739=ADVANCED_FACE('',(#84),#60,.F.);
#740=ADVANCED_FACE('',(#85),#729,.T.);
#741=ADVANCED_FACE('',(#86),#61,.F.);
#742=ADVANCED_FACE('',(#87),#62,.F.);
#743=ADVANCED_FACE('',(#88),#48,.F.);
#744=ADVANCED_FACE('',(#89),#49,.F.);
#745=ADVANCED_FACE('',(#90),#50,.F.);
#746=ADVANCED_FACE('',(#91),#51,.F.);
#747=ADVANCED_FACE('',(#92),#730,.F.);
#748=ADVANCED_FACE('',(#93),#63,.T.);
#749=ADVANCED_FACE('',(#94,#15,#16,#17,#18,#19,#20),#64,.F.);
#750=ADVANCED_FACE('',(#95),#731,.F.);
#751=ADVANCED_FACE('',(#96),#65,.T.);
#752=ADVANCED_FACE('',(#97),#732,.F.);
#753=ADVANCED_FACE('',(#98),#66,.T.);
#754=ADVANCED_FACE('',(#99),#733,.F.);
#755=ADVANCED_FACE('',(#100),#67,.T.);
#756=ADVANCED_FACE('',(#101),#52,.F.);
#757=ADVANCED_FACE('',(#102),#68,.T.);
#758=ADVANCED_FACE('',(#103),#53,.F.);
#759=ADVANCED_FACE('',(#104),#69,.T.);
#760=ADVANCED_FACE('',(#105),#54,.F.);
#761=ADVANCED_FACE('',(#106),#70,.T.);
#762=ADVANCED_FACE('',(#107),#55,.F.);
#763=ADVANCED_FACE('',(#108),#71,.T.);
#764=ADVANCED_FACE('',(#109),#56,.F.);
#765=ADVANCED_FACE('',(#110),#72,.T.);
#766=ADVANCED_FACE('',(#111),#57,.T.);
#767=ADVANCED_FACE('',(#112),#73,.T.);
#768=ADVANCED_FACE('',(#113),#74,.T.);
#769=ADVANCED_FACE('',(#114),#75,.T.);
#770=ADVANCED_FACE('',(#115),#76,.T.);
#771=ADVANCED_FACE('',(#116),#77,.T.);
#772=ADVANCED_FACE('',(#117,#21,#22,#23,#24,#25,#26,#27),#78,.T.);
#773=CLOSED_SHELL('',(#734,#735,#736,#737,#738,#739,#740,#741,#742,#743,
#744,#745,#746,#747,#748,#749,#750,#751,#752,#753,#754,#755,#756,#757,#758,
#759,#760,#761,#762,#763,#764,#765,#766,#767,#768,#769,#770,#771,#772));
#774=AXIS2_PLACEMENT_3D('',#1002,#826,#827);
#775=AXIS2_PLACEMENT_3D('',#1093,#830,#831);
#776=AXIS2_PLACEMENT_3D('',#1186,#836,#837);
#777=AXIS2_PLACEMENT_3D('',#1282,#843,#844);
#778=AXIS2_PLACEMENT_3D('',#1372,#848,#849);
#779=AXIS2_PLACEMENT_3D('',#1375,#852,#853);
#780=AXIS2_PLACEMENT_3D('',#1376,#854,#855);
#781=AXIS2_PLACEMENT_3D('',#1378,#856,#857);
#782=AXIS2_PLACEMENT_3D('',#1381,#859,#860);
#783=AXIS2_PLACEMENT_3D('',#1382,#861,#862);
#784=AXIS2_PLACEMENT_3D('',#1384,#863,#864);
#785=AXIS2_PLACEMENT_3D('',#1387,#866,#867);
#786=AXIS2_PLACEMENT_3D('',#1388,#868,#869);
#787=AXIS2_PLACEMENT_3D('',#1390,#870,#871);
#788=AXIS2_PLACEMENT_3D('',#1393,#873,#874);
#789=AXIS2_PLACEMENT_3D('',#1394,#875,#876);
#790=AXIS2_PLACEMENT_3D('',#1396,#877,#878);
#791=AXIS2_PLACEMENT_3D('',#1399,#880,#881);
#792=AXIS2_PLACEMENT_3D('',#1490,#884,#885);
#793=AXIS2_PLACEMENT_3D('',#1496,#889,#890);
#794=AXIS2_PLACEMENT_3D('',#1581,#898,#899);
#795=AXIS2_PLACEMENT_3D('',#1585,#901,#902);
#796=AXIS2_PLACEMENT_3D('',#1589,#904,#905);
#797=AXIS2_PLACEMENT_3D('',#1593,#907,#908);
#798=AXIS2_PLACEMENT_3D('',#1597,#910,#911);
#799=AXIS2_PLACEMENT_3D('',#1601,#913,#914);
#800=AXIS2_PLACEMENT_3D('',#1667,#917,#918);
#801=AXIS2_PLACEMENT_3D('',#1735,#922,#923);
#802=AXIS2_PLACEMENT_3D('',#1803,#927,#928);
#803=AXIS2_PLACEMENT_3D('',#1805,#930,#931);
#804=AXIS2_PLACEMENT_3D('',#1809,#933,#934);
#805=AXIS2_PLACEMENT_3D('',#1811,#936,#937);
#806=AXIS2_PLACEMENT_3D('',#1815,#940,#941);
#807=AXIS2_PLACEMENT_3D('',#1819,#943,#944);
#808=AXIS2_PLACEMENT_3D('',#1821,#946,#947);
#809=AXIS2_PLACEMENT_3D('',#1823,#949,#950);
#810=AXIS2_PLACEMENT_3D('',#1827,#952,#953);
#811=AXIS2_PLACEMENT_3D('',#1829,#955,#956);
#812=AXIS2_PLACEMENT_3D('',#1831,#958,#959);
#813=AXIS2_PLACEMENT_3D('',#1834,#961,#962);
#814=AXIS2_PLACEMENT_3D('',#1835,#963,#964);
#815=AXIS2_PLACEMENT_3D('',#1839,#967,#968);
#816=AXIS2_PLACEMENT_3D('',#1843,#970,#971);
#817=AXIS2_PLACEMENT_3D('',#1845,#973,#974);
#818=AXIS2_PLACEMENT_3D('',#1847,#976,#977);
#819=AXIS2_PLACEMENT_3D('',#1849,#978,#979);
#820=AXIS2_PLACEMENT_3D('',#1851,#981,#982);
#821=AXIS2_PLACEMENT_3D('',#1853,#984,#985);
#822=AXIS2_PLACEMENT_3D('',#1859,#989,#990);
#823=AXIS2_PLACEMENT_3D('',#1863,#993,#994);
#824=AXIS2_PLACEMENT_3D('',#1867,#997,#998);
#825=AXIS2_PLACEMENT_3D('',#1869,#1000,#1001);
#826=DIRECTION('axis',(0.,0.,1.));
#827=DIRECTION('refdir',(1.,0.,0.));
#828=DIRECTION('',(0.,0.,1.));
#829=DIRECTION('',(0.,0.,-1.));
#830=DIRECTION('center_axis',(1.,0.,0.));
#831=DIRECTION('ref_axis',(0.,-1.,0.));
#832=DIRECTION('',(0.,-1.,0.));
#833=DIRECTION('',(0.,0.,1.));
#834=DIRECTION('',(0.,-1.,0.));
#835=DIRECTION('',(0.,0.,-1.));
#836=DIRECTION('center_axis',(0.,1.,0.));
#837=DIRECTION('ref_axis',(1.,0.,0.));
#838=DIRECTION('',(1.,0.,0.));
#839=DIRECTION('',(0.,0.,1.));
#840=DIRECTION('',(1.,0.,0.));
#841=DIRECTION('',(0.,0.,1.));
#842=DIRECTION('',(0.,0.,-1.));
#843=DIRECTION('center_axis',(0.,-1.,0.));
#844=DIRECTION('ref_axis',(-1.,0.,0.));
#845=DIRECTION('',(-1.,0.,0.));
#846=DIRECTION('',(-1.,0.,0.));
#847=DIRECTION('',(0.,0.,-1.));
#848=DIRECTION('center_axis',(-1.,0.,0.));
#849=DIRECTION('ref_axis',(0.,1.,0.));
#850=DIRECTION('',(0.,1.,0.));
#851=DIRECTION('',(0.,1.,0.));
#852=DIRECTION('center_axis',(0.,0.,-1.));
#853=DIRECTION('ref_axis',(-1.,0.,0.));
#854=DIRECTION('center_axis',(0.,0.,-1.));
#855=DIRECTION('ref_axis',(-1.,0.,0.));
#856=DIRECTION('center_axis',(0.,0.,-1.));
#857=DIRECTION('ref_axis',(-1.,0.,0.));
#858=DIRECTION('',(0.,0.,-1.));
#859=DIRECTION('center_axis',(0.,0.,1.));
#860=DIRECTION('ref_axis',(-1.,0.,0.));
#861=DIRECTION('center_axis',(0.,0.,-1.));
#862=DIRECTION('ref_axis',(-1.,0.,0.));
#863=DIRECTION('center_axis',(0.,0.,-1.));
#864=DIRECTION('ref_axis',(-1.,0.,0.));
#865=DIRECTION('',(0.,0.,-1.));
#866=DIRECTION('center_axis',(0.,0.,1.));
#867=DIRECTION('ref_axis',(-1.,0.,0.));
#868=DIRECTION('center_axis',(0.,0.,-1.));
#869=DIRECTION('ref_axis',(-1.,0.,0.));
#870=DIRECTION('center_axis',(0.,0.,-1.));
#871=DIRECTION('ref_axis',(-1.,0.,0.));
#872=DIRECTION('',(0.,0.,-1.));
#873=DIRECTION('center_axis',(0.,0.,1.));
#874=DIRECTION('ref_axis',(-1.,0.,0.));
#875=DIRECTION('center_axis',(0.,0.,-1.));
#876=DIRECTION('ref_axis',(-1.,0.,0.));
#877=DIRECTION('center_axis',(0.,0.,-1.));
#878=DIRECTION('ref_axis',(-1.,0.,0.));
#879=DIRECTION('',(0.,0.,-1.));
#880=DIRECTION('center_axis',(0.,0.,1.));
#881=DIRECTION('ref_axis',(-1.,0.,0.));
#882=DIRECTION('',(0.,0.,-1.));
#883=DIRECTION('',(0.,0.,1.));
#884=DIRECTION('center_axis',(0.,1.,0.));
#885=DIRECTION('ref_axis',(-1.,0.,0.));
#886=DIRECTION('',(-1.,0.,0.));
#887=DIRECTION('',(0.,0.,-1.));
#888=DIRECTION('',(-1.,0.,0.));
#889=DIRECTION('center_axis',(0.,0.,1.));
#890=DIRECTION('ref_axis',(-1.,0.,0.));
#891=DIRECTION('',(0.,1.,0.));
#892=DIRECTION('',(1.,0.,0.));
#893=DIRECTION('',(0.,-1.,0.));
#894=DIRECTION('',(-1.,0.,0.));
#895=DIRECTION('',(0.,-1.,0.));
#896=DIRECTION('',(1.,0.,0.));
#897=DIRECTION('',(0.,1.,0.));
#898=DIRECTION('center_axis',(0.,0.,1.));
#899=DIRECTION('ref_axis',(0.707106781186548,-0.707106781186548,0.));
#900=DIRECTION('',(1.,0.,0.));
#901=DIRECTION('center_axis',(0.,0.,-1.));
#902=DIRECTION('ref_axis',(-0.707106781186539,0.707106781186556,0.));
#903=DIRECTION('',(0.,1.,0.));
#904=DIRECTION('center_axis',(0.,0.,-1.));
#905=DIRECTION('ref_axis',(-0.707106781186548,-0.707106781186548,0.));
#906=DIRECTION('',(-1.,0.,0.));
#907=DIRECTION('center_axis',(0.,0.,-1.));
#908=DIRECTION('ref_axis',(0.707106781186539,-0.707106781186556,0.));
#909=DIRECTION('',(0.,-1.,0.));
#910=DIRECTION('center_axis',(0.,0.,-1.));
#911=DIRECTION('ref_axis',(0.707106781186543,0.707106781186552,0.));
#912=DIRECTION('',(1.,0.,0.));
#913=DIRECTION('center_axis',(0.,0.,-1.));
#914=DIRECTION('ref_axis',(-0.707106781186543,0.707106781186552,0.));
#915=DIRECTION('',(0.,1.,0.));
#916=DIRECTION('',(0.,0.,1.));
#917=DIRECTION('center_axis',(-1.,0.,0.));
#918=DIRECTION('ref_axis',(0.,-1.,0.));
#919=DIRECTION('',(0.,0.,-1.));
#920=DIRECTION('',(0.,-1.,0.));
#921=DIRECTION('',(0.,0.,1.));
#922=DIRECTION('center_axis',(0.,-1.,0.));
#923=DIRECTION('ref_axis',(1.,0.,0.));
#924=DIRECTION('',(0.,0.,-1.));
#925=DIRECTION('',(1.,0.,0.));
#926=DIRECTION('',(0.,0.,1.));
#927=DIRECTION('center_axis',(1.,0.,0.));
#928=DIRECTION('ref_axis',(0.,1.,0.));
#929=DIRECTION('',(0.,1.,0.));
#930=DIRECTION('center_axis',(0.,0.,1.));
#931=DIRECTION('ref_axis',(-0.707106781186548,-0.707106781186548,0.));
#932=DIRECTION('',(0.,0.,1.));
#933=DIRECTION('center_axis',(0.,0.,1.));
#934=DIRECTION('ref_axis',(-0.707106781186548,-0.707106781186548,0.));
#935=DIRECTION('',(0.,0.,-1.));
#936=DIRECTION('center_axis',(1.,0.,0.));
#937=DIRECTION('ref_axis',(0.,1.,0.));
#938=DIRECTION('',(0.,0.,-1.));
#939=DIRECTION('',(0.,1.,0.));
#940=DIRECTION('center_axis',(0.,0.,1.));
#941=DIRECTION('ref_axis',(0.707106781186539,-0.707106781186556,0.));
#942=DIRECTION('',(0.,0.,1.));
#943=DIRECTION('center_axis',(0.,0.,1.));
#944=DIRECTION('ref_axis',(0.707106781186539,-0.707106781186556,0.));
#945=DIRECTION('',(0.,0.,-1.));
#946=DIRECTION('center_axis',(0.,1.,0.));
#947=DIRECTION('ref_axis',(-1.,0.,0.));
#948=DIRECTION('',(-1.,0.,0.));
#949=DIRECTION('center_axis',(0.,0.,1.));
#950=DIRECTION('ref_axis',(0.707106781186543,0.707106781186552,0.));
#951=DIRECTION('',(0.,0.,1.));
#952=DIRECTION('center_axis',(0.,0.,1.));
#953=DIRECTION('ref_axis',(0.707106781186543,0.707106781186552,0.));
#954=DIRECTION('',(0.,0.,-1.));
#955=DIRECTION('center_axis',(-1.,0.,0.));
#956=DIRECTION('ref_axis',(0.,-1.,0.));
#957=DIRECTION('',(0.,-1.,0.));
#958=DIRECTION('center_axis',(0.,0.,1.));
#959=DIRECTION('ref_axis',(-0.707106781186539,0.707106781186556,0.));
#960=DIRECTION('',(0.,0.,1.));
#961=DIRECTION('center_axis',(0.,0.,1.));
#962=DIRECTION('ref_axis',(-0.707106781186539,0.707106781186556,0.));
#963=DIRECTION('center_axis',(0.,-1.,0.));
#964=DIRECTION('ref_axis',(1.,0.,0.));
#965=DIRECTION('',(0.,0.,-1.));
#966=DIRECTION('',(1.,0.,0.));
#967=DIRECTION('center_axis',(0.,0.,1.));
#968=DIRECTION('ref_axis',(-0.707106781186543,0.707106781186552,0.));
#969=DIRECTION('',(0.,0.,1.));
#970=DIRECTION('center_axis',(0.,0.,1.));
#971=DIRECTION('ref_axis',(-0.707106781186543,0.707106781186552,0.));
#972=DIRECTION('',(0.,0.,-1.));
#973=DIRECTION('center_axis',(0.,-1.,0.));
#974=DIRECTION('ref_axis',(1.,0.,0.));
#975=DIRECTION('',(1.,0.,0.));
#976=DIRECTION('center_axis',(0.,0.,1.));
#977=DIRECTION('ref_axis',(0.707106781186548,-0.707106781186548,0.));
#978=DIRECTION('center_axis',(0.,0.,-1.));
#979=DIRECTION('ref_axis',(0.707106781186548,-0.707106781186548,0.));
#980=DIRECTION('',(0.,0.,1.));
#981=DIRECTION('center_axis',(1.,0.,0.));
#982=DIRECTION('ref_axis',(0.,1.,0.));
#983=DIRECTION('',(0.,1.,0.));
#984=DIRECTION('center_axis',(-1.,0.,0.));
#985=DIRECTION('ref_axis',(0.,-1.,0.));
#986=DIRECTION('',(0.,0.,1.));
#987=DIRECTION('',(0.,-1.,0.));
#988=DIRECTION('',(0.,0.,1.));
#989=DIRECTION('center_axis',(0.,-1.,0.));
#990=DIRECTION('ref_axis',(1.,0.,0.));
#991=DIRECTION('',(1.,0.,0.));
#992=DIRECTION('',(0.,0.,1.));
#993=DIRECTION('center_axis',(1.,0.,0.));
#994=DIRECTION('ref_axis',(0.,1.,0.));
#995=DIRECTION('',(0.,1.,0.));
#996=DIRECTION('',(0.,0.,1.));
#997=DIRECTION('center_axis',(0.,1.,0.));
#998=DIRECTION('ref_axis',(-1.,0.,0.));
#999=DIRECTION('',(-1.,0.,0.));
#1000=DIRECTION('center_axis',(0.,0.,1.));
#1001=DIRECTION('ref_axis',(1.,0.,0.));
#1002=CARTESIAN_POINT('',(0.,0.,0.));
#1003=CARTESIAN_POINT('Ctrl Pts',(200.500003054738,-88.0000013113022,15.));
#1004=CARTESIAN_POINT('Ctrl Pts',(200.500003054738,-88.0000013113022,14.6666666666667));
#1005=CARTESIAN_POINT('Ctrl Pts',(200.500003054738,-88.0000013113022,14.3333333333333));
#1006=CARTESIAN_POINT('Ctrl Pts',(200.500003054738,-88.0000013113022,14.));
#1007=CARTESIAN_POINT('Ctrl Pts',(200.836602267623,-88.0000013113022,15.));
#1008=CARTESIAN_POINT('Ctrl Pts',(200.836602267623,-88.0000013113022,14.6666666666667));
#1009=CARTESIAN_POINT('Ctrl Pts',(200.836602267623,-88.0000013113022,14.3333333333333));
#1010=CARTESIAN_POINT('Ctrl Pts',(200.836602267623,-88.0000013113022,14.));
#1011=CARTESIAN_POINT('Ctrl Pts',(201.502971918771,-87.9959147334021,15.));
#1012=CARTESIAN_POINT('Ctrl Pts',(201.502971918771,-87.9959147334021,14.6666666666667));
#1013=CARTESIAN_POINT('Ctrl Pts',(201.502971918771,-87.9959147334021,14.3333333333333));
#1014=CARTESIAN_POINT('Ctrl Pts',(201.502971918771,-87.9959147334021,14.));
#1015=CARTESIAN_POINT('Ctrl Pts',(202.576496612105,-87.7575829191853,15.));
#1016=CARTESIAN_POINT('Ctrl Pts',(202.576496612105,-87.7575829191853,14.6666666666667));
#1017=CARTESIAN_POINT('Ctrl Pts',(202.576496612105,-87.7575829191853,14.3333333333333));
#1018=CARTESIAN_POINT('Ctrl Pts',(202.576496612105,-87.7575829191853,14.));
#1019=CARTESIAN_POINT('Ctrl Pts',(203.518460084831,-87.1861333089281,15.));
#1020=CARTESIAN_POINT('Ctrl Pts',(203.518460084831,-87.1861333089281,14.6666666666667));
#1021=CARTESIAN_POINT('Ctrl Pts',(203.518460084831,-87.1861333089281,14.3333333333333));
#1022=CARTESIAN_POINT('Ctrl Pts',(203.518460084831,-87.1861333089281,14.));
#1023=CARTESIAN_POINT('Ctrl Pts',(204.290315143232,-86.3606726057631,15.));
#1024=CARTESIAN_POINT('Ctrl Pts',(204.290315143232,-86.3606726057631,14.6666666666667));
#1025=CARTESIAN_POINT('Ctrl Pts',(204.290315143232,-86.3606726057631,14.3333333333333));
#1026=CARTESIAN_POINT('Ctrl Pts',(204.290315143232,-86.3606726057631,14.));
#1027=CARTESIAN_POINT('Ctrl Pts',(204.774763000279,-85.4946612856769,15.));
#1028=CARTESIAN_POINT('Ctrl Pts',(204.774763000279,-85.4946612856769,14.6666666666667));
#1029=CARTESIAN_POINT('Ctrl Pts',(204.774763000279,-85.4946612856769,14.3333333333333));
#1030=CARTESIAN_POINT('Ctrl Pts',(204.774763000279,-85.4946612856769,14.));
#1031=CARTESIAN_POINT('Ctrl Pts',(204.99660067547,-84.5024633043151,15.));
#1032=CARTESIAN_POINT('Ctrl Pts',(204.99660067547,-84.5024633043151,14.6666666666667));
#1033=CARTESIAN_POINT('Ctrl Pts',(204.99660067547,-84.5024633043151,14.3333333333333));
#1034=CARTESIAN_POINT('Ctrl Pts',(204.99660067547,-84.5024633043151,14.));
#1035=CARTESIAN_POINT('Ctrl Pts',(205.000003054738,-83.8366005241868,15.));
#1036=CARTESIAN_POINT('Ctrl Pts',(205.000003054738,-83.8366005241868,14.6666666666667));
#1037=CARTESIAN_POINT('Ctrl Pts',(205.000003054738,-83.8366005241868,14.3333333333333));
#1038=CARTESIAN_POINT('Ctrl Pts',(205.000003054738,-83.8366005241868,14.));
#1039=CARTESIAN_POINT('Ctrl Pts',(205.000003054738,-83.5000013113022,15.));
#1040=CARTESIAN_POINT('Ctrl Pts',(205.000003054738,-83.5000013113022,14.6666666666667));
#1041=CARTESIAN_POINT('Ctrl Pts',(205.000003054738,-83.5000013113022,14.3333333333333));
#1042=CARTESIAN_POINT('Ctrl Pts',(205.000003054738,-83.5000013113022,14.));
#1043=CARTESIAN_POINT('',(200.500003054738,-88.0000013113022,14.));
#1044=CARTESIAN_POINT('',(205.000003054738,-83.5000013113022,14.));
#1045=CARTESIAN_POINT('Ctrl Pts',(200.500003054738,-88.0000013113022,14.));
#1046=CARTESIAN_POINT('Ctrl Pts',(200.836602267623,-88.0000013113022,14.));
#1047=CARTESIAN_POINT('Ctrl Pts',(201.169787093197,-87.9979580223521,14.));
#1048=CARTESIAN_POINT('Ctrl Pts',(201.501537151112,-87.9602699449207,14.));
#1049=CARTESIAN_POINT('Ctrl Pts',(201.833287209028,-87.9225818674892,14.));
#1050=CARTESIAN_POINT('Ctrl Pts',(202.163602499284,-87.8492490015763,14.));
#1051=CARTESIAN_POINT('Ctrl Pts',(202.486661137979,-87.7238493189941,14.));
#1052=CARTESIAN_POINT('Ctrl Pts',(202.890484436347,-87.5670997157662,14.));
#1053=CARTESIAN_POINT('Ctrl Pts',(203.28296921665,-87.3289957114924,14.));
#1054=CARTESIAN_POINT('Ctrl Pts',(203.631154930722,-87.0247429851072,14.));
#1055=CARTESIAN_POINT('Ctrl Pts',(203.840066359165,-86.842191349276,14.));
#1056=CARTESIAN_POINT('Ctrl Pts',(204.033030123765,-86.6358261734847,14.));
#1057=CARTESIAN_POINT('Ctrl Pts',(204.199918907607,-86.416681113542,14.));
#1058=CARTESIAN_POINT('Ctrl Pts',(204.422437286063,-86.124487700285,14.));
#1059=CARTESIAN_POINT('Ctrl Pts',(204.598600143171,-85.809574492981,14.));
#1060=CARTESIAN_POINT('Ctrl Pts',(204.72365451759,-85.486751559102,14.));
#1061=CARTESIAN_POINT('Ctrl Pts',(204.848708892009,-85.163928625223,14.));
#1062=CARTESIAN_POINT('Ctrl Pts',(204.92265478374,-84.833195964769,14.));
#1063=CARTESIAN_POINT('Ctrl Pts',(204.960478324422,-84.50136393951,14.));
#1064=CARTESIAN_POINT('Ctrl Pts',(204.998301865104,-84.1695319142509,14.));
#1065=CARTESIAN_POINT('Ctrl Pts',(205.000003054738,-83.8366005241868,14.));
#1066=CARTESIAN_POINT('Ctrl Pts',(205.000003054738,-83.5000013113022,14.));
#1067=CARTESIAN_POINT('',(200.500003054738,-88.0000013113022,15.));
#1068=CARTESIAN_POINT('',(200.500003054738,-88.0000013113022,15.));
#1069=CARTESIAN_POINT('',(205.000003054738,-83.5000013113022,15.));
#1070=CARTESIAN_POINT('Ctrl Pts',(200.500003054738,-88.0000013113022,15.));
#1071=CARTESIAN_POINT('Ctrl Pts',(200.836602267623,-88.0000013113022,15.));
#1072=CARTESIAN_POINT('Ctrl Pts',(201.169787093197,-87.9979580223521,15.));
#1073=CARTESIAN_POINT('Ctrl Pts',(201.501537151112,-87.9602699449207,15.));
#1074=CARTESIAN_POINT('Ctrl Pts',(201.833287209028,-87.9225818674892,15.));
#1075=CARTESIAN_POINT('Ctrl Pts',(202.163602499284,-87.8492490015763,15.));
#1076=CARTESIAN_POINT('Ctrl Pts',(202.486661137979,-87.7238493189941,15.));
#1077=CARTESIAN_POINT('Ctrl Pts',(202.890484436347,-87.5670997157662,15.));
#1078=CARTESIAN_POINT('Ctrl Pts',(203.28296921665,-87.3289957114924,15.));
#1079=CARTESIAN_POINT('Ctrl Pts',(203.631154930722,-87.0247429851072,15.));
#1080=CARTESIAN_POINT('Ctrl Pts',(203.840066359165,-86.842191349276,15.));
#1081=CARTESIAN_POINT('Ctrl Pts',(204.033030123765,-86.6358261734847,15.));
#1082=CARTESIAN_POINT('Ctrl Pts',(204.199918907607,-86.416681113542,15.));
#1083=CARTESIAN_POINT('Ctrl Pts',(204.422437286063,-86.124487700285,15.));
#1084=CARTESIAN_POINT('Ctrl Pts',(204.598600143171,-85.809574492981,15.));
#1085=CARTESIAN_POINT('Ctrl Pts',(204.72365451759,-85.486751559102,15.));
#1086=CARTESIAN_POINT('Ctrl Pts',(204.848708892009,-85.163928625223,15.));
#1087=CARTESIAN_POINT('Ctrl Pts',(204.92265478374,-84.833195964769,15.));
#1088=CARTESIAN_POINT('Ctrl Pts',(204.960478324422,-84.50136393951,15.));
#1089=CARTESIAN_POINT('Ctrl Pts',(204.998301865104,-84.1695319142509,15.));
#1090=CARTESIAN_POINT('Ctrl Pts',(205.000003054738,-83.8366005241868,15.));
#1091=CARTESIAN_POINT('Ctrl Pts',(205.000003054738,-83.5000013113022,15.));
#1092=CARTESIAN_POINT('',(205.000003054738,-83.5000013113022,15.));
#1093=CARTESIAN_POINT('Origin',(205.000003054738,-75.0000011175871,15.));
#1094=CARTESIAN_POINT('',(205.000003054738,-79.5000011175871,15.));
#1095=CARTESIAN_POINT('',(205.000003054738,-87.9689885050161,15.));
#1096=CARTESIAN_POINT('',(205.000003054738,-79.5000011175871,14.));
#1097=CARTESIAN_POINT('',(205.000003054738,-79.5000011175871,15.));
#1098=CARTESIAN_POINT('',(205.000003054738,-75.0000011175871,14.));
#1099=CARTESIAN_POINT('Ctrl Pts',(205.000003054738,-79.5000011175871,15.));
#1100=CARTESIAN_POINT('Ctrl Pts',(205.000003054738,-79.5000011175871,14.6666666666667));
#1101=CARTESIAN_POINT('Ctrl Pts',(205.000003054738,-79.5000011175871,14.3333333333333));
#1102=CARTESIAN_POINT('Ctrl Pts',(205.000003054738,-79.5000011175871,14.));
#1103=CARTESIAN_POINT('Ctrl Pts',(205.000003054738,-79.1634019047025,15.));
#1104=CARTESIAN_POINT('Ctrl Pts',(205.000003054738,-79.1634019047025,14.6666666666667));
#1105=CARTESIAN_POINT('Ctrl Pts',(205.000003054738,-79.1634019047025,14.3333333333333));
#1106=CARTESIAN_POINT('Ctrl Pts',(205.000003054738,-79.1634019047025,14.));
#1107=CARTESIAN_POINT('Ctrl Pts',(204.995916927856,-78.4970323353611,15.));
#1108=CARTESIAN_POINT('Ctrl Pts',(204.995916927856,-78.4970323353611,14.6666666666667));
#1109=CARTESIAN_POINT('Ctrl Pts',(204.995916927856,-78.4970323353611,14.3333333333333));
#1110=CARTESIAN_POINT('Ctrl Pts',(204.995916927856,-78.4970323353611,14.));
#1111=CARTESIAN_POINT('Ctrl Pts',(204.757585096478,-77.4235075807091,15.));
#1112=CARTESIAN_POINT('Ctrl Pts',(204.757585096478,-77.4235075807091,14.6666666666667));
#1113=CARTESIAN_POINT('Ctrl Pts',(204.757585096478,-77.4235075807091,14.3333333333333));
#1114=CARTESIAN_POINT('Ctrl Pts',(204.757585096478,-77.4235075807091,14.));
#1115=CARTESIAN_POINT('Ctrl Pts',(204.186135714795,-76.4815440336771,15.));
#1116=CARTESIAN_POINT('Ctrl Pts',(204.186135714795,-76.4815440336771,14.6666666666667));
#1117=CARTESIAN_POINT('Ctrl Pts',(204.186135714795,-76.4815440336771,14.3333333333333));
#1118=CARTESIAN_POINT('Ctrl Pts',(204.186135714795,-76.4815440336771,14.));
#1119=CARTESIAN_POINT('Ctrl Pts',(203.360674894175,-75.7096889350634,15.));
#1120=CARTESIAN_POINT('Ctrl Pts',(203.360674894175,-75.7096889350634,14.6666666666667));
#1121=CARTESIAN_POINT('Ctrl Pts',(203.360674894175,-75.7096889350634,14.3333333333333));
#1122=CARTESIAN_POINT('Ctrl Pts',(203.360674894175,-75.7096889350634,14.));
#1123=CARTESIAN_POINT('Ctrl Pts',(202.494663393181,-75.2252410579696,15.));
#1124=CARTESIAN_POINT('Ctrl Pts',(202.494663393181,-75.2252410579696,14.6666666666667));
#1125=CARTESIAN_POINT('Ctrl Pts',(202.494663393181,-75.2252410579696,14.3333333333333));
#1126=CARTESIAN_POINT('Ctrl Pts',(202.494663393181,-75.2252410579696,14.));
#1127=CARTESIAN_POINT('Ctrl Pts',(201.502465197852,-75.0034033387308,15.));
#1128=CARTESIAN_POINT('Ctrl Pts',(201.502465197852,-75.0034033387308,14.6666666666667));
#1129=CARTESIAN_POINT('Ctrl Pts',(201.502465197852,-75.0034033387308,14.3333333333333));
#1130=CARTESIAN_POINT('Ctrl Pts',(201.502465197852,-75.0034033387308,14.));
#1131=CARTESIAN_POINT('Ctrl Pts',(200.836602267623,-75.0000011175871,15.));
#1132=CARTESIAN_POINT('Ctrl Pts',(200.836602267623,-75.0000011175871,14.6666666666667));
#1133=CARTESIAN_POINT('Ctrl Pts',(200.836602267623,-75.0000011175871,14.3333333333333));
#1134=CARTESIAN_POINT('Ctrl Pts',(200.836602267623,-75.0000011175871,14.));
#1135=CARTESIAN_POINT('Ctrl Pts',(200.500003054738,-75.0000011175871,15.));
#1136=CARTESIAN_POINT('Ctrl Pts',(200.500003054738,-75.0000011175871,14.6666666666667));
#1137=CARTESIAN_POINT('Ctrl Pts',(200.500003054738,-75.0000011175871,14.3333333333333));
#1138=CARTESIAN_POINT('Ctrl Pts',(200.500003054738,-75.0000011175871,14.));
#1139=CARTESIAN_POINT('',(200.500003054738,-75.0000011175871,14.));
#1140=CARTESIAN_POINT('Ctrl Pts',(205.000003054738,-79.5000011175871,14.));
#1141=CARTESIAN_POINT('Ctrl Pts',(205.000003054738,-79.1634019047025,14.));
#1142=CARTESIAN_POINT('Ctrl Pts',(204.997959991297,-78.8302171200318,14.));
#1143=CARTESIAN_POINT('Ctrl Pts',(204.96027202398,-78.4984670731346,14.));
#1144=CARTESIAN_POINT('Ctrl Pts',(204.922584056663,-78.1667170262374,14.));
#1145=CARTESIAN_POINT('Ctrl Pts',(204.849251185469,-77.8364017171137,14.));
#1146=CARTESIAN_POINT('Ctrl Pts',(204.723851533816,-77.5133430569291,14.));
#1147=CARTESIAN_POINT('Ctrl Pts',(204.56710196925,-77.1095197316984,14.));
#1148=CARTESIAN_POINT('Ctrl Pts',(204.328998060215,-76.7170349204351,14.));
#1149=CARTESIAN_POINT('Ctrl Pts',(204.024745338958,-76.3688491842807,14.));
#1150=CARTESIAN_POINT('Ctrl Pts',(203.842193706203,-76.1599377425881,14.));
#1151=CARTESIAN_POINT('Ctrl Pts',(203.635828501048,-75.9669739679346,14.));
#1152=CARTESIAN_POINT('Ctrl Pts',(203.416683403181,-75.8000851760048,14.));
#1153=CARTESIAN_POINT('Ctrl Pts',(203.124489939359,-75.5775667867651,14.));
#1154=CARTESIAN_POINT('Ctrl Pts',(202.80957666627,-75.4014039223674,14.));
#1155=CARTESIAN_POINT('Ctrl Pts',(202.486753663837,-75.276349536962,14.));
#1156=CARTESIAN_POINT('Ctrl Pts',(202.163930661404,-75.1512951515567,14.));
#1157=CARTESIAN_POINT('Ctrl Pts',(201.833197929628,-75.0773492451437,14.));
#1158=CARTESIAN_POINT('Ctrl Pts',(201.501365831183,-75.0395257366513,14.));
#1159=CARTESIAN_POINT('Ctrl Pts',(201.169533732737,-75.0017022281589,14.));
#1160=CARTESIAN_POINT('Ctrl Pts',(200.836602267623,-75.0000011175871,14.));
#1161=CARTESIAN_POINT('Ctrl Pts',(200.500003054738,-75.0000011175871,14.));
#1162=CARTESIAN_POINT('',(200.500003054738,-75.0000011175871,15.));
#1163=CARTESIAN_POINT('Ctrl Pts',(205.000003054738,-79.5000011175871,15.));
#1164=CARTESIAN_POINT('Ctrl Pts',(205.000003054738,-79.1634019047025,15.));
#1165=CARTESIAN_POINT('Ctrl Pts',(204.997959991297,-78.8302171200318,15.));
#1166=CARTESIAN_POINT('Ctrl Pts',(204.96027202398,-78.4984670731346,15.));
#1167=CARTESIAN_POINT('Ctrl Pts',(204.922584056663,-78.1667170262374,15.));
#1168=CARTESIAN_POINT('Ctrl Pts',(204.849251185469,-77.8364017171137,15.));
#1169=CARTESIAN_POINT('Ctrl Pts',(204.723851533816,-77.5133430569291,15.));
#1170=CARTESIAN_POINT('Ctrl Pts',(204.56710196925,-77.1095197316984,15.));
#1171=CARTESIAN_POINT('Ctrl Pts',(204.328998060215,-76.7170349204351,15.));
#1172=CARTESIAN_POINT('Ctrl Pts',(204.024745338958,-76.3688491842807,15.));
#1173=CARTESIAN_POINT('Ctrl Pts',(203.842193706203,-76.1599377425881,15.));
#1174=CARTESIAN_POINT('Ctrl Pts',(203.635828501048,-75.9669739679346,15.));
#1175=CARTESIAN_POINT('Ctrl Pts',(203.416683403181,-75.8000851760048,15.));
#1176=CARTESIAN_POINT('Ctrl Pts',(203.124489939359,-75.5775667867651,15.));
#1177=CARTESIAN_POINT('Ctrl Pts',(202.80957666627,-75.4014039223674,15.));
#1178=CARTESIAN_POINT('Ctrl Pts',(202.486753663837,-75.276349536962,15.));
#1179=CARTESIAN_POINT('Ctrl Pts',(202.163930661404,-75.1512951515567,15.));
#1180=CARTESIAN_POINT('Ctrl Pts',(201.833197929628,-75.0773492451437,15.));
#1181=CARTESIAN_POINT('Ctrl Pts',(201.501365831183,-75.0395257366513,15.));
#1182=CARTESIAN_POINT('Ctrl Pts',(201.169533732737,-75.0017022281589,15.));
#1183=CARTESIAN_POINT('Ctrl Pts',(200.836602267623,-75.0000011175871,15.));
#1184=CARTESIAN_POINT('Ctrl Pts',(200.500003054738,-75.0000011175871,15.));
#1185=CARTESIAN_POINT('',(200.500003054738,-75.0000011175871,15.));
#1186=CARTESIAN_POINT('Origin',(165.000002458692,-75.0000011175871,15.));
#1187=CARTESIAN_POINT('',(169.500002458692,-75.0000011175871,15.));
#1188=CARTESIAN_POINT('',(180.93284182421,-75.0000011175871,15.));
#1189=CARTESIAN_POINT('',(169.500002458692,-75.0000011175871,14.));
#1190=CARTESIAN_POINT('',(169.500002458692,-75.0000011175871,15.));
#1191=CARTESIAN_POINT('',(165.000002458692,-75.0000011175871,14.));
#1192=CARTESIAN_POINT('Ctrl Pts',(165.000002458692,-83.5000013113022,15.));
#1193=CARTESIAN_POINT('Ctrl Pts',(165.000002458692,-83.5000013113022,14.6666666666667));
#1194=CARTESIAN_POINT('Ctrl Pts',(165.000002458692,-83.5000013113022,14.3333333333333));
#1195=CARTESIAN_POINT('Ctrl Pts',(165.000002458692,-83.5000013113022,14.));
#1196=CARTESIAN_POINT('Ctrl Pts',(165.000002458692,-83.8366005241868,15.));
#1197=CARTESIAN_POINT('Ctrl Pts',(165.000002458692,-83.8366005241868,14.6666666666667));
#1198=CARTESIAN_POINT('Ctrl Pts',(165.000002458692,-83.8366005241868,14.3333333333333));
#1199=CARTESIAN_POINT('Ctrl Pts',(165.000002458692,-83.8366005241868,14.));
#1200=CARTESIAN_POINT('Ctrl Pts',(165.004086396008,-84.5029696918395,15.));
#1201=CARTESIAN_POINT('Ctrl Pts',(165.004086396008,-84.5029696918395,14.6666666666667));
#1202=CARTESIAN_POINT('Ctrl Pts',(165.004086396008,-84.5029696918395,14.3333333333333));
#1203=CARTESIAN_POINT('Ctrl Pts',(165.004086396008,-84.5029696918395,14.));
#1204=CARTESIAN_POINT('Ctrl Pts',(165.242418315945,-85.5764947456841,15.));
#1205=CARTESIAN_POINT('Ctrl Pts',(165.242418315945,-85.5764947456841,14.6666666666667));
#1206=CARTESIAN_POINT('Ctrl Pts',(165.242418315945,-85.5764947456841,14.3333333333333));
#1207=CARTESIAN_POINT('Ctrl Pts',(165.242418315945,-85.5764947456841,14.));
#1208=CARTESIAN_POINT('Ctrl Pts',(165.813866597636,-86.5184586534339,15.));
#1209=CARTESIAN_POINT('Ctrl Pts',(165.813866597636,-86.5184586534339,14.6666666666667));
#1210=CARTESIAN_POINT('Ctrl Pts',(165.813866597636,-86.5184586534339,14.3333333333333));
#1211=CARTESIAN_POINT('Ctrl Pts',(165.813866597636,-86.5184586534339,14.));
#1212=CARTESIAN_POINT('Ctrl Pts',(166.639327989166,-87.2903139493173,15.));
#1213=CARTESIAN_POINT('Ctrl Pts',(166.639327989166,-87.2903139493173,14.6666666666667));
#1214=CARTESIAN_POINT('Ctrl Pts',(166.639327989166,-87.2903139493173,14.3333333333333));
#1215=CARTESIAN_POINT('Ctrl Pts',(166.639327989166,-87.2903139493173,14.));
#1216=CARTESIAN_POINT('Ctrl Pts',(167.50534036574,-87.7747619251313,15.));
#1217=CARTESIAN_POINT('Ctrl Pts',(167.50534036574,-87.7747619251313,14.6666666666667));
#1218=CARTESIAN_POINT('Ctrl Pts',(167.50534036574,-87.7747619251313,14.3333333333333));
#1219=CARTESIAN_POINT('Ctrl Pts',(167.50534036574,-87.7747619251313,14.));
#1220=CARTESIAN_POINT('Ctrl Pts',(168.497539595438,-87.9965998625185,15.));
#1221=CARTESIAN_POINT('Ctrl Pts',(168.497539595438,-87.9965998625185,14.6666666666667));
#1222=CARTESIAN_POINT('Ctrl Pts',(168.497539595438,-87.9965998625185,14.3333333333333));
#1223=CARTESIAN_POINT('Ctrl Pts',(168.497539595438,-87.9965998625185,14.));
#1224=CARTESIAN_POINT('Ctrl Pts',(169.163403245807,-88.0000013113022,15.));
#1225=CARTESIAN_POINT('Ctrl Pts',(169.163403245807,-88.0000013113022,14.6666666666667));
#1226=CARTESIAN_POINT('Ctrl Pts',(169.163403245807,-88.0000013113022,14.3333333333333));
#1227=CARTESIAN_POINT('Ctrl Pts',(169.163403245807,-88.0000013113022,14.));
#1228=CARTESIAN_POINT('Ctrl Pts',(169.500002458692,-88.0000013113022,15.));
#1229=CARTESIAN_POINT('Ctrl Pts',(169.500002458692,-88.0000013113022,14.6666666666667));
#1230=CARTESIAN_POINT('Ctrl Pts',(169.500002458692,-88.0000013113022,14.3333333333333));
#1231=CARTESIAN_POINT('Ctrl Pts',(169.500002458692,-88.0000013113022,14.));
#1232=CARTESIAN_POINT('',(165.000002458692,-83.5000013113022,14.));
#1233=CARTESIAN_POINT('',(169.500002458692,-88.0000013113022,14.));
#1234=CARTESIAN_POINT('Ctrl Pts',(165.000002458692,-83.5000013113022,14.));
#1235=CARTESIAN_POINT('Ctrl Pts',(165.000002458692,-83.8366005241868,14.));
#1236=CARTESIAN_POINT('Ctrl Pts',(165.00204442735,-84.1697851080132,14.));
#1237=CARTESIAN_POINT('Ctrl Pts',(165.0397318609,-84.5015351005178,14.));
#1238=CARTESIAN_POINT('Ctrl Pts',(165.07741929445,-84.8332850930225,14.));
#1239=CARTESIAN_POINT('Ctrl Pts',(165.150752192892,-85.1636004942054,14.));
#1240=CARTESIAN_POINT('Ctrl Pts',(165.276151696722,-85.4866592589737,14.));
#1241=CARTESIAN_POINT('Ctrl Pts',(165.432901076508,-85.8904827149341,14.));
#1242=CARTESIAN_POINT('Ctrl Pts',(165.671004527213,-86.2829676764965,14.));
#1243=CARTESIAN_POINT('Ctrl Pts',(165.975257225272,-86.6311535203853,14.));
#1244=CARTESIAN_POINT('Ctrl Pts',(166.157808844107,-86.8400650267186,14.));
#1245=CARTESIAN_POINT('Ctrl Pts',(166.364174191989,-87.0330288506895,14.));
#1246=CARTESIAN_POINT('Ctrl Pts',(166.583319473756,-87.1999176823394,14.));
#1247=CARTESIAN_POINT('Ctrl Pts',(166.875513182777,-87.4224361245393,14.));
#1248=CARTESIAN_POINT('Ctrl Pts',(167.190426774259,-87.5985990248353,14.));
#1249=CARTESIAN_POINT('Ctrl Pts',(167.513250108283,-87.7236534645479,14.));
#1250=CARTESIAN_POINT('Ctrl Pts',(167.836073442306,-87.8487079042604,14.));
#1251=CARTESIAN_POINT('Ctrl Pts',(168.166806518872,-87.9226538833895,14.));
#1252=CARTESIAN_POINT('Ctrl Pts',(168.498638969747,-87.9604772351499,14.));
#1253=CARTESIAN_POINT('Ctrl Pts',(168.830471420623,-87.9983005869104,14.));
#1254=CARTESIAN_POINT('Ctrl Pts',(169.163403245807,-88.0000013113022,14.));
#1255=CARTESIAN_POINT('Ctrl Pts',(169.500002458692,-88.0000013113022,14.));
#1256=CARTESIAN_POINT('',(165.000002458692,-83.5000013113022,15.));
#1257=CARTESIAN_POINT('',(165.000002458692,-83.5000013113022,15.));
#1258=CARTESIAN_POINT('',(169.500002458692,-88.0000013113022,15.));
#1259=CARTESIAN_POINT('Ctrl Pts',(165.000002458692,-83.5000013113022,15.));
#1260=CARTESIAN_POINT('Ctrl Pts',(165.000002458692,-83.8366005241868,15.));
#1261=CARTESIAN_POINT('Ctrl Pts',(165.00204442735,-84.1697851080132,15.));
#1262=CARTESIAN_POINT('Ctrl Pts',(165.0397318609,-84.5015351005178,15.));
#1263=CARTESIAN_POINT('Ctrl Pts',(165.07741929445,-84.8332850930225,15.));
#1264=CARTESIAN_POINT('Ctrl Pts',(165.150752192892,-85.1636004942054,15.));
#1265=CARTESIAN_POINT('Ctrl Pts',(165.276151696722,-85.4866592589737,15.));
#1266=CARTESIAN_POINT('Ctrl Pts',(165.432901076508,-85.8904827149341,15.));
#1267=CARTESIAN_POINT('Ctrl Pts',(165.671004527213,-86.2829676764965,15.));
#1268=CARTESIAN_POINT('Ctrl Pts',(165.975257225272,-86.6311535203853,15.));
#1269=CARTESIAN_POINT('Ctrl Pts',(166.157808844107,-86.8400650267186,15.));
#1270=CARTESIAN_POINT('Ctrl Pts',(166.364174191989,-87.0330288506895,15.));
#1271=CARTESIAN_POINT('Ctrl Pts',(166.583319473756,-87.1999176823394,15.));
#1272=CARTESIAN_POINT('Ctrl Pts',(166.875513182777,-87.4224361245393,15.));
#1273=CARTESIAN_POINT('Ctrl Pts',(167.190426774259,-87.5985990248353,15.));
#1274=CARTESIAN_POINT('Ctrl Pts',(167.513250108283,-87.7236534645479,15.));
#1275=CARTESIAN_POINT('Ctrl Pts',(167.836073442306,-87.8487079042604,15.));
#1276=CARTESIAN_POINT('Ctrl Pts',(168.166806518872,-87.9226538833895,15.));
#1277=CARTESIAN_POINT('Ctrl Pts',(168.498638969747,-87.9604772351499,15.));
#1278=CARTESIAN_POINT('Ctrl Pts',(168.830471420623,-87.9983005869104,15.));
#1279=CARTESIAN_POINT('Ctrl Pts',(169.163403245807,-88.0000013113022,15.));
#1280=CARTESIAN_POINT('Ctrl Pts',(169.500002458692,-88.0000013113022,15.));
#1281=CARTESIAN_POINT('',(169.500002458692,-88.0000013113022,15.));
#1282=CARTESIAN_POINT('Origin',(205.000003054738,-88.0000013113022,15.));
#1283=CARTESIAN_POINT('',(205.000003054738,-88.0000013113022,14.));
#1284=CARTESIAN_POINT('',(200.932842122233,-88.0000013113022,15.));
#1285=CARTESIAN_POINT('Ctrl Pts',(169.500002458692,-75.0000011175871,15.));
#1286=CARTESIAN_POINT('Ctrl Pts',(169.500002458692,-75.0000011175871,14.6666666666667));
#1287=CARTESIAN_POINT('Ctrl Pts',(169.500002458692,-75.0000011175871,14.3333333333333));
#1288=CARTESIAN_POINT('Ctrl Pts',(169.500002458692,-75.0000011175871,14.));
#1289=CARTESIAN_POINT('Ctrl Pts',(169.163403245807,-75.0000011175871,15.));
#1290=CARTESIAN_POINT('Ctrl Pts',(169.163403245807,-75.0000011175871,14.6666666666667));
#1291=CARTESIAN_POINT('Ctrl Pts',(169.163403245807,-75.0000011175871,14.3333333333333));
#1292=CARTESIAN_POINT('Ctrl Pts',(169.163403245807,-75.0000011175871,14.));
#1293=CARTESIAN_POINT('Ctrl Pts',(168.49703430139,-75.0040838555068,15.));
#1294=CARTESIAN_POINT('Ctrl Pts',(168.49703430139,-75.0040838555068,14.6666666666667));
#1295=CARTESIAN_POINT('Ctrl Pts',(168.49703430139,-75.0040838555068,14.3333333333333));
#1296=CARTESIAN_POINT('Ctrl Pts',(168.49703430139,-75.0040838555068,14.));
#1297=CARTESIAN_POINT('Ctrl Pts',(167.423509082588,-75.2424158276542,15.));
#1298=CARTESIAN_POINT('Ctrl Pts',(167.423509082588,-75.2424158276542,14.6666666666667));
#1299=CARTESIAN_POINT('Ctrl Pts',(167.423509082588,-75.2424158276542,14.3333333333333));
#1300=CARTESIAN_POINT('Ctrl Pts',(167.423509082588,-75.2424158276542,14.));
#1301=CARTESIAN_POINT('Ctrl Pts',(166.481544977261,-75.8138635136086,15.));
#1302=CARTESIAN_POINT('Ctrl Pts',(166.481544977261,-75.8138635136086,14.6666666666667));
#1303=CARTESIAN_POINT('Ctrl Pts',(166.481544977261,-75.8138635136086,14.3333333333333));
#1304=CARTESIAN_POINT('Ctrl Pts',(166.481544977261,-75.8138635136086,14.));
#1305=CARTESIAN_POINT('Ctrl Pts',(165.70968957187,-76.639325218372,15.));
#1306=CARTESIAN_POINT('Ctrl Pts',(165.70968957187,-76.639325218372,14.6666666666667));
#1307=CARTESIAN_POINT('Ctrl Pts',(165.70968957187,-76.639325218372,14.3333333333333));
#1308=CARTESIAN_POINT('Ctrl Pts',(165.70968957187,-76.639325218372,14.));
#1309=CARTESIAN_POINT('Ctrl Pts',(165.225241541,-77.5053380726765,15.));
#1310=CARTESIAN_POINT('Ctrl Pts',(165.225241541,-77.5053380726765,14.6666666666667));
#1311=CARTESIAN_POINT('Ctrl Pts',(165.225241541,-77.5053380726765,14.3333333333333));
#1312=CARTESIAN_POINT('Ctrl Pts',(165.225241541,-77.5053380726765,14.));
#1313=CARTESIAN_POINT('Ctrl Pts',(165.003403481056,-78.497537865894,15.));
#1314=CARTESIAN_POINT('Ctrl Pts',(165.003403481056,-78.497537865894,14.6666666666667));
#1315=CARTESIAN_POINT('Ctrl Pts',(165.003403481056,-78.497537865894,14.3333333333333));
#1316=CARTESIAN_POINT('Ctrl Pts',(165.003403481056,-78.497537865894,14.));
#1317=CARTESIAN_POINT('Ctrl Pts',(165.000002458692,-79.1634019047025,15.));
#1318=CARTESIAN_POINT('Ctrl Pts',(165.000002458692,-79.1634019047025,14.6666666666667));
#1319=CARTESIAN_POINT('Ctrl Pts',(165.000002458692,-79.1634019047025,14.3333333333333));
#1320=CARTESIAN_POINT('Ctrl Pts',(165.000002458692,-79.1634019047025,14.));
#1321=CARTESIAN_POINT('Ctrl Pts',(165.000002458692,-79.5000011175871,15.));
#1322=CARTESIAN_POINT('Ctrl Pts',(165.000002458692,-79.5000011175871,14.6666666666667));
#1323=CARTESIAN_POINT('Ctrl Pts',(165.000002458692,-79.5000011175871,14.3333333333333));
#1324=CARTESIAN_POINT('Ctrl Pts',(165.000002458692,-79.5000011175871,14.));
#1325=CARTESIAN_POINT('',(165.000002458692,-79.5000011175871,14.));
#1326=CARTESIAN_POINT('Ctrl Pts',(169.500002458692,-75.0000011175871,14.));
#1327=CARTESIAN_POINT('Ctrl Pts',(169.163403245807,-75.0000011175871,14.));
#1328=CARTESIAN_POINT('Ctrl Pts',(168.830218773598,-75.002042486547,14.));
#1329=CARTESIAN_POINT('Ctrl Pts',(168.498468811525,-75.0397296282803,14.));
#1330=CARTESIAN_POINT('Ctrl Pts',(168.166718849451,-75.0774167700137,14.));
#1331=CARTESIAN_POINT('Ctrl Pts',(167.836403397512,-75.1507496845206,14.));
#1332=CARTESIAN_POINT('Ctrl Pts',(167.513344575275,-75.2761491090177,14.));
#1333=CARTESIAN_POINT('Ctrl Pts',(167.109521047479,-75.432898389639,14.));
#1334=CARTESIAN_POINT('Ctrl Pts',(166.717036003593,-75.67100159212,14.));
#1335=CARTESIAN_POINT('Ctrl Pts',(166.368850100315,-75.9752542786659,14.));
#1336=CARTESIAN_POINT('Ctrl Pts',(166.159938558348,-76.1578058905934,14.));
#1337=CARTESIAN_POINT('Ctrl Pts',(165.966974707,-76.3641713167842,14.));
#1338=CARTESIAN_POINT('Ctrl Pts',(165.800085853271,-76.5833166991366,14.));
#1339=CARTESIAN_POINT('Ctrl Pts',(165.577567381633,-76.8755105422732,14.));
#1340=CARTESIAN_POINT('Ctrl Pts',(165.401404461317,-77.1904243074749,14.));
#1341=CARTESIAN_POINT('Ctrl Pts',(165.276349991168,-77.5132478222786,14.));
#1342=CARTESIAN_POINT('Ctrl Pts',(165.151295521019,-77.8360713370823,14.));
#1343=CARTESIAN_POINT('Ctrl Pts',(165.077349501038,-78.1668046014882,14.));
#1344=CARTESIAN_POINT('Ctrl Pts',(165.039526235456,-78.4986372433932,14.));
#1345=CARTESIAN_POINT('Ctrl Pts',(165.001702969874,-78.8304698852982,14.));
#1346=CARTESIAN_POINT('Ctrl Pts',(165.000002458692,-79.1634019047025,14.));
#1347=CARTESIAN_POINT('Ctrl Pts',(165.000002458692,-79.5000011175871,14.));
#1348=CARTESIAN_POINT('',(165.000002458692,-79.5000011175871,15.));
#1349=CARTESIAN_POINT('Ctrl Pts',(169.500002458692,-75.0000011175871,15.));
#1350=CARTESIAN_POINT('Ctrl Pts',(169.163403245807,-75.0000011175871,15.));
#1351=CARTESIAN_POINT('Ctrl Pts',(168.830218773598,-75.002042486547,15.));
#1352=CARTESIAN_POINT('Ctrl Pts',(168.498468811525,-75.0397296282803,15.));
#1353=CARTESIAN_POINT('Ctrl Pts',(168.166718849451,-75.0774167700137,15.));
#1354=CARTESIAN_POINT('Ctrl Pts',(167.836403397512,-75.1507496845206,15.));
#1355=CARTESIAN_POINT('Ctrl Pts',(167.513344575275,-75.2761491090177,15.));
#1356=CARTESIAN_POINT('Ctrl Pts',(167.109521047479,-75.432898389639,15.));
#1357=CARTESIAN_POINT('Ctrl Pts',(166.717036003593,-75.67100159212,15.));
#1358=CARTESIAN_POINT('Ctrl Pts',(166.368850100315,-75.9752542786659,15.));
#1359=CARTESIAN_POINT('Ctrl Pts',(166.159938558348,-76.1578058905934,15.));
#1360=CARTESIAN_POINT('Ctrl Pts',(165.966974707,-76.3641713167842,15.));
#1361=CARTESIAN_POINT('Ctrl Pts',(165.800085853271,-76.5833166991366,15.));
#1362=CARTESIAN_POINT('Ctrl Pts',(165.577567381633,-76.8755105422732,15.));
#1363=CARTESIAN_POINT('Ctrl Pts',(165.401404461317,-77.1904243074749,15.));
#1364=CARTESIAN_POINT('Ctrl Pts',(165.276349991168,-77.5132478222786,15.));
#1365=CARTESIAN_POINT('Ctrl Pts',(165.151295521019,-77.8360713370823,15.));
#1366=CARTESIAN_POINT('Ctrl Pts',(165.077349501038,-78.1668046014882,15.));
#1367=CARTESIAN_POINT('Ctrl Pts',(165.039526235456,-78.4986372433932,15.));
#1368=CARTESIAN_POINT('Ctrl Pts',(165.001702969874,-78.8304698852982,15.));
#1369=CARTESIAN_POINT('Ctrl Pts',(165.000002458692,-79.1634019047025,15.));
#1370=CARTESIAN_POINT('Ctrl Pts',(165.000002458692,-79.5000011175871,15.));
#1371=CARTESIAN_POINT('',(165.000002458692,-79.5000011175871,15.));
#1372=CARTESIAN_POINT('Origin',(165.000002458692,-88.0000013113022,15.));
#1373=CARTESIAN_POINT('',(165.000002458692,-88.0000013113022,14.));
#1374=CARTESIAN_POINT('',(165.000002458692,-94.4689886018737,15.));
#1375=CARTESIAN_POINT('Origin',(185.000002756715,-81.5000012144446,14.));
#1376=CARTESIAN_POINT('Origin',(154.904795779305,-153.728597054853,15.));
#1377=CARTESIAN_POINT('',(156.354795779305,-153.728597054853,15.));
#1378=CARTESIAN_POINT('Origin',(154.904795779305,-153.728597054853,15.));
#1379=CARTESIAN_POINT('',(156.354795779305,-153.728597054853,12.));
#1380=CARTESIAN_POINT('',(156.354795779305,-153.728597054853,15.));
#1381=CARTESIAN_POINT('Origin',(154.904795779305,-153.728597054853,12.));
#1382=CARTESIAN_POINT('Origin',(154.904795779305,-48.1473547300369,15.));
#1383=CARTESIAN_POINT('',(156.354795779305,-48.1473547300369,15.));
#1384=CARTESIAN_POINT('Origin',(154.904795779305,-48.1473547300369,15.));
#1385=CARTESIAN_POINT('',(156.354795779305,-48.1473547300369,12.));
#1386=CARTESIAN_POINT('',(156.354795779305,-48.1473547300369,15.));
#1387=CARTESIAN_POINT('Origin',(154.904795779305,-48.1473547300369,12.));
#1388=CARTESIAN_POINT('Origin',(238.826566600152,-153.728597054853,15.));
#1389=CARTESIAN_POINT('',(240.276566600152,-153.728597054853,15.));
#1390=CARTESIAN_POINT('Origin',(238.826566600152,-153.728597054853,15.));
#1391=CARTESIAN_POINT('',(240.276566600152,-153.728597054853,12.));
#1392=CARTESIAN_POINT('',(240.276566600152,-153.728597054853,15.));
#1393=CARTESIAN_POINT('Origin',(238.826566600152,-153.728597054853,12.));
#1394=CARTESIAN_POINT('Origin',(238.826566600152,-48.1473547300369,15.));
#1395=CARTESIAN_POINT('',(240.276566600152,-48.1473547300369,15.));
#1396=CARTESIAN_POINT('Origin',(238.826566600152,-48.1473547300369,15.));
#1397=CARTESIAN_POINT('',(240.276566600152,-48.1473547300369,12.));
#1398=CARTESIAN_POINT('',(240.276566600152,-48.1473547300369,15.));
#1399=CARTESIAN_POINT('Origin',(238.826566600152,-48.1473547300369,12.));
#1400=CARTESIAN_POINT('Ctrl Pts',(236.826566600152,-45.1473547300369,12.));
#1401=CARTESIAN_POINT('Ctrl Pts',(236.826566600152,-45.1473547300369,13.));
#1402=CARTESIAN_POINT('Ctrl Pts',(236.826566600152,-45.1473547300369,14.));
#1403=CARTESIAN_POINT('Ctrl Pts',(236.826566600152,-45.1473547300369,15.));
#1404=CARTESIAN_POINT('Ctrl Pts',(237.20056572558,-45.1473547300369,12.));
#1405=CARTESIAN_POINT('Ctrl Pts',(237.20056572558,-45.1473547300369,13.));
#1406=CARTESIAN_POINT('Ctrl Pts',(237.20056572558,-45.1473547300369,14.));
#1407=CARTESIAN_POINT('Ctrl Pts',(237.20056572558,-45.1473547300369,15.));
#1408=CARTESIAN_POINT('Ctrl Pts',(237.940638837302,-45.1511608015962,12.));
#1409=CARTESIAN_POINT('Ctrl Pts',(237.940638837302,-45.1511608015962,13.));
#1410=CARTESIAN_POINT('Ctrl Pts',(237.940638837302,-45.1511608015962,14.));
#1411=CARTESIAN_POINT('Ctrl Pts',(237.940638837302,-45.1511608015962,15.));
#1412=CARTESIAN_POINT('Ctrl Pts',(239.042332311533,-45.3970249927242,12.));
#1413=CARTESIAN_POINT('Ctrl Pts',(239.042332311533,-45.3970249927242,13.));
#1414=CARTESIAN_POINT('Ctrl Pts',(239.042332311533,-45.3970249927242,14.));
#1415=CARTESIAN_POINT('Ctrl Pts',(239.042332311533,-45.3970249927242,15.));
#1416=CARTESIAN_POINT('Ctrl Pts',(240.09358566062,-45.9853477438174,12.));
#1417=CARTESIAN_POINT('Ctrl Pts',(240.09358566062,-45.9853477438174,13.));
#1418=CARTESIAN_POINT('Ctrl Pts',(240.09358566062,-45.9853477438174,14.));
#1419=CARTESIAN_POINT('Ctrl Pts',(240.09358566062,-45.9853477438174,15.));
#1420=CARTESIAN_POINT('Ctrl Pts',(240.988976525465,-46.8803071022911,12.));
#1421=CARTESIAN_POINT('Ctrl Pts',(240.988976525465,-46.8803071022911,13.));
#1422=CARTESIAN_POINT('Ctrl Pts',(240.988976525465,-46.8803071022911,14.));
#1423=CARTESIAN_POINT('Ctrl Pts',(240.988976525465,-46.8803071022911,15.));
#1424=CARTESIAN_POINT('Ctrl Pts',(241.575989842042,-47.9311587559163,12.));
#1425=CARTESIAN_POINT('Ctrl Pts',(241.575989842042,-47.9311587559163,13.));
#1426=CARTESIAN_POINT('Ctrl Pts',(241.575989842042,-47.9311587559163,14.));
#1427=CARTESIAN_POINT('Ctrl Pts',(241.575989842042,-47.9311587559163,15.));
#1428=CARTESIAN_POINT('Ctrl Pts',(241.822793579346,-49.033205057333,12.));
#1429=CARTESIAN_POINT('Ctrl Pts',(241.822793579346,-49.033205057333,13.));
#1430=CARTESIAN_POINT('Ctrl Pts',(241.822793579346,-49.033205057333,14.));
#1431=CARTESIAN_POINT('Ctrl Pts',(241.822793579346,-49.033205057333,15.));
#1432=CARTESIAN_POINT('Ctrl Pts',(241.826566600152,-49.7733556046095,12.));
#1433=CARTESIAN_POINT('Ctrl Pts',(241.826566600152,-49.7733556046095,13.));
#1434=CARTESIAN_POINT('Ctrl Pts',(241.826566600152,-49.7733556046095,14.));
#1435=CARTESIAN_POINT('Ctrl Pts',(241.826566600152,-49.7733556046095,15.));
#1436=CARTESIAN_POINT('Ctrl Pts',(241.826566600152,-50.1473547300369,12.));
#1437=CARTESIAN_POINT('Ctrl Pts',(241.826566600152,-50.1473547300369,13.));
#1438=CARTESIAN_POINT('Ctrl Pts',(241.826566600152,-50.1473547300369,14.));
#1439=CARTESIAN_POINT('Ctrl Pts',(241.826566600152,-50.1473547300369,15.));
#1440=CARTESIAN_POINT('',(236.826566600152,-45.1473547300369,15.));
#1441=CARTESIAN_POINT('',(241.826566600152,-50.1473547300369,15.));
#1442=CARTESIAN_POINT('Ctrl Pts',(236.826566600152,-45.1473547300369,15.));
#1443=CARTESIAN_POINT('Ctrl Pts',(237.20056572558,-45.1473547300369,15.));
#1444=CARTESIAN_POINT('Ctrl Pts',(237.570602281441,-45.1492577658165,15.));
#1445=CARTESIAN_POINT('Ctrl Pts',(237.93923613841,-45.1911866488944,15.));
#1446=CARTESIAN_POINT('Ctrl Pts',(238.307869995379,-45.2331155319722,15.));
#1447=CARTESIAN_POINT('Ctrl Pts',(238.675101153456,-45.3150702623482,15.));
#1448=CARTESIAN_POINT('Ctrl Pts',(239.033925624009,-45.4541014193851,15.));
#1449=CARTESIAN_POINT('Ctrl Pts',(239.392750094562,-45.593132576422,15.));
#1450=CARTESIAN_POINT('Ctrl Pts',(239.743167877591,-45.7892401601197,15.));
#1451=CARTESIAN_POINT('Ctrl Pts',(240.067608579913,-46.0364538450475,15.));
#1452=CARTESIAN_POINT('Ctrl Pts',(240.392049282235,-46.2836675299753,15.));
#1453=CARTESIAN_POINT('Ctrl Pts',(240.69051290385,-46.5819873161332,15.));
#1454=CARTESIAN_POINT('Ctrl Pts',(240.93758026742,-46.906289151483,15.));
#1455=CARTESIAN_POINT('Ctrl Pts',(241.184647630991,-47.2305909868329,15.));
#1456=CARTESIAN_POINT('Ctrl Pts',(241.380318736516,-47.5808748713746,15.));
#1457=CARTESIAN_POINT('Ctrl Pts',(241.519288245497,-47.9396911972149,15.));
#1458=CARTESIAN_POINT('Ctrl Pts',(241.658257754477,-48.2985075230552,15.));
#1459=CARTESIAN_POINT('Ctrl Pts',(241.740525666912,-48.6658562901941,15.));
#1460=CARTESIAN_POINT('Ctrl Pts',(241.782602878331,-49.0345683105827,15.));
#1461=CARTESIAN_POINT('Ctrl Pts',(241.824680089749,-49.4032803309713,15.));
#1462=CARTESIAN_POINT('Ctrl Pts',(241.826566600152,-49.7733556046095,15.));
#1463=CARTESIAN_POINT('Ctrl Pts',(241.826566600152,-50.1473547300369,15.));
#1464=CARTESIAN_POINT('',(241.826566600152,-50.1473547300369,12.));
#1465=CARTESIAN_POINT('',(241.826566600152,-50.1473547300369,12.));
#1466=CARTESIAN_POINT('',(236.826566600152,-45.1473547300369,12.));
#1467=CARTESIAN_POINT('Ctrl Pts',(241.826566600152,-50.1473547300369,12.));
#1468=CARTESIAN_POINT('Ctrl Pts',(241.826566600152,-49.7733556046095,12.));
#1469=CARTESIAN_POINT('Ctrl Pts',(241.824680089749,-49.4032803309713,12.));
#1470=CARTESIAN_POINT('Ctrl Pts',(241.782602878331,-49.0345683105827,12.));
#1471=CARTESIAN_POINT('Ctrl Pts',(241.740525666912,-48.6658562901941,12.));
#1472=CARTESIAN_POINT('Ctrl Pts',(241.658257754477,-48.2985075230552,12.));
#1473=CARTESIAN_POINT('Ctrl Pts',(241.519288245497,-47.9396911972149,12.));
#1474=CARTESIAN_POINT('Ctrl Pts',(241.380318736516,-47.5808748713746,12.));
#1475=CARTESIAN_POINT('Ctrl Pts',(241.184647630991,-47.2305909868329,12.));
#1476=CARTESIAN_POINT('Ctrl Pts',(240.93758026742,-46.906289151483,12.));
#1477=CARTESIAN_POINT('Ctrl Pts',(240.69051290385,-46.5819873161332,12.));
#1478=CARTESIAN_POINT('Ctrl Pts',(240.392049282235,-46.2836675299753,12.));
#1479=CARTESIAN_POINT('Ctrl Pts',(240.067608579913,-46.0364538450475,12.));
#1480=CARTESIAN_POINT('Ctrl Pts',(239.743167877591,-45.7892401601197,12.));
#1481=CARTESIAN_POINT('Ctrl Pts',(239.392750094562,-45.593132576422,12.));
#1482=CARTESIAN_POINT('Ctrl Pts',(239.033925624009,-45.4541014193851,12.));
#1483=CARTESIAN_POINT('Ctrl Pts',(238.675101153456,-45.3150702623482,12.));
#1484=CARTESIAN_POINT('Ctrl Pts',(238.307869995379,-45.2331155319722,12.));
#1485=CARTESIAN_POINT('Ctrl Pts',(237.93923613841,-45.1911866488944,12.));
#1486=CARTESIAN_POINT('Ctrl Pts',(237.570602281441,-45.1492577658165,12.));
#1487=CARTESIAN_POINT('Ctrl Pts',(237.20056572558,-45.1473547300369,12.));
#1488=CARTESIAN_POINT('Ctrl Pts',(236.826566600152,-45.1473547300369,12.));
#1489=CARTESIAN_POINT('',(236.826566600152,-45.1473547300369,12.));
#1490=CARTESIAN_POINT('Origin',(241.826566600152,-45.1473547300369,12.));
#1491=CARTESIAN_POINT('',(156.904795779305,-45.1473547300369,12.));
#1492=CARTESIAN_POINT('',(241.826566600152,-45.1473547300369,12.));
#1493=CARTESIAN_POINT('',(156.904795779305,-45.1473547300369,15.));
#1494=CARTESIAN_POINT('',(156.904795779305,-45.1473547300369,12.));
#1495=CARTESIAN_POINT('',(241.826566600152,-45.1473547300369,15.));
#1496=CARTESIAN_POINT('Origin',(196.865681189729,-100.937975892445,12.));
#1497=CARTESIAN_POINT('',(241.826566600152,-151.728597054853,12.));
#1498=CARTESIAN_POINT('',(241.826566600152,-156.728597054853,12.));
#1499=CARTESIAN_POINT('',(236.826566600152,-156.728597054853,12.));
#1500=CARTESIAN_POINT('Ctrl Pts',(236.826566600152,-156.728597054853,12.));
#1501=CARTESIAN_POINT('Ctrl Pts',(237.20056572558,-156.728597054853,12.));
#1502=CARTESIAN_POINT('Ctrl Pts',(237.570641757418,-156.726708615131,12.));
#1503=CARTESIAN_POINT('Ctrl Pts',(237.939354223004,-156.68463027296,12.));
#1504=CARTESIAN_POINT('Ctrl Pts',(238.308066688589,-156.642551930789,12.));
#1505=CARTESIAN_POINT('Ctrl Pts',(238.675415587921,-156.56028368617,12.));
#1506=CARTESIAN_POINT('Ctrl Pts',(239.034231858207,-156.421314131877,12.));
#1507=CARTESIAN_POINT('Ctrl Pts',(239.393048128492,-156.282344577585,12.));
#1508=CARTESIAN_POINT('Ctrl Pts',(239.743331769731,-156.08667371362,12.));
#1509=CARTESIAN_POINT('Ctrl Pts',(240.067633306683,-155.839606576415,12.));
#1510=CARTESIAN_POINT('Ctrl Pts',(240.391934843635,-155.59253943921,12.));
#1511=CARTESIAN_POINT('Ctrl Pts',(240.690254276301,-155.294076028765,12.));
#1512=CARTESIAN_POINT('Ctrl Pts',(240.937467839845,-154.969635601024,12.));
#1513=CARTESIAN_POINT('Ctrl Pts',(241.184681403389,-154.645195173283,12.));
#1514=CARTESIAN_POINT('Ctrl Pts',(241.380789097812,-154.294777728246,12.));
#1515=CARTESIAN_POINT('Ctrl Pts',(241.519820174993,-153.935953588289,12.));
#1516=CARTESIAN_POINT('Ctrl Pts',(241.658851252175,-153.577129448331,12.));
#1517=CARTESIAN_POINT('Ctrl Pts',(241.740805712115,-153.209898613452,12.));
#1518=CARTESIAN_POINT('Ctrl Pts',(241.78273454911,-152.84126529644,12.));
#1519=CARTESIAN_POINT('Ctrl Pts',(241.824663386104,-152.472631979427,12.));
#1520=CARTESIAN_POINT('Ctrl Pts',(241.826566600152,-152.102596180281,12.));
#1521=CARTESIAN_POINT('Ctrl Pts',(241.826566600152,-151.728597054853,12.));
#1522=CARTESIAN_POINT('',(156.904795779305,-156.728597054853,12.));
#1523=CARTESIAN_POINT('',(151.904795779305,-156.728597054853,12.));
#1524=CARTESIAN_POINT('',(151.904795779305,-151.728597054853,12.));
#1525=CARTESIAN_POINT('Ctrl Pts',(151.904795779305,-151.728597054853,12.));
#1526=CARTESIAN_POINT('Ctrl Pts',(151.904795779305,-152.102596180281,12.));
#1527=CARTESIAN_POINT('Ctrl Pts',(151.906682785857,-152.472671649451,12.));
#1528=CARTESIAN_POINT('Ctrl Pts',(151.948760287945,-152.841383784601,12.));
#1529=CARTESIAN_POINT('Ctrl Pts',(151.990837790033,-153.210095919751,12.));
#1530=CARTESIAN_POINT('Ctrl Pts',(152.073105787657,-153.57744472088,12.));
#1531=CARTESIAN_POINT('Ctrl Pts',(152.212075307562,-153.936261032097,12.));
#1532=CARTESIAN_POINT('Ctrl Pts',(152.351044827467,-154.295077343314,12.));
#1533=CARTESIAN_POINT('Ctrl Pts',(152.546715869652,-154.645361164619,12.));
#1534=CARTESIAN_POINT('Ctrl Pts',(152.793783173745,-154.969662922413,12.));
#1535=CARTESIAN_POINT('Ctrl Pts',(153.040850477837,-155.293964680207,12.));
#1536=CARTESIAN_POINT('Ctrl Pts',(153.339314043838,-155.592284374491,12.));
#1537=CARTESIAN_POINT('Ctrl Pts',(153.663754675466,-155.839498028156,12.));
#1538=CARTESIAN_POINT('Ctrl Pts',(153.988195307095,-156.086711681821,12.));
#1539=CARTESIAN_POINT('Ctrl Pts',(154.338613004352,-156.282819294867,12.));
#1540=CARTESIAN_POINT('Ctrl Pts',(154.697437390394,-156.421850431529,12.));
#1541=CARTESIAN_POINT('Ctrl Pts',(155.056261776436,-156.560881568192,12.));
#1542=CARTESIAN_POINT('Ctrl Pts',(155.423492851263,-156.64283622847,12.));
#1543=CARTESIAN_POINT('Ctrl Pts',(155.792126570623,-156.684765100136,12.));
#1544=CARTESIAN_POINT('Ctrl Pts',(156.160760289983,-156.726693971801,12.));
#1545=CARTESIAN_POINT('Ctrl Pts',(156.530796653878,-156.728597054853,12.));
#1546=CARTESIAN_POINT('Ctrl Pts',(156.904795779305,-156.728597054853,12.));
#1547=CARTESIAN_POINT('',(151.904795779305,-50.1473547300369,12.));
#1548=CARTESIAN_POINT('',(151.904795779305,-45.1473547300369,12.));
#1549=CARTESIAN_POINT('Ctrl Pts',(156.904795779305,-45.1473547300369,12.));
#1550=CARTESIAN_POINT('Ctrl Pts',(156.530796653878,-45.1473547300369,12.));
#1551=CARTESIAN_POINT('Ctrl Pts',(156.160722579356,-45.1492382189725,12.));
#1552=CARTESIAN_POINT('Ctrl Pts',(155.792011261957,-45.1913136620978,12.));
#1553=CARTESIAN_POINT('Ctrl Pts',(155.423299944559,-45.2333891052231,12.));
#1554=CARTESIAN_POINT('Ctrl Pts',(155.055951384282,-45.315656502538,12.));
#1555=CARTESIAN_POINT('Ctrl Pts',(154.697134964262,-45.454625956082,12.));
#1556=CARTESIAN_POINT('Ctrl Pts',(154.338318544242,-45.593595409626,12.));
#1557=CARTESIAN_POINT('Ctrl Pts',(153.988034264477,-45.789266919399,12.));
#1558=CARTESIAN_POINT('Ctrl Pts',(153.663731944434,-46.0363346642995,12.));
#1559=CARTESIAN_POINT('Ctrl Pts',(153.339429624391,-46.2834024092,12.));
#1560=CARTESIAN_POINT('Ctrl Pts',(153.041109264069,-46.581866389228,12.));
#1561=CARTESIAN_POINT('Ctrl Pts',(152.793895388128,-46.9063075231844,12.));
#1562=CARTESIAN_POINT('Ctrl Pts',(152.546681512187,-47.2307486571408,12.));
#1563=CARTESIAN_POINT('Ctrl Pts',(152.350574120626,-47.5811669450256,12.));
#1564=CARTESIAN_POINT('Ctrl Pts',(152.211542841984,-47.9399919225275,12.));
#1565=CARTESIAN_POINT('Ctrl Pts',(152.072511563342,-48.2988169000294,12.));
#1566=CARTESIAN_POINT('Ctrl Pts',(151.990556397619,-48.6660485671484,12.));
#1567=CARTESIAN_POINT('Ctrl Pts',(151.94862745161,-49.0346832432934,12.));
#1568=CARTESIAN_POINT('Ctrl Pts',(151.9066985056,-49.4033179194385,12.));
#1569=CARTESIAN_POINT('Ctrl Pts',(151.904795779305,-49.7733556046095,12.));
#1570=CARTESIAN_POINT('Ctrl Pts',(151.904795779305,-50.1473547300369,12.));
#1571=CARTESIAN_POINT('',(206.230726836966,-70.7952229158592,12.));
#1572=CARTESIAN_POINT('',(166.376354547719,-70.7952229158592,12.));
#1573=CARTESIAN_POINT('',(206.230726836966,-70.7952229158592,12.));
#1574=CARTESIAN_POINT('',(206.230726836966,-56.9681957951,12.));
#1575=CARTESIAN_POINT('',(206.230726836966,-56.9681957951,12.));
#1576=CARTESIAN_POINT('',(166.376354547719,-56.9681957951,12.));
#1577=CARTESIAN_POINT('',(166.376354547719,-56.9681957951,12.));
#1578=CARTESIAN_POINT('',(166.376354547719,-70.7952229158592,12.));
#1579=CARTESIAN_POINT('',(214.490981275149,-92.2677826798616,12.));
#1580=CARTESIAN_POINT('',(215.990981275149,-90.7677826798616,12.));
#1581=CARTESIAN_POINT('Origin',(214.490981275149,-90.7677826798616,12.));
#1582=CARTESIAN_POINT('',(160.556163719082,-92.2677826798616,12.));
#1583=CARTESIAN_POINT('',(159.056163719082,-92.2677826798616,12.));
#1584=CARTESIAN_POINT('',(159.056163719082,-93.7677826798616,12.));
#1585=CARTESIAN_POINT('Origin',(160.556163719082,-93.7677826798616,12.));
#1586=CARTESIAN_POINT('',(159.056163719082,-148.5,12.));
#1587=CARTESIAN_POINT('',(159.056163719082,-150.,12.));
#1588=CARTESIAN_POINT('',(160.556163719082,-150.,12.));
#1589=CARTESIAN_POINT('Origin',(160.556163719082,-148.5,12.));
#1590=CARTESIAN_POINT('',(233.5,-150.,12.));
#1591=CARTESIAN_POINT('',(235.,-150.,12.));
#1592=CARTESIAN_POINT('',(235.,-148.5,12.));
#1593=CARTESIAN_POINT('Origin',(233.5,-148.5,12.));
#1594=CARTESIAN_POINT('',(235.,-75.3859701546171,12.));
#1595=CARTESIAN_POINT('',(235.,-92.2677826798616,12.));
#1596=CARTESIAN_POINT('',(233.5,-73.8859701546171,12.));
#1597=CARTESIAN_POINT('Origin',(233.5,-75.3859701546171,12.));
#1598=CARTESIAN_POINT('',(217.490981275149,-73.8859701546171,12.));
#1599=CARTESIAN_POINT('',(235.,-73.8859701546171,12.));
#1600=CARTESIAN_POINT('',(215.990981275149,-75.3859701546171,12.));
#1601=CARTESIAN_POINT('Origin',(217.490981275149,-75.3859701546171,12.));
#1602=CARTESIAN_POINT('',(215.990981275149,-73.8859701546171,12.));
#1603=CARTESIAN_POINT('Ctrl Pts',(151.904795779305,-50.1473547300369,12.));
#1604=CARTESIAN_POINT('Ctrl Pts',(151.904795779305,-50.1473547300369,13.));
#1605=CARTESIAN_POINT('Ctrl Pts',(151.904795779305,-50.1473547300369,14.));
#1606=CARTESIAN_POINT('Ctrl Pts',(151.904795779305,-50.1473547300369,15.));
#1607=CARTESIAN_POINT('Ctrl Pts',(151.904795779305,-49.7733556046095,12.));
#1608=CARTESIAN_POINT('Ctrl Pts',(151.904795779305,-49.7733556046095,13.));
#1609=CARTESIAN_POINT('Ctrl Pts',(151.904795779305,-49.7733556046095,14.));
#1610=CARTESIAN_POINT('Ctrl Pts',(151.904795779305,-49.7733556046095,15.));
#1611=CARTESIAN_POINT('Ctrl Pts',(151.908601231896,-49.0332802342674,12.));
#1612=CARTESIAN_POINT('Ctrl Pts',(151.908601231896,-49.0332802342674,13.));
#1613=CARTESIAN_POINT('Ctrl Pts',(151.908601231896,-49.0332802342674,14.));
#1614=CARTESIAN_POINT('Ctrl Pts',(151.908601231896,-49.0332802342674,15.));
#1615=CARTESIAN_POINT('Ctrl Pts',(152.154466729065,-47.9315852329104,12.));
#1616=CARTESIAN_POINT('Ctrl Pts',(152.154466729065,-47.9315852329104,13.));
#1617=CARTESIAN_POINT('Ctrl Pts',(152.154466729065,-47.9315852329104,14.));
#1618=CARTESIAN_POINT('Ctrl Pts',(152.154466729065,-47.9315852329104,15.));
#1619=CARTESIAN_POINT('Ctrl Pts',(152.742788903747,-46.8803303692559,12.));
#1620=CARTESIAN_POINT('Ctrl Pts',(152.742788903747,-46.8803303692559,13.));
#1621=CARTESIAN_POINT('Ctrl Pts',(152.742788903747,-46.8803303692559,14.));
#1622=CARTESIAN_POINT('Ctrl Pts',(152.742788903747,-46.8803303692559,15.));
#1623=CARTESIAN_POINT('Ctrl Pts',(153.637749984712,-45.9849384291721,12.));
#1624=CARTESIAN_POINT('Ctrl Pts',(153.637749984712,-45.9849384291721,13.));
#1625=CARTESIAN_POINT('Ctrl Pts',(153.637749984712,-45.9849384291721,14.));
#1626=CARTESIAN_POINT('Ctrl Pts',(153.637749984712,-45.9849384291721,15.));
#1627=CARTESIAN_POINT('Ctrl Pts',(154.688602824006,-45.3979238998529,12.));
#1628=CARTESIAN_POINT('Ctrl Pts',(154.688602824006,-45.3979238998529,13.));
#1629=CARTESIAN_POINT('Ctrl Pts',(154.688602824006,-45.3979238998529,14.));
#1630=CARTESIAN_POINT('Ctrl Pts',(154.688602824006,-45.3979238998529,15.));
#1631=CARTESIAN_POINT('Ctrl Pts',(155.790648504835,-45.1511217079082,12.));
#1632=CARTESIAN_POINT('Ctrl Pts',(155.790648504835,-45.1511217079082,13.));
#1633=CARTESIAN_POINT('Ctrl Pts',(155.790648504835,-45.1511217079082,14.));
#1634=CARTESIAN_POINT('Ctrl Pts',(155.790648504835,-45.1511217079082,15.));
#1635=CARTESIAN_POINT('Ctrl Pts',(156.530796653878,-45.1473547300369,12.));
#1636=CARTESIAN_POINT('Ctrl Pts',(156.530796653878,-45.1473547300369,13.));
#1637=CARTESIAN_POINT('Ctrl Pts',(156.530796653878,-45.1473547300369,14.));
#1638=CARTESIAN_POINT('Ctrl Pts',(156.530796653878,-45.1473547300369,15.));
#1639=CARTESIAN_POINT('Ctrl Pts',(156.904795779305,-45.1473547300369,12.));
#1640=CARTESIAN_POINT('Ctrl Pts',(156.904795779305,-45.1473547300369,13.));
#1641=CARTESIAN_POINT('Ctrl Pts',(156.904795779305,-45.1473547300369,14.));
#1642=CARTESIAN_POINT('Ctrl Pts',(156.904795779305,-45.1473547300369,15.));
#1643=CARTESIAN_POINT('',(151.904795779305,-50.1473547300369,15.));
#1644=CARTESIAN_POINT('Ctrl Pts',(151.904795779305,-50.1473547300369,15.));
#1645=CARTESIAN_POINT('Ctrl Pts',(151.904795779305,-49.7733556046095,15.));
#1646=CARTESIAN_POINT('Ctrl Pts',(151.9066985056,-49.4033179194385,15.));
#1647=CARTESIAN_POINT('Ctrl Pts',(151.94862745161,-49.0346832432934,15.));
#1648=CARTESIAN_POINT('Ctrl Pts',(151.990556397619,-48.6660485671484,15.));
#1649=CARTESIAN_POINT('Ctrl Pts',(152.072511563342,-48.2988169000294,15.));
#1650=CARTESIAN_POINT('Ctrl Pts',(152.211542841984,-47.9399919225275,15.));
#1651=CARTESIAN_POINT('Ctrl Pts',(152.350574120626,-47.5811669450256,15.));
#1652=CARTESIAN_POINT('Ctrl Pts',(152.546681512187,-47.2307486571408,15.));
#1653=CARTESIAN_POINT('Ctrl Pts',(152.793895388128,-46.9063075231844,15.));
#1654=CARTESIAN_POINT('Ctrl Pts',(153.041109264069,-46.581866389228,15.));
#1655=CARTESIAN_POINT('Ctrl Pts',(153.339429624391,-46.2834024092,15.));
#1656=CARTESIAN_POINT('Ctrl Pts',(153.663731944434,-46.0363346642995,15.));
#1657=CARTESIAN_POINT('Ctrl Pts',(153.988034264477,-45.789266919399,15.));
#1658=CARTESIAN_POINT('Ctrl Pts',(154.338318544242,-45.593595409626,15.));
#1659=CARTESIAN_POINT('Ctrl Pts',(154.697134964262,-45.454625956082,15.));
#1660=CARTESIAN_POINT('Ctrl Pts',(155.055951384282,-45.315656502538,15.));
#1661=CARTESIAN_POINT('Ctrl Pts',(155.423299944559,-45.2333891052231,15.));
#1662=CARTESIAN_POINT('Ctrl Pts',(155.792011261957,-45.1913136620978,15.));
#1663=CARTESIAN_POINT('Ctrl Pts',(156.160722579356,-45.1492382189725,15.));
#1664=CARTESIAN_POINT('Ctrl Pts',(156.530796653878,-45.1473547300369,15.));
#1665=CARTESIAN_POINT('Ctrl Pts',(156.904795779305,-45.1473547300369,15.));
#1666=CARTESIAN_POINT('',(151.904795779305,-50.1473547300369,12.));
#1667=CARTESIAN_POINT('Origin',(151.904795779305,-45.1473547300369,12.));
#1668=CARTESIAN_POINT('',(151.904795779305,-151.728597054853,15.));
#1669=CARTESIAN_POINT('',(151.904795779305,-151.728597054853,12.));
#1670=CARTESIAN_POINT('',(151.904795779305,-45.1473547300369,15.));
#1671=CARTESIAN_POINT('Ctrl Pts',(156.904795779305,-156.728597054853,12.));
#1672=CARTESIAN_POINT('Ctrl Pts',(156.904795779305,-156.728597054853,13.));
#1673=CARTESIAN_POINT('Ctrl Pts',(156.904795779305,-156.728597054853,14.));
#1674=CARTESIAN_POINT('Ctrl Pts',(156.904795779305,-156.728597054853,15.));
#1675=CARTESIAN_POINT('Ctrl Pts',(156.530796653878,-156.728597054853,12.));
#1676=CARTESIAN_POINT('Ctrl Pts',(156.530796653878,-156.728597054853,13.));
#1677=CARTESIAN_POINT('Ctrl Pts',(156.530796653878,-156.728597054853,14.));
#1678=CARTESIAN_POINT('Ctrl Pts',(156.530796653878,-156.728597054853,15.));
#1679=CARTESIAN_POINT('Ctrl Pts',(155.790723926089,-156.724790888749,12.));
#1680=CARTESIAN_POINT('Ctrl Pts',(155.790723926089,-156.724790888749,13.));
#1681=CARTESIAN_POINT('Ctrl Pts',(155.790723926089,-156.724790888749,14.));
#1682=CARTESIAN_POINT('Ctrl Pts',(155.790723926089,-156.724790888749,15.));
#1683=CARTESIAN_POINT('Ctrl Pts',(154.68903070161,-156.478926907913,12.));
#1684=CARTESIAN_POINT('Ctrl Pts',(154.68903070161,-156.478926907913,13.));
#1685=CARTESIAN_POINT('Ctrl Pts',(154.68903070161,-156.478926907913,14.));
#1686=CARTESIAN_POINT('Ctrl Pts',(154.68903070161,-156.478926907913,15.));
#1687=CARTESIAN_POINT('Ctrl Pts',(153.637777609838,-155.890604068775,12.));
#1688=CARTESIAN_POINT('Ctrl Pts',(153.637777609838,-155.890604068775,13.));
#1689=CARTESIAN_POINT('Ctrl Pts',(153.637777609838,-155.890604068775,14.));
#1690=CARTESIAN_POINT('Ctrl Pts',(153.637777609838,-155.890604068775,15.));
#1691=CARTESIAN_POINT('Ctrl Pts',(152.742386911837,-154.995644985923,12.));
#1692=CARTESIAN_POINT('Ctrl Pts',(152.742386911837,-154.995644985923,13.));
#1693=CARTESIAN_POINT('Ctrl Pts',(152.742386911837,-154.995644985923,14.));
#1694=CARTESIAN_POINT('Ctrl Pts',(152.742386911837,-154.995644985923,15.));
#1695=CARTESIAN_POINT('Ctrl Pts',(152.155373785282,-153.94479352201,12.));
#1696=CARTESIAN_POINT('Ctrl Pts',(152.155373785282,-153.94479352201,13.));
#1697=CARTESIAN_POINT('Ctrl Pts',(152.155373785282,-153.94479352201,14.));
#1698=CARTESIAN_POINT('Ctrl Pts',(152.155373785282,-153.94479352201,15.));
#1699=CARTESIAN_POINT('Ctrl Pts',(151.908569792408,-152.842747118622,12.));
#1700=CARTESIAN_POINT('Ctrl Pts',(151.908569792408,-152.842747118622,13.));
#1701=CARTESIAN_POINT('Ctrl Pts',(151.908569792408,-152.842747118622,14.));
#1702=CARTESIAN_POINT('Ctrl Pts',(151.908569792408,-152.842747118622,15.));
#1703=CARTESIAN_POINT('Ctrl Pts',(151.904795779305,-152.102596180281,12.));
#1704=CARTESIAN_POINT('Ctrl Pts',(151.904795779305,-152.102596180281,13.));
#1705=CARTESIAN_POINT('Ctrl Pts',(151.904795779305,-152.102596180281,14.));
#1706=CARTESIAN_POINT('Ctrl Pts',(151.904795779305,-152.102596180281,15.));
#1707=CARTESIAN_POINT('Ctrl Pts',(151.904795779305,-151.728597054853,12.));
#1708=CARTESIAN_POINT('Ctrl Pts',(151.904795779305,-151.728597054853,13.));
#1709=CARTESIAN_POINT('Ctrl Pts',(151.904795779305,-151.728597054853,14.));
#1710=CARTESIAN_POINT('Ctrl Pts',(151.904795779305,-151.728597054853,15.));
#1711=CARTESIAN_POINT('',(156.904795779305,-156.728597054853,15.));
#1712=CARTESIAN_POINT('Ctrl Pts',(156.904795779305,-156.728597054853,15.));
#1713=CARTESIAN_POINT('Ctrl Pts',(156.530796653878,-156.728597054853,15.));
#1714=CARTESIAN_POINT('Ctrl Pts',(156.160760289983,-156.726693971801,15.));
#1715=CARTESIAN_POINT('Ctrl Pts',(155.792126570623,-156.684765100136,15.));
#1716=CARTESIAN_POINT('Ctrl Pts',(155.423492851263,-156.64283622847,15.));
#1717=CARTESIAN_POINT('Ctrl Pts',(155.056261776436,-156.560881568192,15.));
#1718=CARTESIAN_POINT('Ctrl Pts',(154.697437390394,-156.421850431529,15.));
#1719=CARTESIAN_POINT('Ctrl Pts',(154.338613004352,-156.282819294867,15.));
#1720=CARTESIAN_POINT('Ctrl Pts',(153.988195307095,-156.086711681821,15.));
#1721=CARTESIAN_POINT('Ctrl Pts',(153.663754675466,-155.839498028156,15.));
#1722=CARTESIAN_POINT('Ctrl Pts',(153.339314043838,-155.592284374491,15.));
#1723=CARTESIAN_POINT('Ctrl Pts',(153.040850477837,-155.293964680207,15.));
#1724=CARTESIAN_POINT('Ctrl Pts',(152.793783173745,-154.969662922413,15.));
#1725=CARTESIAN_POINT('Ctrl Pts',(152.546715869652,-154.645361164619,15.));
#1726=CARTESIAN_POINT('Ctrl Pts',(152.351044827467,-154.295077343314,15.));
#1727=CARTESIAN_POINT('Ctrl Pts',(152.212075307562,-153.936261032097,15.));
#1728=CARTESIAN_POINT('Ctrl Pts',(152.073105787657,-153.57744472088,15.));
#1729=CARTESIAN_POINT('Ctrl Pts',(151.990837790033,-153.210095919751,15.));
#1730=CARTESIAN_POINT('Ctrl Pts',(151.948760287945,-152.841383784601,15.));
#1731=CARTESIAN_POINT('Ctrl Pts',(151.906682785857,-152.472671649451,15.));
#1732=CARTESIAN_POINT('Ctrl Pts',(151.904795779305,-152.102596180281,15.));
#1733=CARTESIAN_POINT('Ctrl Pts',(151.904795779305,-151.728597054853,15.));
#1734=CARTESIAN_POINT('',(156.904795779305,-156.728597054853,12.));
#1735=CARTESIAN_POINT('Origin',(151.904795779305,-156.728597054853,12.));
#1736=CARTESIAN_POINT('',(236.826566600152,-156.728597054853,15.));
#1737=CARTESIAN_POINT('',(236.826566600152,-156.728597054853,12.));
#1738=CARTESIAN_POINT('',(151.904795779305,-156.728597054853,15.));
#1739=CARTESIAN_POINT('Ctrl Pts',(241.826566600152,-151.728597054853,12.));
#1740=CARTESIAN_POINT('Ctrl Pts',(241.826566600152,-151.728597054853,13.));
#1741=CARTESIAN_POINT('Ctrl Pts',(241.826566600152,-151.728597054853,14.));
#1742=CARTESIAN_POINT('Ctrl Pts',(241.826566600152,-151.728597054853,15.));
#1743=CARTESIAN_POINT('Ctrl Pts',(241.826566600152,-152.102596180281,12.));
#1744=CARTESIAN_POINT('Ctrl Pts',(241.826566600152,-152.102596180281,13.));
#1745=CARTESIAN_POINT('Ctrl Pts',(241.826566600152,-152.102596180281,14.));
#1746=CARTESIAN_POINT('Ctrl Pts',(241.826566600152,-152.102596180281,15.));
#1747=CARTESIAN_POINT('Ctrl Pts',(241.822760172055,-152.842667778574,12.));
#1748=CARTESIAN_POINT('Ctrl Pts',(241.822760172055,-152.842667778574,13.));
#1749=CARTESIAN_POINT('Ctrl Pts',(241.822760172055,-152.842667778574,14.));
#1750=CARTESIAN_POINT('Ctrl Pts',(241.822760172055,-152.842667778574,15.));
#1751=CARTESIAN_POINT('Ctrl Pts',(241.576896792235,-153.94436028321,12.));
#1752=CARTESIAN_POINT('Ctrl Pts',(241.576896792235,-153.94436028321,13.));
#1753=CARTESIAN_POINT('Ctrl Pts',(241.576896792235,-153.94436028321,14.));
#1754=CARTESIAN_POINT('Ctrl Pts',(241.576896792235,-153.94436028321,15.));
#1755=CARTESIAN_POINT('Ctrl Pts',(240.988573708966,-154.99561261832,12.));
#1756=CARTESIAN_POINT('Ctrl Pts',(240.988573708966,-154.99561261832,13.));
#1757=CARTESIAN_POINT('Ctrl Pts',(240.988573708966,-154.99561261832,14.));
#1758=CARTESIAN_POINT('Ctrl Pts',(240.988573708966,-154.99561261832,15.));
#1759=CARTESIAN_POINT('Ctrl Pts',(240.09361541097,-155.891002849654,12.));
#1760=CARTESIAN_POINT('Ctrl Pts',(240.09361541097,-155.891002849654,13.));
#1761=CARTESIAN_POINT('Ctrl Pts',(240.09361541097,-155.891002849654,14.));
#1762=CARTESIAN_POINT('Ctrl Pts',(240.09361541097,-155.891002849654,15.));
#1763=CARTESIAN_POINT('Ctrl Pts',(239.042764487253,-156.47801544155,12.));
#1764=CARTESIAN_POINT('Ctrl Pts',(239.042764487253,-156.47801544155,13.));
#1765=CARTESIAN_POINT('Ctrl Pts',(239.042764487253,-156.47801544155,14.));
#1766=CARTESIAN_POINT('Ctrl Pts',(239.042764487253,-156.47801544155,15.));
#1767=CARTESIAN_POINT('Ctrl Pts',(237.940717789257,-156.724820175408,12.));
#1768=CARTESIAN_POINT('Ctrl Pts',(237.940717789257,-156.724820175408,13.));
#1769=CARTESIAN_POINT('Ctrl Pts',(237.940717789257,-156.724820175408,14.));
#1770=CARTESIAN_POINT('Ctrl Pts',(237.940717789257,-156.724820175408,15.));
#1771=CARTESIAN_POINT('Ctrl Pts',(237.20056572558,-156.728597054853,12.));
#1772=CARTESIAN_POINT('Ctrl Pts',(237.20056572558,-156.728597054853,13.));
#1773=CARTESIAN_POINT('Ctrl Pts',(237.20056572558,-156.728597054853,14.));
#1774=CARTESIAN_POINT('Ctrl Pts',(237.20056572558,-156.728597054853,15.));
#1775=CARTESIAN_POINT('Ctrl Pts',(236.826566600152,-156.728597054853,12.));
#1776=CARTESIAN_POINT('Ctrl Pts',(236.826566600152,-156.728597054853,13.));
#1777=CARTESIAN_POINT('Ctrl Pts',(236.826566600152,-156.728597054853,14.));
#1778=CARTESIAN_POINT('Ctrl Pts',(236.826566600152,-156.728597054853,15.));
#1779=CARTESIAN_POINT('',(241.826566600152,-151.728597054853,15.));
#1780=CARTESIAN_POINT('Ctrl Pts',(241.826566600152,-151.728597054853,15.));
#1781=CARTESIAN_POINT('Ctrl Pts',(241.826566600152,-152.102596180281,15.));
#1782=CARTESIAN_POINT('Ctrl Pts',(241.824663386104,-152.472631979427,15.));
#1783=CARTESIAN_POINT('Ctrl Pts',(241.78273454911,-152.84126529644,15.));
#1784=CARTESIAN_POINT('Ctrl Pts',(241.740805712115,-153.209898613452,15.));
#1785=CARTESIAN_POINT('Ctrl Pts',(241.658851252175,-153.577129448331,15.));
#1786=CARTESIAN_POINT('Ctrl Pts',(241.519820174993,-153.935953588289,15.));
#1787=CARTESIAN_POINT('Ctrl Pts',(241.380789097812,-154.294777728246,15.));
#1788=CARTESIAN_POINT('Ctrl Pts',(241.184681403389,-154.645195173283,15.));
#1789=CARTESIAN_POINT('Ctrl Pts',(240.937467839845,-154.969635601024,15.));
#1790=CARTESIAN_POINT('Ctrl Pts',(240.690254276301,-155.294076028765,15.));
#1791=CARTESIAN_POINT('Ctrl Pts',(240.391934843635,-155.59253943921,15.));
#1792=CARTESIAN_POINT('Ctrl Pts',(240.067633306683,-155.839606576415,15.));
#1793=CARTESIAN_POINT('Ctrl Pts',(239.743331769731,-156.08667371362,15.));
#1794=CARTESIAN_POINT('Ctrl Pts',(239.393048128492,-156.282344577585,15.));
#1795=CARTESIAN_POINT('Ctrl Pts',(239.034231858207,-156.421314131877,15.));
#1796=CARTESIAN_POINT('Ctrl Pts',(238.675415587921,-156.56028368617,15.));
#1797=CARTESIAN_POINT('Ctrl Pts',(238.308066688589,-156.642551930789,15.));
#1798=CARTESIAN_POINT('Ctrl Pts',(237.939354223004,-156.68463027296,15.));
#1799=CARTESIAN_POINT('Ctrl Pts',(237.570641757418,-156.726708615131,15.));
#1800=CARTESIAN_POINT('Ctrl Pts',(237.20056572558,-156.728597054853,15.));
#1801=CARTESIAN_POINT('Ctrl Pts',(236.826566600152,-156.728597054853,15.));
#1802=CARTESIAN_POINT('',(241.826566600152,-151.728597054853,12.));
#1803=CARTESIAN_POINT('Origin',(241.826566600152,-156.728597054853,12.));
#1804=CARTESIAN_POINT('',(241.826566600152,-156.728597054853,15.));
#1805=CARTESIAN_POINT('Origin',(160.556163719082,-148.5,12.));
#1806=CARTESIAN_POINT('',(159.056163719082,-148.5,15.));
#1807=CARTESIAN_POINT('',(159.056163719082,-148.5,12.));
#1808=CARTESIAN_POINT('',(160.556163719082,-150.,15.));
#1809=CARTESIAN_POINT('Origin',(160.556163719082,-148.5,15.));
#1810=CARTESIAN_POINT('',(160.556163719082,-150.,12.));
#1811=CARTESIAN_POINT('Origin',(159.056163719082,-150.,12.));
#1812=CARTESIAN_POINT('',(159.056163719082,-93.7677826798616,15.));
#1813=CARTESIAN_POINT('',(159.056163719082,-93.7677826798616,12.));
#1814=CARTESIAN_POINT('',(159.056163719082,-150.,15.));
#1815=CARTESIAN_POINT('Origin',(233.5,-148.5,12.));
#1816=CARTESIAN_POINT('',(233.5,-150.,15.));
#1817=CARTESIAN_POINT('',(233.5,-150.,12.));
#1818=CARTESIAN_POINT('',(235.,-148.5,15.));
#1819=CARTESIAN_POINT('Origin',(233.5,-148.5,15.));
#1820=CARTESIAN_POINT('',(235.,-148.5,12.));
#1821=CARTESIAN_POINT('Origin',(235.,-150.,12.));
#1822=CARTESIAN_POINT('',(235.,-150.,15.));
#1823=CARTESIAN_POINT('Origin',(233.5,-75.3859701546171,12.));
#1824=CARTESIAN_POINT('',(235.,-75.3859701546171,15.));
#1825=CARTESIAN_POINT('',(235.,-75.3859701546171,12.));
#1826=CARTESIAN_POINT('',(233.5,-73.8859701546171,15.));
#1827=CARTESIAN_POINT('Origin',(233.5,-75.3859701546171,15.));
#1828=CARTESIAN_POINT('',(233.5,-73.8859701546171,12.));
#1829=CARTESIAN_POINT('Origin',(235.,-73.8859701546171,12.));
#1830=CARTESIAN_POINT('',(235.,-92.2677826798616,15.));
#1831=CARTESIAN_POINT('Origin',(160.556163719082,-93.7677826798616,12.));
#1832=CARTESIAN_POINT('',(160.556163719082,-92.2677826798616,15.));
#1833=CARTESIAN_POINT('',(160.556163719082,-92.2677826798616,12.));
#1834=CARTESIAN_POINT('Origin',(160.556163719082,-93.7677826798616,15.));
#1835=CARTESIAN_POINT('Origin',(159.056163719082,-92.2677826798616,12.));
#1836=CARTESIAN_POINT('',(214.490981275149,-92.2677826798616,15.));
#1837=CARTESIAN_POINT('',(214.490981275149,-92.2677826798616,12.));
#1838=CARTESIAN_POINT('',(159.056163719082,-92.2677826798616,15.));
#1839=CARTESIAN_POINT('Origin',(217.490981275149,-75.3859701546171,12.));
#1840=CARTESIAN_POINT('',(217.490981275149,-73.8859701546171,15.));
#1841=CARTESIAN_POINT('',(217.490981275149,-73.8859701546171,12.));
#1842=CARTESIAN_POINT('',(215.990981275149,-75.3859701546171,15.));
#1843=CARTESIAN_POINT('Origin',(217.490981275149,-75.3859701546171,15.));
#1844=CARTESIAN_POINT('',(215.990981275149,-75.3859701546171,12.));
#1845=CARTESIAN_POINT('Origin',(215.990981275149,-73.8859701546171,12.));
#1846=CARTESIAN_POINT('',(235.,-73.8859701546171,15.));
#1847=CARTESIAN_POINT('Origin',(214.490981275149,-90.7677826798616,12.));
#1848=CARTESIAN_POINT('',(215.990981275149,-90.7677826798616,15.));
#1849=CARTESIAN_POINT('Origin',(214.490981275149,-90.7677826798616,15.));
#1850=CARTESIAN_POINT('',(215.990981275149,-90.7677826798616,12.));
#1851=CARTESIAN_POINT('Origin',(215.990981275149,-92.2677826798616,12.));
#1852=CARTESIAN_POINT('',(215.990981275149,-73.8859701546171,15.));
#1853=CARTESIAN_POINT('Origin',(206.230726836966,-56.9681957951,12.));
#1854=CARTESIAN_POINT('',(206.230726836966,-70.7952229158592,15.));
#1855=CARTESIAN_POINT('',(206.230726836966,-70.7952229158592,12.));
#1856=CARTESIAN_POINT('',(206.230726836966,-56.9681957951,15.));
#1857=CARTESIAN_POINT('',(206.230726836966,-56.9681957951,15.));
#1858=CARTESIAN_POINT('',(206.230726836966,-56.9681957951,12.));
#1859=CARTESIAN_POINT('Origin',(166.376354547719,-56.9681957951,12.));
#1860=CARTESIAN_POINT('',(166.376354547719,-56.9681957951,15.));
#1861=CARTESIAN_POINT('',(166.376354547719,-56.9681957951,15.));
#1862=CARTESIAN_POINT('',(166.376354547719,-56.9681957951,12.));
#1863=CARTESIAN_POINT('Origin',(166.376354547719,-70.7952229158592,12.));
#1864=CARTESIAN_POINT('',(166.376354547719,-70.7952229158592,15.));
#1865=CARTESIAN_POINT('',(166.376354547719,-70.7952229158592,15.));
#1866=CARTESIAN_POINT('',(166.376354547719,-70.7952229158592,12.));
#1867=CARTESIAN_POINT('Origin',(206.230726836966,-70.7952229158592,12.));
#1868=CARTESIAN_POINT('',(206.230726836966,-70.7952229158592,15.));
#1869=CARTESIAN_POINT('Origin',(196.865681189729,-100.937975892445,15.));
#1870=UNCERTAINTY_MEASURE_WITH_UNIT(LENGTH_MEASURE(0.01),#1874,
'DISTANCE_ACCURACY_VALUE',
'Maximum model space distance between geometric entities at asserted c
onnectivities');
#1871=UNCERTAINTY_MEASURE_WITH_UNIT(LENGTH_MEASURE(0.01),#1874,
'DISTANCE_ACCURACY_VALUE',
'Maximum model space distance between geometric entities at asserted c
onnectivities');
#1872=(
GEOMETRIC_REPRESENTATION_CONTEXT(3)
GLOBAL_UNCERTAINTY_ASSIGNED_CONTEXT((#1870))
GLOBAL_UNIT_ASSIGNED_CONTEXT((#1874,#1875,#1876))
REPRESENTATION_CONTEXT('','3D')
);
#1873=(
GEOMETRIC_REPRESENTATION_CONTEXT(3)
GLOBAL_UNCERTAINTY_ASSIGNED_CONTEXT((#1871))
GLOBAL_UNIT_ASSIGNED_CONTEXT((#1874,#1875,#1876))
REPRESENTATION_CONTEXT('','3D')
);
#1874=(
LENGTH_UNIT()
NAMED_UNIT(*)
SI_UNIT(.MILLI.,.METRE.)
);
#1875=(
NAMED_UNIT(*)
PLANE_ANGLE_UNIT()
SI_UNIT($,.RADIAN.)
);
#1876=(
NAMED_UNIT(*)
SI_UNIT($,.STERADIAN.)
SOLID_ANGLE_UNIT()
);
#1877=SHAPE_DEFINITION_REPRESENTATION(#1878,#1879);
#1878=PRODUCT_DEFINITION_SHAPE('',$,#1881);
#1879=SHAPE_REPRESENTATION('',(#774),#1872);
#1880=PRODUCT_DEFINITION_CONTEXT('part definition',#1885,'design');
#1881=PRODUCT_DEFINITION('Stardance PCB 1','Stardance hackpad',#1882,#1880);
#1882=PRODUCT_DEFINITION_FORMATION('',$,#1887);
#1883=PRODUCT_RELATED_PRODUCT_CATEGORY('Stardance hackpad',
'Stardance hackpad',(#1887));
#1884=APPLICATION_PROTOCOL_DEFINITION('international standard',
'automotive_design',2009,#1885);
#1885=APPLICATION_CONTEXT(
'Core Data for Automotive Mechanical Design Process');
#1886=PRODUCT_CONTEXT('part definition',#1885,'mechanical');
#1887=PRODUCT('Stardance PCB 1','Stardance hackpad',
'KiCad electronic assembly',(#1886));
#1888=PRESENTATION_STYLE_ASSIGNMENT((#1889));
#1889=SURFACE_STYLE_USAGE(.BOTH.,#1890);
#1890=SURFACE_SIDE_STYLE('',(#1891));
#1891=SURFACE_STYLE_FILL_AREA(#1892);
#1892=FILL_AREA_STYLE('Steel - Satin',(#1893));
#1893=FILL_AREA_STYLE_COLOUR('Steel - Satin',#1894);
#1894=COLOUR_RGB('Steel - Satin',0.627450980392157,0.627450980392157,0.627450980392157);
ENDSEC;
END-ISO-10303-21;
