ISO-10303-21;
HEADER;
FILE_DESCRIPTION(('KiCad electronic assembly'),'2;1');
FILE_NAME('Stardance PCB.step','2026-08-08T20:59:57',('Pcbnew'),('Kicad'
    ),'Open CASCADE STEP processor 7.9','KiCad to STEP converter',
  'Unknown');
FILE_SCHEMA(('AUTOMOTIVE_DESIGN { 1 0 10303 214 1 1 1 1 }'));
ENDSEC;
DATA;
#1 = APPLICATION_PROTOCOL_DEFINITION('international standard',
  'automotive_design',2000,#2);
#2 = APPLICATION_CONTEXT(
  'core data for automotive mechanical design processes');
#3 = SHAPE_DEFINITION_REPRESENTATION(#4,#10);
#4 = PRODUCT_DEFINITION_SHAPE('','',#5);
#5 = PRODUCT_DEFINITION('design','',#6,#9);
#6 = PRODUCT_DEFINITION_FORMATION('','',#7);
#7 = PRODUCT('Stardance PCB 1','Stardance PCB 1','',(#8));
#8 = PRODUCT_CONTEXT('',#2,'mechanical');
#9 = PRODUCT_DEFINITION_CONTEXT('part definition',#2,'design');
#10 = SHAPE_REPRESENTATION('',(#11,#15,#19,#23,#27,#31,#35,#39,#43,#47,
    #51,#55,#59,#63),#67);
#11 = AXIS2_PLACEMENT_3D('',#12,#13,#14);
#12 = CARTESIAN_POINT('',(0.,0.,0.));
#13 = DIRECTION('',(0.,0.,1.));
#14 = DIRECTION('',(1.,0.,-0.));
#15 = AXIS2_PLACEMENT_3D('',#16,#17,#18);
#16 = CARTESIAN_POINT('',(180.96,-77.94,1.595));
#17 = DIRECTION('',(0.,0.,1.));
#18 = DIRECTION('',(1.,0.,0.));
#19 = AXIS2_PLACEMENT_3D('',#20,#21,#22);
#20 = CARTESIAN_POINT('',(197.4,-82.26,1.595));
#21 = DIRECTION('',(0.,0.,1.));
#22 = DIRECTION('',(1.,0.,0.));
#23 = AXIS2_PLACEMENT_3D('',#24,#25,#26);
#24 = CARTESIAN_POINT('',(180.98,-87.29,1.595));
#25 = DIRECTION('',(0.,0.,1.));
#26 = DIRECTION('',(1.,0.,0.));
#27 = AXIS2_PLACEMENT_3D('',#28,#29,#30);
#28 = CARTESIAN_POINT('',(175.07,-82.48,1.595));
#29 = DIRECTION('',(0.,0.,1.));
#30 = DIRECTION('',(1.,0.,0.));
#31 = AXIS2_PLACEMENT_3D('',#32,#33,#34);
#32 = CARTESIAN_POINT('',(169.81,-87.29,1.595));
#33 = DIRECTION('',(0.,0.,1.));
#34 = DIRECTION('',(1.,0.,0.));
#35 = AXIS2_PLACEMENT_3D('',#36,#37,#38);
#36 = CARTESIAN_POINT('',(192.15,-87.29,1.595));
#37 = DIRECTION('',(0.,0.,1.));
#38 = DIRECTION('',(1.,0.,0.));
#39 = AXIS2_PLACEMENT_3D('',#40,#41,#42);
#40 = CARTESIAN_POINT('',(192.13,-78.16,1.595));
#41 = DIRECTION('',(0.,0.,1.));
#42 = DIRECTION('',(1.,0.,0.));
#43 = AXIS2_PLACEMENT_3D('',#44,#45,#46);
#44 = CARTESIAN_POINT('',(163.64,-82.48,1.595));
#45 = DIRECTION('',(0.,0.,1.));
#46 = DIRECTION('',(1.,0.,0.));
#47 = AXIS2_PLACEMENT_3D('',#48,#49,#50);
#48 = CARTESIAN_POINT('',(186.24,-82.48,1.595));
#49 = DIRECTION('',(0.,0.,1.));
#50 = DIRECTION('',(1.,0.,0.));
#51 = AXIS2_PLACEMENT_3D('',#52,#53,#54);
#52 = CARTESIAN_POINT('',(203.97,-87.29,1.595));
#53 = DIRECTION('',(0.,0.,1.));
#54 = DIRECTION('',(1.,0.,0.));
#55 = AXIS2_PLACEMENT_3D('',#56,#57,#58);
#56 = CARTESIAN_POINT('',(203.64,-78.27,1.595));
#57 = DIRECTION('',(0.,0.,1.));
#58 = DIRECTION('',(1.,0.,0.));
#59 = AXIS2_PLACEMENT_3D('',#60,#61,#62);
#60 = CARTESIAN_POINT('',(169.62,-78.05,1.595));
#61 = DIRECTION('',(0.,0.,1.));
#62 = DIRECTION('',(1.,0.,0.));
#63 = AXIS2_PLACEMENT_3D('',#64,#65,#66);
#64 = CARTESIAN_POINT('',(0.,0.,0.));
#65 = DIRECTION('',(0.,0.,1.));
#66 = DIRECTION('',(1.,0.,-0.));
#67 = ( GEOMETRIC_REPRESENTATION_CONTEXT(3) 
GLOBAL_UNCERTAINTY_ASSIGNED_CONTEXT((#71)) GLOBAL_UNIT_ASSIGNED_CONTEXT(
(#68,#69,#70)) REPRESENTATION_CONTEXT('Context #1',
  '3D Context with UNIT and UNCERTAINTY') );
#68 = ( LENGTH_UNIT() NAMED_UNIT(*) SI_UNIT(.MILLI.,.METRE.) );
#69 = ( NAMED_UNIT(*) PLANE_ANGLE_UNIT() SI_UNIT($,.RADIAN.) );
#70 = ( NAMED_UNIT(*) SI_UNIT($,.STERADIAN.) SOLID_ANGLE_UNIT() );
#71 = UNCERTAINTY_MEASURE_WITH_UNIT(LENGTH_MEASURE(1.E-07),#68,
  'distance_accuracy_value','confusion accuracy');
#72 = PRODUCT_RELATED_PRODUCT_CATEGORY('part',$,(#7));
#73 = SHAPE_DEFINITION_REPRESENTATION(#74,#80);
#74 = PRODUCT_DEFINITION_SHAPE('','',#75);
#75 = PRODUCT_DEFINITION('design','',#76,#79);
#76 = PRODUCT_DEFINITION_FORMATION('','',#77);
#77 = PRODUCT('D_DO-35_SOD27_P7.62mm_Horizontal',
  'D_DO-35_SOD27_P7.62mm_Horizontal','',(#78));
#78 = PRODUCT_CONTEXT('',#2,'mechanical');
#79 = PRODUCT_DEFINITION_CONTEXT('part definition',#2,'design');
#80 = SHAPE_REPRESENTATION('',(#11,#81,#236),#431);
#81 = MANIFOLD_SOLID_BREP('',#82);
#82 = CLOSED_SHELL('',(#83,#116,#142,#167,#193,#218,#227));
#83 = ADVANCED_FACE('',(#84),#111,.T.);
#84 = FACE_BOUND('',#85,.T.);
#85 = EDGE_LOOP('',(#86,#96,#103,#104));
#86 = ORIENTED_EDGE('',*,*,#87,.T.);
#87 = EDGE_CURVE('',#88,#90,#92,.T.);
#88 = VERTEX_POINT('',#89);
#89 = CARTESIAN_POINT('',(0.25,0.,-2.5));
#90 = VERTEX_POINT('',#91);
#91 = CARTESIAN_POINT('',(0.25,1.E-15,1.));
#92 = LINE('',#93,#94);
#93 = CARTESIAN_POINT('',(0.25,6.7E-16,1.));
#94 = VECTOR('',#95,1.);
#95 = DIRECTION('',(0.,2.2E-16,1.));
#96 = ORIENTED_EDGE('',*,*,#97,.F.);
#97 = EDGE_CURVE('',#90,#90,#98,.T.);
#98 = CIRCLE('',#99,0.25);
#99 = AXIS2_PLACEMENT_3D('',#100,#101,#102);
#100 = CARTESIAN_POINT('',(0.,6.7E-16,1.));
#101 = DIRECTION('',(-0.,2.2E-16,1.));
#102 = DIRECTION('',(1.,0.,0.));
#103 = ORIENTED_EDGE('',*,*,#87,.F.);
#104 = ORIENTED_EDGE('',*,*,#105,.T.);
#105 = EDGE_CURVE('',#88,#88,#106,.T.);
#106 = CIRCLE('',#107,0.25);
#107 = AXIS2_PLACEMENT_3D('',#108,#109,#110);
#108 = CARTESIAN_POINT('',(0.,-1.1E-16,-2.5));
#109 = DIRECTION('',(-0.,2.2E-16,1.));
#110 = DIRECTION('',(1.,0.,0.));
#111 = CYLINDRICAL_SURFACE('',#112,0.25);
#112 = AXIS2_PLACEMENT_3D('',#113,#114,#115);
#113 = CARTESIAN_POINT('',(0.,6.7E-16,1.));
#114 = DIRECTION('',(0.,2.2E-16,1.));
#115 = DIRECTION('',(1.,0.,-0.));
#116 = ADVANCED_FACE('',(#117),#137,.T.);
#117 = FACE_BOUND('',#118,.T.);
#118 = EDGE_LOOP('',(#119,#128,#135,#136));
#119 = ORIENTED_EDGE('',*,*,#120,.T.);
#120 = EDGE_CURVE('',#90,#121,#123,.T.);
#121 = VERTEX_POINT('',#122);
#122 = CARTESIAN_POINT('',(0.5,1.E-15,1.25));
#123 = CIRCLE('',#124,0.25);
#124 = AXIS2_PLACEMENT_3D('',#125,#126,#127);
#125 = CARTESIAN_POINT('',(0.5,7.6E-16,1.));
#126 = DIRECTION('',(0.,1.,-2.2E-16));
#127 = DIRECTION('',(1.,0.,0.));
#128 = ORIENTED_EDGE('',*,*,#129,.T.);
#129 = EDGE_CURVE('',#121,#121,#130,.T.);
#130 = CIRCLE('',#131,0.25);
#131 = AXIS2_PLACEMENT_3D('',#132,#133,#134);
#132 = CARTESIAN_POINT('',(0.5,7.8E-16,1.5));
#133 = DIRECTION('',(-1.,0.,-1.8E-16));
#134 = DIRECTION('',(-1.8E-16,2.2E-16,1.));
#135 = ORIENTED_EDGE('',*,*,#120,.F.);
#136 = ORIENTED_EDGE('',*,*,#97,.T.);
#137 = TOROIDAL_SURFACE('',#138,0.5,0.25);
#138 = AXIS2_PLACEMENT_3D('',#139,#140,#141);
#139 = CARTESIAN_POINT('',(0.5,6.7E-16,1.));
#140 = DIRECTION('',(0.,1.,-2.2E-16));
#141 = DIRECTION('',(1.,0.,0.));
#142 = ADVANCED_FACE('',(#143),#162,.T.);
#143 = FACE_BOUND('',#144,.T.);
#144 = EDGE_LOOP('',(#145,#153,#160,#161));
#145 = ORIENTED_EDGE('',*,*,#146,.T.);
#146 = EDGE_CURVE('',#121,#147,#149,.T.);
#147 = VERTEX_POINT('',#148);
#148 = CARTESIAN_POINT('',(7.12,1.E-15,1.25));
#149 = LINE('',#150,#151);
#150 = CARTESIAN_POINT('',(0.5,7.2E-16,1.25));
#151 = VECTOR('',#152,1.);
#152 = DIRECTION('',(1.,0.,0.));
#153 = ORIENTED_EDGE('',*,*,#154,.F.);
#154 = EDGE_CURVE('',#147,#147,#155,.T.);
#155 = CIRCLE('',#156,0.25);
#156 = AXIS2_PLACEMENT_3D('',#157,#158,#159);
#157 = CARTESIAN_POINT('',(7.12,7.8E-16,1.5));
#158 = DIRECTION('',(1.,0.,0.));
#159 = DIRECTION('',(0.,-2.2E-16,-1.));
#160 = ORIENTED_EDGE('',*,*,#146,.F.);
#161 = ORIENTED_EDGE('',*,*,#129,.F.);
#162 = CYLINDRICAL_SURFACE('',#163,0.25);
#163 = AXIS2_PLACEMENT_3D('',#164,#165,#166);
#164 = CARTESIAN_POINT('',(0.5,7.8E-16,1.5));
#165 = DIRECTION('',(1.,0.,0.));
#166 = DIRECTION('',(0.,-2.2E-16,-1.));
#167 = ADVANCED_FACE('',(#168),#188,.T.);
#168 = FACE_BOUND('',#169,.T.);
#169 = EDGE_LOOP('',(#170,#179,#186,#187));
#170 = ORIENTED_EDGE('',*,*,#171,.T.);
#171 = EDGE_CURVE('',#147,#172,#174,.T.);
#172 = VERTEX_POINT('',#173);
#173 = CARTESIAN_POINT('',(7.37,1.E-15,1.));
#174 = CIRCLE('',#175,0.25);
#175 = AXIS2_PLACEMENT_3D('',#176,#177,#178);
#176 = CARTESIAN_POINT('',(7.12,7.6E-16,1.));
#177 = DIRECTION('',(0.,1.,-2.2E-16));
#178 = DIRECTION('',(1.,0.,0.));
#179 = ORIENTED_EDGE('',*,*,#180,.T.);
#180 = EDGE_CURVE('',#172,#172,#181,.T.);
#181 = CIRCLE('',#182,0.25);
#182 = AXIS2_PLACEMENT_3D('',#183,#184,#185);
#183 = CARTESIAN_POINT('',(7.62,6.7E-16,1.));
#184 = DIRECTION('',(-2.4E-16,2.2E-16,1.));
#185 = DIRECTION('',(1.,0.,2.4E-16));
#186 = ORIENTED_EDGE('',*,*,#171,.F.);
#187 = ORIENTED_EDGE('',*,*,#154,.T.);
#188 = TOROIDAL_SURFACE('',#189,0.5,0.25);
#189 = AXIS2_PLACEMENT_3D('',#190,#191,#192);
#190 = CARTESIAN_POINT('',(7.12,6.7E-16,1.));
#191 = DIRECTION('',(0.,1.,-2.2E-16));
#192 = DIRECTION('',(1.,0.,0.));
#193 = ADVANCED_FACE('',(#194),#213,.T.);
#194 = FACE_BOUND('',#195,.T.);
#195 = EDGE_LOOP('',(#196,#204,#211,#212));
#196 = ORIENTED_EDGE('',*,*,#197,.T.);
#197 = EDGE_CURVE('',#172,#198,#200,.T.);
#198 = VERTEX_POINT('',#199);
#199 = CARTESIAN_POINT('',(7.37,0.,-2.5));
#200 = LINE('',#201,#202);
#201 = CARTESIAN_POINT('',(7.37,6.7E-16,1.));
#202 = VECTOR('',#203,1.);
#203 = DIRECTION('',(0.,-2.2E-16,-1.));
#204 = ORIENTED_EDGE('',*,*,#205,.F.);
#205 = EDGE_CURVE('',#198,#198,#206,.T.);
#206 = CIRCLE('',#207,0.25);
#207 = AXIS2_PLACEMENT_3D('',#208,#209,#210);
#208 = CARTESIAN_POINT('',(7.62,-1.1E-16,-2.5));
#209 = DIRECTION('',(-0.,-2.2E-16,-1.));
#210 = DIRECTION('',(-1.,0.,0.));
#211 = ORIENTED_EDGE('',*,*,#197,.F.);
#212 = ORIENTED_EDGE('',*,*,#180,.F.);
#213 = CYLINDRICAL_SURFACE('',#214,0.25);
#214 = AXIS2_PLACEMENT_3D('',#215,#216,#217);
#215 = CARTESIAN_POINT('',(7.62,6.7E-16,1.));
#216 = DIRECTION('',(0.,-2.2E-16,-1.));
#217 = DIRECTION('',(-1.,-0.,0.));
#218 = ADVANCED_FACE('',(#219),#222,.T.);
#219 = FACE_BOUND('',#220,.F.);
#220 = EDGE_LOOP('',(#221));
#221 = ORIENTED_EDGE('',*,*,#105,.T.);
#222 = PLANE('',#223);
#223 = AXIS2_PLACEMENT_3D('',#224,#225,#226);
#224 = CARTESIAN_POINT('',(0.25,-1.1E-16,-2.5));
#225 = DIRECTION('',(0.,0.,-1.));
#226 = DIRECTION('',(-1.,0.,0.));
#227 = ADVANCED_FACE('',(#228),#231,.F.);
#228 = FACE_BOUND('',#229,.T.);
#229 = EDGE_LOOP('',(#230));
#230 = ORIENTED_EDGE('',*,*,#205,.T.);
#231 = PLANE('',#232);
#232 = AXIS2_PLACEMENT_3D('',#233,#234,#235);
#233 = CARTESIAN_POINT('',(7.37,-1.1E-16,-2.5));
#234 = DIRECTION('',(0.,0.,1.));
#235 = DIRECTION('',(1.,0.,-0.));
#236 = MANIFOLD_SOLID_BREP('',#237);
#237 = CLOSED_SHELL('',(#238,#271,#291,#311,#336,#361,#387,#413,#422));
#238 = ADVANCED_FACE('',(#239),#266,.T.);
#239 = FACE_BOUND('',#240,.T.);
#240 = EDGE_LOOP('',(#241,#250,#258,#265));
#241 = ORIENTED_EDGE('',*,*,#242,.T.);
#242 = EDGE_CURVE('',#243,#243,#245,.T.);
#243 = VERTEX_POINT('',#244);
#244 = CARTESIAN_POINT('',(2.41,3.557331958362E-15,2.51));
#245 = CIRCLE('',#246,1.01);
#246 = AXIS2_PLACEMENT_3D('',#247,#248,#249);
#247 = CARTESIAN_POINT('',(2.41,6.630669073875E-16,1.5));
#248 = DIRECTION('',(1.,0.,-0.));
#249 = DIRECTION('',(0.,9.92044604925E-16,1.));
#250 = ORIENTED_EDGE('',*,*,#251,.T.);
#251 = EDGE_CURVE('',#243,#252,#254,.T.);
#252 = VERTEX_POINT('',#253);
#253 = CARTESIAN_POINT('',(3.41,3.557331958362E-15,2.51));
#254 = LINE('',#255,#256);
#255 = CARTESIAN_POINT('',(2.41,5.573319583618E-16,2.51));
#256 = VECTOR('',#257,1.);
#257 = DIRECTION('',(1.,0.,0.));
#258 = ORIENTED_EDGE('',*,*,#259,.F.);
#259 = EDGE_CURVE('',#252,#252,#260,.T.);
#260 = CIRCLE('',#261,1.01);
#261 = AXIS2_PLACEMENT_3D('',#262,#263,#264);
#262 = CARTESIAN_POINT('',(3.41,6.630669073875E-16,1.5));
#263 = DIRECTION('',(1.,0.,-0.));
#264 = DIRECTION('',(0.,9.92044604925E-16,1.));
#265 = ORIENTED_EDGE('',*,*,#251,.F.);
#266 = CYLINDRICAL_SURFACE('',#267,1.01);
#267 = AXIS2_PLACEMENT_3D('',#268,#269,#270);
#268 = CARTESIAN_POINT('',(2.41,6.630669073875E-16,1.5));
#269 = DIRECTION('',(1.,0.,0.));
#270 = DIRECTION('',(-0.,9.92044604925E-16,1.));
#271 = ADVANCED_FACE('',(#272,#275),#286,.F.);
#272 = FACE_BOUND('',#273,.T.);
#273 = EDGE_LOOP('',(#274));
#274 = ORIENTED_EDGE('',*,*,#242,.F.);
#275 = FACE_BOUND('',#276,.T.);
#276 = EDGE_LOOP('',(#277));
#277 = ORIENTED_EDGE('',*,*,#278,.T.);
#278 = EDGE_CURVE('',#279,#279,#281,.T.);
#279 = VERTEX_POINT('',#280);
#280 = CARTESIAN_POINT('',(2.41,5.551115123126E-16,2.5));
#281 = CIRCLE('',#282,1.);
#282 = AXIS2_PLACEMENT_3D('',#283,#284,#285);
#283 = CARTESIAN_POINT('',(2.41,6.630669073875E-16,1.5));
#284 = DIRECTION('',(1.,0.,-0.));
#285 = DIRECTION('',(0.,1.002044604925E-15,1.));
#286 = PLANE('',#287);
#287 = AXIS2_PLACEMENT_3D('',#288,#289,#290);
#288 = CARTESIAN_POINT('',(2.41,6.630669073875E-16,1.5));
#289 = DIRECTION('',(1.,0.,0.));
#290 = DIRECTION('',(-0.,1.002044604925E-15,1.));
#291 = ADVANCED_FACE('',(#292,#295),#306,.T.);
#292 = FACE_BOUND('',#293,.T.);
#293 = EDGE_LOOP('',(#294));
#294 = ORIENTED_EDGE('',*,*,#259,.T.);
#295 = FACE_BOUND('',#296,.T.);
#296 = EDGE_LOOP('',(#297));
#297 = ORIENTED_EDGE('',*,*,#298,.F.);
#298 = EDGE_CURVE('',#299,#299,#301,.T.);
#299 = VERTEX_POINT('',#300);
#300 = CARTESIAN_POINT('',(3.41,5.551115123126E-16,2.5));
#301 = CIRCLE('',#302,1.);
#302 = AXIS2_PLACEMENT_3D('',#303,#304,#305);
#303 = CARTESIAN_POINT('',(3.41,6.630669073875E-16,1.5));
#304 = DIRECTION('',(1.,0.,-0.));
#305 = DIRECTION('',(0.,1.002044604925E-15,1.));
#306 = PLANE('',#307);
#307 = AXIS2_PLACEMENT_3D('',#308,#309,#310);
#308 = CARTESIAN_POINT('',(3.41,6.630669073875E-16,1.5));
#309 = DIRECTION('',(1.,0.,0.));
#310 = DIRECTION('',(-0.,9.92044604925E-16,1.));
#311 = ADVANCED_FACE('',(#312),#331,.T.);
#312 = FACE_BOUND('',#313,.T.);
#313 = EDGE_LOOP('',(#314,#323,#329,#330));
#314 = ORIENTED_EDGE('',*,*,#315,.T.);
#315 = EDGE_CURVE('',#316,#316,#318,.T.);
#316 = VERTEX_POINT('',#317);
#317 = CARTESIAN_POINT('',(2.21,3.555111512313E-15,2.5));
#318 = CIRCLE('',#319,1.);
#319 = AXIS2_PLACEMENT_3D('',#320,#321,#322);
#320 = CARTESIAN_POINT('',(2.21,6.630669073875E-16,1.5));
#321 = DIRECTION('',(1.,0.,-0.));
#322 = DIRECTION('',(0.,1.002044604925E-15,1.));
#323 = ORIENTED_EDGE('',*,*,#324,.T.);
#324 = EDGE_CURVE('',#316,#279,#325,.T.);
#325 = LINE('',#326,#327);
#326 = CARTESIAN_POINT('',(1.81,5.551115123126E-16,2.5));
#327 = VECTOR('',#328,1.);
#328 = DIRECTION('',(1.,0.,0.));
#329 = ORIENTED_EDGE('',*,*,#278,.F.);
#330 = ORIENTED_EDGE('',*,*,#324,.F.);
#331 = CYLINDRICAL_SURFACE('',#332,1.);
#332 = AXIS2_PLACEMENT_3D('',#333,#334,#335);
#333 = CARTESIAN_POINT('',(1.81,6.630669073875E-16,1.5));
#334 = DIRECTION('',(1.,0.,0.));
#335 = DIRECTION('',(-0.,1.002044604925E-15,1.));
#336 = ADVANCED_FACE('',(#337),#356,.T.);
#337 = FACE_BOUND('',#338,.T.);
#338 = EDGE_LOOP('',(#339,#340,#348,#355));
#339 = ORIENTED_EDGE('',*,*,#298,.T.);
#340 = ORIENTED_EDGE('',*,*,#341,.T.);
#341 = EDGE_CURVE('',#299,#342,#344,.T.);
#342 = VERTEX_POINT('',#343);
#343 = CARTESIAN_POINT('',(5.41,3.555111512313E-15,2.5));
#344 = LINE('',#345,#346);
#345 = CARTESIAN_POINT('',(1.81,5.551115123126E-16,2.5));
#346 = VECTOR('',#347,1.);
#347 = DIRECTION('',(1.,0.,0.));
#348 = ORIENTED_EDGE('',*,*,#349,.F.);
#349 = EDGE_CURVE('',#342,#342,#350,.T.);
#350 = CIRCLE('',#351,1.);
#351 = AXIS2_PLACEMENT_3D('',#352,#353,#354);
#352 = CARTESIAN_POINT('',(5.41,6.630669073875E-16,1.5));
#353 = DIRECTION('',(1.,0.,-0.));
#354 = DIRECTION('',(0.,1.002044604925E-15,1.));
#355 = ORIENTED_EDGE('',*,*,#341,.F.);
#356 = CYLINDRICAL_SURFACE('',#357,1.);
#357 = AXIS2_PLACEMENT_3D('',#358,#359,#360);
#358 = CARTESIAN_POINT('',(1.81,6.630669073875E-16,1.5));
#359 = DIRECTION('',(1.,0.,0.));
#360 = DIRECTION('',(-0.,1.002044604925E-15,1.));
#361 = ADVANCED_FACE('',(#362),#382,.T.);
#362 = FACE_BOUND('',#363,.T.);
#363 = EDGE_LOOP('',(#364,#373,#380,#381));
#364 = ORIENTED_EDGE('',*,*,#365,.T.);
#365 = EDGE_CURVE('',#366,#366,#368,.T.);
#366 = VERTEX_POINT('',#367);
#367 = CARTESIAN_POINT('',(1.81,1.466293670343E-15,2.1));
#368 = CIRCLE('',#369,0.6);
#369 = AXIS2_PLACEMENT_3D('',#370,#371,#372);
#370 = CARTESIAN_POINT('',(1.81,6.630669073875E-16,1.5));
#371 = DIRECTION('',(1.,0.,-0.));
#372 = DIRECTION('',(0.,1.002044604925E-15,1.));
#373 = ORIENTED_EDGE('',*,*,#374,.F.);
#374 = EDGE_CURVE('',#316,#366,#375,.T.);
#375 = CIRCLE('',#376,0.4);
#376 = AXIS2_PLACEMENT_3D('',#377,#378,#379);
#377 = CARTESIAN_POINT('',(2.21,1.266293670343E-15,2.1));
#378 = DIRECTION('',(0.,-1.,1.002044604925E-15));
#379 = DIRECTION('',(0.,1.002044604925E-15,1.));
#380 = ORIENTED_EDGE('',*,*,#315,.F.);
#381 = ORIENTED_EDGE('',*,*,#374,.T.);
#382 = TOROIDAL_SURFACE('',#383,0.6,0.4);
#383 = AXIS2_PLACEMENT_3D('',#384,#385,#386);
#384 = CARTESIAN_POINT('',(2.21,6.630669073875E-16,1.5));
#385 = DIRECTION('',(-1.,0.,0.));
#386 = DIRECTION('',(0.,1.002044604925E-15,1.));
#387 = ADVANCED_FACE('',(#388),#408,.T.);
#388 = FACE_BOUND('',#389,.T.);
#389 = EDGE_LOOP('',(#390,#391,#400,#407));
#390 = ORIENTED_EDGE('',*,*,#349,.T.);
#391 = ORIENTED_EDGE('',*,*,#392,.F.);
#392 = EDGE_CURVE('',#393,#342,#395,.T.);
#393 = VERTEX_POINT('',#394);
#394 = CARTESIAN_POINT('',(5.81,1.466293670343E-15,2.1));
#395 = CIRCLE('',#396,0.4);
#396 = AXIS2_PLACEMENT_3D('',#397,#398,#399);
#397 = CARTESIAN_POINT('',(5.41,1.266293670343E-15,2.1));
#398 = DIRECTION('',(0.,-1.,1.002044604925E-15));
#399 = DIRECTION('',(0.,1.002044604925E-15,1.));
#400 = ORIENTED_EDGE('',*,*,#401,.F.);
#401 = EDGE_CURVE('',#393,#393,#402,.T.);
#402 = CIRCLE('',#403,0.6);
#403 = AXIS2_PLACEMENT_3D('',#404,#405,#406);
#404 = CARTESIAN_POINT('',(5.81,6.630669073875E-16,1.5));
#405 = DIRECTION('',(1.,0.,-0.));
#406 = DIRECTION('',(0.,1.002044604925E-15,1.));
#407 = ORIENTED_EDGE('',*,*,#392,.T.);
#408 = TOROIDAL_SURFACE('',#409,0.6,0.4);
#409 = AXIS2_PLACEMENT_3D('',#410,#411,#412);
#410 = CARTESIAN_POINT('',(5.41,6.630669073875E-16,1.5));
#411 = DIRECTION('',(-1.,0.,0.));
#412 = DIRECTION('',(0.,1.002044604925E-15,1.));
#413 = ADVANCED_FACE('',(#414),#417,.F.);
#414 = FACE_BOUND('',#415,.T.);
#415 = EDGE_LOOP('',(#416));
#416 = ORIENTED_EDGE('',*,*,#365,.F.);
#417 = PLANE('',#418);
#418 = AXIS2_PLACEMENT_3D('',#419,#420,#421);
#419 = CARTESIAN_POINT('',(1.81,6.630669073875E-16,1.5));
#420 = DIRECTION('',(1.,0.,0.));
#421 = DIRECTION('',(-0.,1.002044604925E-15,1.));
#422 = ADVANCED_FACE('',(#423),#426,.T.);
#423 = FACE_BOUND('',#424,.F.);
#424 = EDGE_LOOP('',(#425));
#425 = ORIENTED_EDGE('',*,*,#401,.F.);
#426 = PLANE('',#427);
#427 = AXIS2_PLACEMENT_3D('',#428,#429,#430);
#428 = CARTESIAN_POINT('',(5.81,6.630669073875E-16,1.5));
#429 = DIRECTION('',(1.,0.,0.));
#430 = DIRECTION('',(-0.,1.002044604925E-15,1.));
#431 = ( GEOMETRIC_REPRESENTATION_CONTEXT(3) 
GLOBAL_UNCERTAINTY_ASSIGNED_CONTEXT((#435)) GLOBAL_UNIT_ASSIGNED_CONTEXT
((#432,#433,#434)) REPRESENTATION_CONTEXT('Context #1',
  '3D Context with UNIT and UNCERTAINTY') );
#432 = ( LENGTH_UNIT() NAMED_UNIT(*) SI_UNIT(.MILLI.,.METRE.) );
#433 = ( NAMED_UNIT(*) PLANE_ANGLE_UNIT() SI_UNIT($,.RADIAN.) );
#434 = ( NAMED_UNIT(*) SI_UNIT($,.STERADIAN.) SOLID_ANGLE_UNIT() );
#435 = UNCERTAINTY_MEASURE_WITH_UNIT(LENGTH_MEASURE(1.E-07),#432,
  'distance_accuracy_value','confusion accuracy');
#436 = CONTEXT_DEPENDENT_SHAPE_REPRESENTATION(#437,#439);
#437 = ( REPRESENTATION_RELATIONSHIP('','',#80,#10) 
REPRESENTATION_RELATIONSHIP_WITH_TRANSFORMATION(#438) 
SHAPE_REPRESENTATION_RELATIONSHIP() );
#438 = ITEM_DEFINED_TRANSFORMATION('','',#11,#15);
#439 = PRODUCT_DEFINITION_SHAPE('Placement','Placement of an item',#440
  );
#440 = NEXT_ASSEMBLY_USAGE_OCCURRENCE('1','D2','',#5,#75,$);
#441 = PRODUCT_RELATED_PRODUCT_CATEGORY('part',$,(#77));
#442 = CONTEXT_DEPENDENT_SHAPE_REPRESENTATION(#443,#445);
#443 = ( REPRESENTATION_RELATIONSHIP('','',#80,#10) 
REPRESENTATION_RELATIONSHIP_WITH_TRANSFORMATION(#444) 
SHAPE_REPRESENTATION_RELATIONSHIP() );
#444 = ITEM_DEFINED_TRANSFORMATION('','',#11,#19);
#445 = PRODUCT_DEFINITION_SHAPE('Placement','Placement of an item',#446
  );
#446 = NEXT_ASSEMBLY_USAGE_OCCURRENCE('2','D6','',#5,#75,$);
#447 = CONTEXT_DEPENDENT_SHAPE_REPRESENTATION(#448,#450);
#448 = ( REPRESENTATION_RELATIONSHIP('','',#80,#10) 
REPRESENTATION_RELATIONSHIP_WITH_TRANSFORMATION(#449) 
SHAPE_REPRESENTATION_RELATIONSHIP() );
#449 = ITEM_DEFINED_TRANSFORMATION('','',#11,#23);
#450 = PRODUCT_DEFINITION_SHAPE('Placement','Placement of an item',#451
  );
#451 = NEXT_ASSEMBLY_USAGE_OCCURRENCE('3','D9','',#5,#75,$);
#452 = CONTEXT_DEPENDENT_SHAPE_REPRESENTATION(#453,#455);
#453 = ( REPRESENTATION_RELATIONSHIP('','',#80,#10) 
REPRESENTATION_RELATIONSHIP_WITH_TRANSFORMATION(#454) 
SHAPE_REPRESENTATION_RELATIONSHIP() );
#454 = ITEM_DEFINED_TRANSFORMATION('','',#11,#27);
#455 = PRODUCT_DEFINITION_SHAPE('Placement','Placement of an item',#456
  );
#456 = NEXT_ASSEMBLY_USAGE_OCCURRENCE('4','D4','',#5,#75,$);
#457 = CONTEXT_DEPENDENT_SHAPE_REPRESENTATION(#458,#460);
#458 = ( REPRESENTATION_RELATIONSHIP('','',#80,#10) 
REPRESENTATION_RELATIONSHIP_WITH_TRANSFORMATION(#459) 
SHAPE_REPRESENTATION_RELATIONSHIP() );
#459 = ITEM_DEFINED_TRANSFORMATION('','',#11,#31);
#460 = PRODUCT_DEFINITION_SHAPE('Placement','Placement of an item',#461
  );
#461 = NEXT_ASSEMBLY_USAGE_OCCURRENCE('5','D10','',#5,#75,$);
#462 = CONTEXT_DEPENDENT_SHAPE_REPRESENTATION(#463,#465);
#463 = ( REPRESENTATION_RELATIONSHIP('','',#80,#10) 
REPRESENTATION_RELATIONSHIP_WITH_TRANSFORMATION(#464) 
SHAPE_REPRESENTATION_RELATIONSHIP() );
#464 = ITEM_DEFINED_TRANSFORMATION('','',#11,#35);
#465 = PRODUCT_DEFINITION_SHAPE('Placement','Placement of an item',#466
  );
#466 = NEXT_ASSEMBLY_USAGE_OCCURRENCE('6','D8','',#5,#75,$);
#467 = CONTEXT_DEPENDENT_SHAPE_REPRESENTATION(#468,#470);
#468 = ( REPRESENTATION_RELATIONSHIP('','',#80,#10) 
REPRESENTATION_RELATIONSHIP_WITH_TRANSFORMATION(#469) 
SHAPE_REPRESENTATION_RELATIONSHIP() );
#469 = ITEM_DEFINED_TRANSFORMATION('','',#11,#39);
#470 = PRODUCT_DEFINITION_SHAPE('Placement','Placement of an item',#471
  );
#471 = NEXT_ASSEMBLY_USAGE_OCCURRENCE('7','D1','',#5,#75,$);
#472 = CONTEXT_DEPENDENT_SHAPE_REPRESENTATION(#473,#475);
#473 = ( REPRESENTATION_RELATIONSHIP('','',#80,#10) 
REPRESENTATION_RELATIONSHIP_WITH_TRANSFORMATION(#474) 
SHAPE_REPRESENTATION_RELATIONSHIP() );
#474 = ITEM_DEFINED_TRANSFORMATION('','',#11,#43);
#475 = PRODUCT_DEFINITION_SHAPE('Placement','Placement of an item',#476
  );
#476 = NEXT_ASSEMBLY_USAGE_OCCURRENCE('8','D3','',#5,#75,$);
#477 = CONTEXT_DEPENDENT_SHAPE_REPRESENTATION(#478,#480);
#478 = ( REPRESENTATION_RELATIONSHIP('','',#80,#10) 
REPRESENTATION_RELATIONSHIP_WITH_TRANSFORMATION(#479) 
SHAPE_REPRESENTATION_RELATIONSHIP() );
#479 = ITEM_DEFINED_TRANSFORMATION('','',#11,#47);
#480 = PRODUCT_DEFINITION_SHAPE('Placement','Placement of an item',#481
  );
#481 = NEXT_ASSEMBLY_USAGE_OCCURRENCE('9','D5','',#5,#75,$);
#482 = CONTEXT_DEPENDENT_SHAPE_REPRESENTATION(#483,#485);
#483 = ( REPRESENTATION_RELATIONSHIP('','',#80,#10) 
REPRESENTATION_RELATIONSHIP_WITH_TRANSFORMATION(#484) 
SHAPE_REPRESENTATION_RELATIONSHIP() );
#484 = ITEM_DEFINED_TRANSFORMATION('','',#11,#51);
#485 = PRODUCT_DEFINITION_SHAPE('Placement','Placement of an item',#486
  );
#486 = NEXT_ASSEMBLY_USAGE_OCCURRENCE('10','D7','',#5,#75,$);
#487 = CONTEXT_DEPENDENT_SHAPE_REPRESENTATION(#488,#490);
#488 = ( REPRESENTATION_RELATIONSHIP('','',#80,#10) 
REPRESENTATION_RELATIONSHIP_WITH_TRANSFORMATION(#489) 
SHAPE_REPRESENTATION_RELATIONSHIP() );
#489 = ITEM_DEFINED_TRANSFORMATION('','',#11,#55);
#490 = PRODUCT_DEFINITION_SHAPE('Placement','Placement of an item',#491
  );
#491 = NEXT_ASSEMBLY_USAGE_OCCURRENCE('11','D12','',#5,#75,$);
#492 = CONTEXT_DEPENDENT_SHAPE_REPRESENTATION(#493,#495);
#493 = ( REPRESENTATION_RELATIONSHIP('','',#80,#10) 
REPRESENTATION_RELATIONSHIP_WITH_TRANSFORMATION(#494) 
SHAPE_REPRESENTATION_RELATIONSHIP() );
#494 = ITEM_DEFINED_TRANSFORMATION('','',#11,#59);
#495 = PRODUCT_DEFINITION_SHAPE('Placement','Placement of an item',#496
  );
#496 = NEXT_ASSEMBLY_USAGE_OCCURRENCE('12','D11','',#5,#75,$);
#497 = SHAPE_DEFINITION_REPRESENTATION(#498,#504);
#498 = PRODUCT_DEFINITION_SHAPE('','',#499);
#499 = PRODUCT_DEFINITION('design','',#500,#503);
#500 = PRODUCT_DEFINITION_FORMATION('','',#501);
#501 = PRODUCT('Hackpad for stardance_PCB','Hackpad for stardance_PCB',
  '',(#502));
#502 = PRODUCT_CONTEXT('',#2,'mechanical');
#503 = PRODUCT_DEFINITION_CONTEXT('part definition',#2,'design');
#504 = ADVANCED_BREP_SHAPE_REPRESENTATION('',(#11,#505),#5108);
#505 = MANIFOLD_SOLID_BREP('',#506);
#506 = CLOSED_SHELL('',(#507,#547,#578,#609,#1875,#3141,#3153,#3170,
    #3187,#3204,#3221,#3238,#3255,#3272,#3289,#3306,#3323,#3340,#3357,
    #3374,#3391,#3408,#3425,#3442,#3459,#3476,#3493,#3510,#3527,#3544,
    #3561,#3578,#3595,#3612,#3629,#3646,#3663,#3680,#3697,#3714,#3731,
    #3753,#3770,#3787,#3799,#3816,#3833,#3855,#3872,#3889,#3901,#3918,
    #3935,#3952,#3969,#3986,#4003,#4020,#4037,#4054,#4071,#4088,#4105,
    #4122,#4139,#4156,#4173,#4190,#4207,#4224,#4241,#4258,#4275,#4292,
    #4309,#4326,#4343,#4360,#4377,#4394,#4411,#4428,#4445,#4462,#4479,
    #4496,#4513,#4530,#4547,#4564,#4581,#4598,#4615,#4632,#4649,#4666,
    #4683,#4700,#4717,#4734,#4751,#4768,#4785,#4802,#4819,#4836,#4853,
    #4870,#4887,#4904,#4921,#4938,#4955,#4972,#4989,#5006,#5023,#5040,
    #5057,#5074,#5091));
#507 = ADVANCED_FACE('',(#508),#542,.T.);
#508 = FACE_BOUND('',#509,.T.);
#509 = EDGE_LOOP('',(#510,#520,#528,#536));
#510 = ORIENTED_EDGE('',*,*,#511,.T.);
#511 = EDGE_CURVE('',#512,#514,#516,.T.);
#512 = VERTEX_POINT('',#513);
#513 = CARTESIAN_POINT('',(235.08,-150.57,0.));
#514 = VERTEX_POINT('',#515);
#515 = CARTESIAN_POINT('',(235.08,-150.57,1.51));
#516 = LINE('',#517,#518);
#517 = CARTESIAN_POINT('',(235.08,-150.57,0.));
#518 = VECTOR('',#519,1.);
#519 = DIRECTION('',(0.,0.,1.));
#520 = ORIENTED_EDGE('',*,*,#521,.T.);
#521 = EDGE_CURVE('',#514,#522,#524,.T.);
#522 = VERTEX_POINT('',#523);
#523 = CARTESIAN_POINT('',(158.21,-150.57,1.51));
#524 = LINE('',#525,#526);
#525 = CARTESIAN_POINT('',(235.08,-150.57,1.51));
#526 = VECTOR('',#527,1.);
#527 = DIRECTION('',(-1.,0.,0.));
#528 = ORIENTED_EDGE('',*,*,#529,.F.);
#529 = EDGE_CURVE('',#530,#522,#532,.T.);
#530 = VERTEX_POINT('',#531);
#531 = CARTESIAN_POINT('',(158.21,-150.57,0.));
#532 = LINE('',#533,#534);
#533 = CARTESIAN_POINT('',(158.21,-150.57,0.));
#534 = VECTOR('',#535,1.);
#535 = DIRECTION('',(0.,0.,1.));
#536 = ORIENTED_EDGE('',*,*,#537,.F.);
#537 = EDGE_CURVE('',#512,#530,#538,.T.);
#538 = LINE('',#539,#540);
#539 = CARTESIAN_POINT('',(235.08,-150.57,0.));
#540 = VECTOR('',#541,1.);
#541 = DIRECTION('',(-1.,0.,0.));
#542 = PLANE('',#543);
#543 = AXIS2_PLACEMENT_3D('',#544,#545,#546);
#544 = CARTESIAN_POINT('',(235.08,-150.57,0.));
#545 = DIRECTION('',(0.,-1.,0.));
#546 = DIRECTION('',(-1.,0.,0.));
#547 = ADVANCED_FACE('',(#548),#573,.T.);
#548 = FACE_BOUND('',#549,.T.);
#549 = EDGE_LOOP('',(#550,#560,#566,#567));
#550 = ORIENTED_EDGE('',*,*,#551,.T.);
#551 = EDGE_CURVE('',#552,#554,#556,.T.);
#552 = VERTEX_POINT('',#553);
#553 = CARTESIAN_POINT('',(235.08,-51.23,0.));
#554 = VERTEX_POINT('',#555);
#555 = CARTESIAN_POINT('',(235.08,-51.23,1.51));
#556 = LINE('',#557,#558);
#557 = CARTESIAN_POINT('',(235.08,-51.23,0.));
#558 = VECTOR('',#559,1.);
#559 = DIRECTION('',(0.,0.,1.));
#560 = ORIENTED_EDGE('',*,*,#561,.T.);
#561 = EDGE_CURVE('',#554,#514,#562,.T.);
#562 = LINE('',#563,#564);
#563 = CARTESIAN_POINT('',(235.08,-51.23,1.51));
#564 = VECTOR('',#565,1.);
#565 = DIRECTION('',(0.,-1.,0.));
#566 = ORIENTED_EDGE('',*,*,#511,.F.);
#567 = ORIENTED_EDGE('',*,*,#568,.F.);
#568 = EDGE_CURVE('',#552,#512,#569,.T.);
#569 = LINE('',#570,#571);
#570 = CARTESIAN_POINT('',(235.08,-51.23,0.));
#571 = VECTOR('',#572,1.);
#572 = DIRECTION('',(0.,-1.,0.));
#573 = PLANE('',#574);
#574 = AXIS2_PLACEMENT_3D('',#575,#576,#577);
#575 = CARTESIAN_POINT('',(235.08,-51.23,0.));
#576 = DIRECTION('',(1.,0.,-0.));
#577 = DIRECTION('',(0.,-1.,0.));
#578 = ADVANCED_FACE('',(#579),#604,.T.);
#579 = FACE_BOUND('',#580,.T.);
#580 = EDGE_LOOP('',(#581,#582,#590,#598));
#581 = ORIENTED_EDGE('',*,*,#529,.T.);
#582 = ORIENTED_EDGE('',*,*,#583,.T.);
#583 = EDGE_CURVE('',#522,#584,#586,.T.);
#584 = VERTEX_POINT('',#585);
#585 = CARTESIAN_POINT('',(158.21,-51.23,1.51));
#586 = LINE('',#587,#588);
#587 = CARTESIAN_POINT('',(158.21,-150.57,1.51));
#588 = VECTOR('',#589,1.);
#589 = DIRECTION('',(0.,1.,0.));
#590 = ORIENTED_EDGE('',*,*,#591,.F.);
#591 = EDGE_CURVE('',#592,#584,#594,.T.);
#592 = VERTEX_POINT('',#593);
#593 = CARTESIAN_POINT('',(158.21,-51.23,0.));
#594 = LINE('',#595,#596);
#595 = CARTESIAN_POINT('',(158.21,-51.23,0.));
#596 = VECTOR('',#597,1.);
#597 = DIRECTION('',(0.,0.,1.));
#598 = ORIENTED_EDGE('',*,*,#599,.F.);
#599 = EDGE_CURVE('',#530,#592,#600,.T.);
#600 = LINE('',#601,#602);
#601 = CARTESIAN_POINT('',(158.21,-150.57,0.));
#602 = VECTOR('',#603,1.);
#603 = DIRECTION('',(0.,1.,0.));
#604 = PLANE('',#605);
#605 = AXIS2_PLACEMENT_3D('',#606,#607,#608);
#606 = CARTESIAN_POINT('',(158.21,-150.57,0.));
#607 = DIRECTION('',(-1.,0.,0.));
#608 = DIRECTION('',(0.,1.,0.));
#609 = ADVANCED_FACE('',(#610,#621,#632,#643,#654,#665,#676,#687,#698,
    #709,#720,#731,#742,#753,#764,#775,#786,#797,#808,#819,#830,#841,
    #852,#863,#874,#885,#896,#907,#918,#929,#940,#951,#962,#973,#984,
    #995,#1031,#1042,#1053,#1089,#1100,#1111,#1122,#1133,#1144,#1155,
    #1166,#1177,#1188,#1199,#1210,#1221,#1232,#1243,#1254,#1265,#1276,
    #1287,#1298,#1309,#1320,#1331,#1342,#1353,#1364,#1375,#1386,#1397,
    #1408,#1419,#1430,#1441,#1452,#1463,#1474,#1485,#1496,#1507,#1518,
    #1529,#1540,#1551,#1562,#1573,#1584,#1595,#1606,#1617,#1628,#1639,
    #1650,#1661,#1672,#1683,#1694,#1705,#1716,#1727,#1738,#1749,#1760,
    #1771,#1782,#1793,#1804,#1815,#1826,#1837,#1848,#1859),#1870,.F.);
#610 = FACE_BOUND('',#611,.F.);
#611 = EDGE_LOOP('',(#612,#613,#614,#620));
#612 = ORIENTED_EDGE('',*,*,#537,.F.);
#613 = ORIENTED_EDGE('',*,*,#568,.F.);
#614 = ORIENTED_EDGE('',*,*,#615,.F.);
#615 = EDGE_CURVE('',#592,#552,#616,.T.);
#616 = LINE('',#617,#618);
#617 = CARTESIAN_POINT('',(158.21,-51.23,0.));
#618 = VECTOR('',#619,1.);
#619 = DIRECTION('',(1.,0.,0.));
#620 = ORIENTED_EDGE('',*,*,#599,.F.);
#621 = FACE_BOUND('',#622,.F.);
#622 = EDGE_LOOP('',(#623));
#623 = ORIENTED_EDGE('',*,*,#624,.T.);
#624 = EDGE_CURVE('',#625,#625,#627,.T.);
#625 = VERTEX_POINT('',#626);
#626 = CARTESIAN_POINT('',(163.24,-140.95,0.));
#627 = CIRCLE('',#628,0.85);
#628 = AXIS2_PLACEMENT_3D('',#629,#630,#631);
#629 = CARTESIAN_POINT('',(163.24,-140.1,0.));
#630 = DIRECTION('',(-0.,0.,-1.));
#631 = DIRECTION('',(-0.,-1.,0.));
#632 = FACE_BOUND('',#633,.F.);
#633 = EDGE_LOOP('',(#634));
#634 = ORIENTED_EDGE('',*,*,#635,.T.);
#635 = EDGE_CURVE('',#636,#636,#638,.T.);
#636 = VERTEX_POINT('',#637);
#637 = CARTESIAN_POINT('',(164.51,-138.31,0.));
#638 = CIRCLE('',#639,0.75);
#639 = AXIS2_PLACEMENT_3D('',#640,#641,#642);
#640 = CARTESIAN_POINT('',(164.51,-137.56,0.));
#641 = DIRECTION('',(-0.,0.,-1.));
#642 = DIRECTION('',(-0.,-1.,0.));
#643 = FACE_BOUND('',#644,.F.);
#644 = EDGE_LOOP('',(#645));
#645 = ORIENTED_EDGE('',*,*,#646,.T.);
#646 = EDGE_CURVE('',#647,#647,#649,.T.);
#647 = VERTEX_POINT('',#648);
#648 = CARTESIAN_POINT('',(168.32,-142.1,0.));
#649 = CIRCLE('',#650,2.);
#650 = AXIS2_PLACEMENT_3D('',#651,#652,#653);
#651 = CARTESIAN_POINT('',(168.32,-140.1,0.));
#652 = DIRECTION('',(-0.,0.,-1.));
#653 = DIRECTION('',(-0.,-1.,0.));
#654 = FACE_BOUND('',#655,.F.);
#655 = EDGE_LOOP('',(#656));
#656 = ORIENTED_EDGE('',*,*,#657,.T.);
#657 = EDGE_CURVE('',#658,#658,#660,.T.);
#658 = VERTEX_POINT('',#659);
#659 = CARTESIAN_POINT('',(173.4,-140.95,0.));
#660 = CIRCLE('',#661,0.85);
#661 = AXIS2_PLACEMENT_3D('',#662,#663,#664);
#662 = CARTESIAN_POINT('',(173.4,-140.1,0.));
#663 = DIRECTION('',(-0.,0.,-1.));
#664 = DIRECTION('',(-0.,-1.,0.));
#665 = FACE_BOUND('',#666,.F.);
#666 = EDGE_LOOP('',(#667));
#667 = ORIENTED_EDGE('',*,*,#668,.T.);
#668 = EDGE_CURVE('',#669,#669,#671,.T.);
#669 = VERTEX_POINT('',#670);
#670 = CARTESIAN_POINT('',(170.86,-135.77,0.));
#671 = CIRCLE('',#672,0.75);
#672 = AXIS2_PLACEMENT_3D('',#673,#674,#675);
#673 = CARTESIAN_POINT('',(170.86,-135.02,0.));
#674 = DIRECTION('',(-0.,0.,-1.));
#675 = DIRECTION('',(-0.,-1.,0.));
#676 = FACE_BOUND('',#677,.F.);
#677 = EDGE_LOOP('',(#678));
#678 = ORIENTED_EDGE('',*,*,#679,.T.);
#679 = EDGE_CURVE('',#680,#680,#682,.T.);
#680 = VERTEX_POINT('',#681);
#681 = CARTESIAN_POINT('',(182.3,-140.96,0.));
#682 = CIRCLE('',#683,0.85);
#683 = AXIS2_PLACEMENT_3D('',#684,#685,#686);
#684 = CARTESIAN_POINT('',(182.3,-140.11,0.));
#685 = DIRECTION('',(-0.,0.,-1.));
#686 = DIRECTION('',(-0.,-1.,0.));
#687 = FACE_BOUND('',#688,.F.);
#688 = EDGE_LOOP('',(#689));
#689 = ORIENTED_EDGE('',*,*,#690,.T.);
#690 = EDGE_CURVE('',#691,#691,#693,.T.);
#691 = VERTEX_POINT('',#692);
#692 = CARTESIAN_POINT('',(183.57,-138.32,0.));
#693 = CIRCLE('',#694,0.75);
#694 = AXIS2_PLACEMENT_3D('',#695,#696,#697);
#695 = CARTESIAN_POINT('',(183.57,-137.57,0.));
#696 = DIRECTION('',(-0.,0.,-1.));
#697 = DIRECTION('',(-0.,-1.,0.));
#698 = FACE_BOUND('',#699,.F.);
#699 = EDGE_LOOP('',(#700));
#700 = ORIENTED_EDGE('',*,*,#701,.T.);
#701 = EDGE_CURVE('',#702,#702,#704,.T.);
#702 = VERTEX_POINT('',#703);
#703 = CARTESIAN_POINT('',(187.38,-142.11,0.));
#704 = CIRCLE('',#705,2.);
#705 = AXIS2_PLACEMENT_3D('',#706,#707,#708);
#706 = CARTESIAN_POINT('',(187.38,-140.11,0.));
#707 = DIRECTION('',(-0.,0.,-1.));
#708 = DIRECTION('',(-0.,-1.,0.));
#709 = FACE_BOUND('',#710,.F.);
#710 = EDGE_LOOP('',(#711));
#711 = ORIENTED_EDGE('',*,*,#712,.T.);
#712 = EDGE_CURVE('',#713,#713,#715,.T.);
#713 = VERTEX_POINT('',#714);
#714 = CARTESIAN_POINT('',(192.46,-140.96,0.));
#715 = CIRCLE('',#716,0.85);
#716 = AXIS2_PLACEMENT_3D('',#717,#718,#719);
#717 = CARTESIAN_POINT('',(192.46,-140.11,0.));
#718 = DIRECTION('',(-0.,0.,-1.));
#719 = DIRECTION('',(-0.,-1.,0.));
#720 = FACE_BOUND('',#721,.F.);
#721 = EDGE_LOOP('',(#722));
#722 = ORIENTED_EDGE('',*,*,#723,.T.);
#723 = EDGE_CURVE('',#724,#724,#726,.T.);
#724 = VERTEX_POINT('',#725);
#725 = CARTESIAN_POINT('',(189.92,-135.78,0.));
#726 = CIRCLE('',#727,0.75);
#727 = AXIS2_PLACEMENT_3D('',#728,#729,#730);
#728 = CARTESIAN_POINT('',(189.92,-135.03,0.));
#729 = DIRECTION('',(-0.,0.,-1.));
#730 = DIRECTION('',(-0.,-1.,0.));
#731 = FACE_BOUND('',#732,.F.);
#732 = EDGE_LOOP('',(#733));
#733 = ORIENTED_EDGE('',*,*,#734,.T.);
#734 = EDGE_CURVE('',#735,#735,#737,.T.);
#735 = VERTEX_POINT('',#736);
#736 = CARTESIAN_POINT('',(163.38,-121.9,0.));
#737 = CIRCLE('',#738,0.85);
#738 = AXIS2_PLACEMENT_3D('',#739,#740,#741);
#739 = CARTESIAN_POINT('',(163.38,-121.05,0.));
#740 = DIRECTION('',(-0.,0.,-1.));
#741 = DIRECTION('',(-0.,-1.,0.));
#742 = FACE_BOUND('',#743,.F.);
#743 = EDGE_LOOP('',(#744));
#744 = ORIENTED_EDGE('',*,*,#745,.T.);
#745 = EDGE_CURVE('',#746,#746,#748,.T.);
#746 = VERTEX_POINT('',#747);
#747 = CARTESIAN_POINT('',(164.65,-119.26,0.));
#748 = CIRCLE('',#749,0.75);
#749 = AXIS2_PLACEMENT_3D('',#750,#751,#752);
#750 = CARTESIAN_POINT('',(164.65,-118.51,0.));
#751 = DIRECTION('',(-0.,0.,-1.));
#752 = DIRECTION('',(-0.,-1.,0.));
#753 = FACE_BOUND('',#754,.F.);
#754 = EDGE_LOOP('',(#755));
#755 = ORIENTED_EDGE('',*,*,#756,.T.);
#756 = EDGE_CURVE('',#757,#757,#759,.T.);
#757 = VERTEX_POINT('',#758);
#758 = CARTESIAN_POINT('',(168.46,-123.05,0.));
#759 = CIRCLE('',#760,2.);
#760 = AXIS2_PLACEMENT_3D('',#761,#762,#763);
#761 = CARTESIAN_POINT('',(168.46,-121.05,0.));
#762 = DIRECTION('',(-0.,0.,-1.));
#763 = DIRECTION('',(-0.,-1.,0.));
#764 = FACE_BOUND('',#765,.F.);
#765 = EDGE_LOOP('',(#766));
#766 = ORIENTED_EDGE('',*,*,#767,.T.);
#767 = EDGE_CURVE('',#768,#768,#770,.T.);
#768 = VERTEX_POINT('',#769);
#769 = CARTESIAN_POINT('',(171.,-116.72,0.));
#770 = CIRCLE('',#771,0.75);
#771 = AXIS2_PLACEMENT_3D('',#772,#773,#774);
#772 = CARTESIAN_POINT('',(171.,-115.97,0.));
#773 = DIRECTION('',(-0.,0.,-1.));
#774 = DIRECTION('',(-0.,-1.,0.));
#775 = FACE_BOUND('',#776,.F.);
#776 = EDGE_LOOP('',(#777));
#777 = ORIENTED_EDGE('',*,*,#778,.T.);
#778 = EDGE_CURVE('',#779,#779,#781,.T.);
#779 = VERTEX_POINT('',#780);
#780 = CARTESIAN_POINT('',(173.54,-121.9,0.));
#781 = CIRCLE('',#782,0.85);
#782 = AXIS2_PLACEMENT_3D('',#783,#784,#785);
#783 = CARTESIAN_POINT('',(173.54,-121.05,0.));
#784 = DIRECTION('',(-0.,0.,-1.));
#785 = DIRECTION('',(-0.,-1.,0.));
#786 = FACE_BOUND('',#787,.F.);
#787 = EDGE_LOOP('',(#788));
#788 = ORIENTED_EDGE('',*,*,#789,.T.);
#789 = EDGE_CURVE('',#790,#790,#792,.T.);
#790 = VERTEX_POINT('',#791);
#791 = CARTESIAN_POINT('',(163.5,-102.79,0.));
#792 = CIRCLE('',#793,0.85);
#793 = AXIS2_PLACEMENT_3D('',#794,#795,#796);
#794 = CARTESIAN_POINT('',(163.5,-101.94,0.));
#795 = DIRECTION('',(-0.,0.,-1.));
#796 = DIRECTION('',(-0.,-1.,0.));
#797 = FACE_BOUND('',#798,.F.);
#798 = EDGE_LOOP('',(#799));
#799 = ORIENTED_EDGE('',*,*,#800,.T.);
#800 = EDGE_CURVE('',#801,#801,#803,.T.);
#801 = VERTEX_POINT('',#802);
#802 = CARTESIAN_POINT('',(168.58,-103.94,0.));
#803 = CIRCLE('',#804,2.);
#804 = AXIS2_PLACEMENT_3D('',#805,#806,#807);
#805 = CARTESIAN_POINT('',(168.58,-101.94,0.));
#806 = DIRECTION('',(-0.,0.,-1.));
#807 = DIRECTION('',(-0.,-1.,0.));
#808 = FACE_BOUND('',#809,.F.);
#809 = EDGE_LOOP('',(#810));
#810 = ORIENTED_EDGE('',*,*,#811,.T.);
#811 = EDGE_CURVE('',#812,#812,#814,.T.);
#812 = VERTEX_POINT('',#813);
#813 = CARTESIAN_POINT('',(173.66,-102.79,0.));
#814 = CIRCLE('',#815,0.85);
#815 = AXIS2_PLACEMENT_3D('',#816,#817,#818);
#816 = CARTESIAN_POINT('',(173.66,-101.94,0.));
#817 = DIRECTION('',(-0.,0.,-1.));
#818 = DIRECTION('',(-0.,-1.,0.));
#819 = FACE_BOUND('',#820,.F.);
#820 = EDGE_LOOP('',(#821));
#821 = ORIENTED_EDGE('',*,*,#822,.T.);
#822 = EDGE_CURVE('',#823,#823,#825,.T.);
#823 = VERTEX_POINT('',#824);
#824 = CARTESIAN_POINT('',(182.44,-121.91,0.));
#825 = CIRCLE('',#826,0.85);
#826 = AXIS2_PLACEMENT_3D('',#827,#828,#829);
#827 = CARTESIAN_POINT('',(182.44,-121.06,0.));
#828 = DIRECTION('',(-0.,0.,-1.));
#829 = DIRECTION('',(-0.,-1.,0.));
#830 = FACE_BOUND('',#831,.F.);
#831 = EDGE_LOOP('',(#832));
#832 = ORIENTED_EDGE('',*,*,#833,.T.);
#833 = EDGE_CURVE('',#834,#834,#836,.T.);
#834 = VERTEX_POINT('',#835);
#835 = CARTESIAN_POINT('',(183.71,-119.27,0.));
#836 = CIRCLE('',#837,0.75);
#837 = AXIS2_PLACEMENT_3D('',#838,#839,#840);
#838 = CARTESIAN_POINT('',(183.71,-118.52,0.));
#839 = DIRECTION('',(-0.,0.,-1.));
#840 = DIRECTION('',(-0.,-1.,0.));
#841 = FACE_BOUND('',#842,.F.);
#842 = EDGE_LOOP('',(#843));
#843 = ORIENTED_EDGE('',*,*,#844,.T.);
#844 = EDGE_CURVE('',#845,#845,#847,.T.);
#845 = VERTEX_POINT('',#846);
#846 = CARTESIAN_POINT('',(187.52,-123.06,0.));
#847 = CIRCLE('',#848,2.);
#848 = AXIS2_PLACEMENT_3D('',#849,#850,#851);
#849 = CARTESIAN_POINT('',(187.52,-121.06,0.));
#850 = DIRECTION('',(-0.,0.,-1.));
#851 = DIRECTION('',(-0.,-1.,0.));
#852 = FACE_BOUND('',#853,.F.);
#853 = EDGE_LOOP('',(#854));
#854 = ORIENTED_EDGE('',*,*,#855,.T.);
#855 = EDGE_CURVE('',#856,#856,#858,.T.);
#856 = VERTEX_POINT('',#857);
#857 = CARTESIAN_POINT('',(192.6,-121.91,0.));
#858 = CIRCLE('',#859,0.85);
#859 = AXIS2_PLACEMENT_3D('',#860,#861,#862);
#860 = CARTESIAN_POINT('',(192.6,-121.06,0.));
#861 = DIRECTION('',(-0.,0.,-1.));
#862 = DIRECTION('',(-0.,-1.,0.));
#863 = FACE_BOUND('',#864,.F.);
#864 = EDGE_LOOP('',(#865));
#865 = ORIENTED_EDGE('',*,*,#866,.T.);
#866 = EDGE_CURVE('',#867,#867,#869,.T.);
#867 = VERTEX_POINT('',#868);
#868 = CARTESIAN_POINT('',(190.06,-116.73,0.));
#869 = CIRCLE('',#870,0.75);
#870 = AXIS2_PLACEMENT_3D('',#871,#872,#873);
#871 = CARTESIAN_POINT('',(190.06,-115.98,0.));
#872 = DIRECTION('',(-0.,0.,-1.));
#873 = DIRECTION('',(-0.,-1.,0.));
#874 = FACE_BOUND('',#875,.F.);
#875 = EDGE_LOOP('',(#876));
#876 = ORIENTED_EDGE('',*,*,#877,.T.);
#877 = EDGE_CURVE('',#878,#878,#880,.T.);
#878 = VERTEX_POINT('',#879);
#879 = CARTESIAN_POINT('',(182.56,-102.8,0.));
#880 = CIRCLE('',#881,0.85);
#881 = AXIS2_PLACEMENT_3D('',#882,#883,#884);
#882 = CARTESIAN_POINT('',(182.56,-101.95,0.));
#883 = DIRECTION('',(-0.,0.,-1.));
#884 = DIRECTION('',(-0.,-1.,0.));
#885 = FACE_BOUND('',#886,.F.);
#886 = EDGE_LOOP('',(#887));
#887 = ORIENTED_EDGE('',*,*,#888,.T.);
#888 = EDGE_CURVE('',#889,#889,#891,.T.);
#889 = VERTEX_POINT('',#890);
#890 = CARTESIAN_POINT('',(187.64,-103.95,0.));
#891 = CIRCLE('',#892,2.);
#892 = AXIS2_PLACEMENT_3D('',#893,#894,#895);
#893 = CARTESIAN_POINT('',(187.64,-101.95,0.));
#894 = DIRECTION('',(-0.,0.,-1.));
#895 = DIRECTION('',(-0.,-1.,0.));
#896 = FACE_BOUND('',#897,.F.);
#897 = EDGE_LOOP('',(#898));
#898 = ORIENTED_EDGE('',*,*,#899,.T.);
#899 = EDGE_CURVE('',#900,#900,#902,.T.);
#900 = VERTEX_POINT('',#901);
#901 = CARTESIAN_POINT('',(192.72,-102.8,0.));
#902 = CIRCLE('',#903,0.85);
#903 = AXIS2_PLACEMENT_3D('',#904,#905,#906);
#904 = CARTESIAN_POINT('',(192.72,-101.95,0.));
#905 = DIRECTION('',(-0.,0.,-1.));
#906 = DIRECTION('',(-0.,-1.,0.));
#907 = FACE_BOUND('',#908,.F.);
#908 = EDGE_LOOP('',(#909));
#909 = ORIENTED_EDGE('',*,*,#910,.T.);
#910 = EDGE_CURVE('',#911,#911,#913,.T.);
#911 = VERTEX_POINT('',#912);
#912 = CARTESIAN_POINT('',(201.41,-140.95,0.));
#913 = CIRCLE('',#914,0.85);
#914 = AXIS2_PLACEMENT_3D('',#915,#916,#917);
#915 = CARTESIAN_POINT('',(201.41,-140.1,0.));
#916 = DIRECTION('',(-0.,0.,-1.));
#917 = DIRECTION('',(-0.,-1.,0.));
#918 = FACE_BOUND('',#919,.F.);
#919 = EDGE_LOOP('',(#920));
#920 = ORIENTED_EDGE('',*,*,#921,.T.);
#921 = EDGE_CURVE('',#922,#922,#924,.T.);
#922 = VERTEX_POINT('',#923);
#923 = CARTESIAN_POINT('',(206.49,-142.1,0.));
#924 = CIRCLE('',#925,2.);
#925 = AXIS2_PLACEMENT_3D('',#926,#927,#928);
#926 = CARTESIAN_POINT('',(206.49,-140.1,0.));
#927 = DIRECTION('',(-0.,0.,-1.));
#928 = DIRECTION('',(-0.,-1.,0.));
#929 = FACE_BOUND('',#930,.F.);
#930 = EDGE_LOOP('',(#931));
#931 = ORIENTED_EDGE('',*,*,#932,.T.);
#932 = EDGE_CURVE('',#933,#933,#935,.T.);
#933 = VERTEX_POINT('',#934);
#934 = CARTESIAN_POINT('',(202.68,-138.31,0.));
#935 = CIRCLE('',#936,0.75);
#936 = AXIS2_PLACEMENT_3D('',#937,#938,#939);
#937 = CARTESIAN_POINT('',(202.68,-137.56,0.));
#938 = DIRECTION('',(-0.,0.,-1.));
#939 = DIRECTION('',(-0.,-1.,0.));
#940 = FACE_BOUND('',#941,.F.);
#941 = EDGE_LOOP('',(#942));
#942 = ORIENTED_EDGE('',*,*,#943,.T.);
#943 = EDGE_CURVE('',#944,#944,#946,.T.);
#944 = VERTEX_POINT('',#945);
#945 = CARTESIAN_POINT('',(211.57,-140.95,0.));
#946 = CIRCLE('',#947,0.85);
#947 = AXIS2_PLACEMENT_3D('',#948,#949,#950);
#948 = CARTESIAN_POINT('',(211.57,-140.1,0.));
#949 = DIRECTION('',(-0.,0.,-1.));
#950 = DIRECTION('',(-0.,-1.,0.));
#951 = FACE_BOUND('',#952,.F.);
#952 = EDGE_LOOP('',(#953));
#953 = ORIENTED_EDGE('',*,*,#954,.T.);
#954 = EDGE_CURVE('',#955,#955,#957,.T.);
#955 = VERTEX_POINT('',#956);
#956 = CARTESIAN_POINT('',(209.03,-135.77,0.));
#957 = CIRCLE('',#958,0.75);
#958 = AXIS2_PLACEMENT_3D('',#959,#960,#961);
#959 = CARTESIAN_POINT('',(209.03,-135.02,0.));
#960 = DIRECTION('',(-0.,0.,-1.));
#961 = DIRECTION('',(-0.,-1.,0.));
#962 = FACE_BOUND('',#963,.F.);
#963 = EDGE_LOOP('',(#964));
#964 = ORIENTED_EDGE('',*,*,#965,.T.);
#965 = EDGE_CURVE('',#966,#966,#968,.T.);
#966 = VERTEX_POINT('',#967);
#967 = CARTESIAN_POINT('',(218.95,-143.45,0.));
#968 = CIRCLE('',#969,0.5);
#969 = AXIS2_PLACEMENT_3D('',#970,#971,#972);
#970 = CARTESIAN_POINT('',(218.95,-142.95,0.));
#971 = DIRECTION('',(-0.,0.,-1.));
#972 = DIRECTION('',(-0.,-1.,0.));
#973 = FACE_BOUND('',#974,.F.);
#974 = EDGE_LOOP('',(#975));
#975 = ORIENTED_EDGE('',*,*,#976,.T.);
#976 = EDGE_CURVE('',#977,#977,#979,.T.);
#977 = VERTEX_POINT('',#978);
#978 = CARTESIAN_POINT('',(218.95,-140.95,0.));
#979 = CIRCLE('',#980,0.5);
#980 = AXIS2_PLACEMENT_3D('',#981,#982,#983);
#981 = CARTESIAN_POINT('',(218.95,-140.45,0.));
#982 = DIRECTION('',(-0.,0.,-1.));
#983 = DIRECTION('',(-0.,-1.,0.));
#984 = FACE_BOUND('',#985,.F.);
#985 = EDGE_LOOP('',(#986));
#986 = ORIENTED_EDGE('',*,*,#987,.T.);
#987 = EDGE_CURVE('',#988,#988,#990,.T.);
#988 = VERTEX_POINT('',#989);
#989 = CARTESIAN_POINT('',(218.95,-138.45,0.));
#990 = CIRCLE('',#991,0.5);
#991 = AXIS2_PLACEMENT_3D('',#992,#993,#994);
#992 = CARTESIAN_POINT('',(218.95,-137.95,0.));
#993 = DIRECTION('',(-0.,0.,-1.));
#994 = DIRECTION('',(-0.,-1.,0.));
#995 = FACE_BOUND('',#996,.F.);
#996 = EDGE_LOOP('',(#997,#1008,#1016,#1025));
#997 = ORIENTED_EDGE('',*,*,#998,.T.);
#998 = EDGE_CURVE('',#999,#1001,#1003,.T.);
#999 = VERTEX_POINT('',#1000);
#1000 = CARTESIAN_POINT('',(227.1,-145.3,0.));
#1001 = VERTEX_POINT('',#1002);
#1002 = CARTESIAN_POINT('',(227.1,-146.8,0.));
#1003 = CIRCLE('',#1004,0.75);
#1004 = AXIS2_PLACEMENT_3D('',#1005,#1006,#1007);
#1005 = CARTESIAN_POINT('',(227.1,-146.05,0.));
#1006 = DIRECTION('',(-0.,0.,-1.));
#1007 = DIRECTION('',(-0.,-1.,0.));
#1008 = ORIENTED_EDGE('',*,*,#1009,.T.);
#1009 = EDGE_CURVE('',#1001,#1010,#1012,.T.);
#1010 = VERTEX_POINT('',#1011);
#1011 = CARTESIAN_POINT('',(225.8,-146.8,0.));
#1012 = LINE('',#1013,#1014);
#1013 = CARTESIAN_POINT('',(112.9,-146.8,0.));
#1014 = VECTOR('',#1015,1.);
#1015 = DIRECTION('',(-1.,0.,0.));
#1016 = ORIENTED_EDGE('',*,*,#1017,.T.);
#1017 = EDGE_CURVE('',#1010,#1018,#1020,.T.);
#1018 = VERTEX_POINT('',#1019);
#1019 = CARTESIAN_POINT('',(225.8,-145.3,0.));
#1020 = CIRCLE('',#1021,0.75);
#1021 = AXIS2_PLACEMENT_3D('',#1022,#1023,#1024);
#1022 = CARTESIAN_POINT('',(225.8,-146.05,0.));
#1023 = DIRECTION('',(-0.,0.,-1.));
#1024 = DIRECTION('',(0.,1.,0.));
#1025 = ORIENTED_EDGE('',*,*,#1026,.T.);
#1026 = EDGE_CURVE('',#1018,#999,#1027,.T.);
#1027 = LINE('',#1028,#1029);
#1028 = CARTESIAN_POINT('',(113.55,-145.3,0.));
#1029 = VECTOR('',#1030,1.);
#1030 = DIRECTION('',(1.,0.,-0.));
#1031 = FACE_BOUND('',#1032,.F.);
#1032 = EDGE_LOOP('',(#1033));
#1033 = ORIENTED_EDGE('',*,*,#1034,.T.);
#1034 = EDGE_CURVE('',#1035,#1035,#1037,.T.);
#1035 = VERTEX_POINT('',#1036);
#1036 = CARTESIAN_POINT('',(233.45,-143.45,0.));
#1037 = CIRCLE('',#1038,0.5);
#1038 = AXIS2_PLACEMENT_3D('',#1039,#1040,#1041);
#1039 = CARTESIAN_POINT('',(233.45,-142.95,0.));
#1040 = DIRECTION('',(-0.,0.,-1.));
#1041 = DIRECTION('',(-0.,-1.,0.));
#1042 = FACE_BOUND('',#1043,.F.);
#1043 = EDGE_LOOP('',(#1044));
#1044 = ORIENTED_EDGE('',*,*,#1045,.T.);
#1045 = EDGE_CURVE('',#1046,#1046,#1048,.T.);
#1046 = VERTEX_POINT('',#1047);
#1047 = CARTESIAN_POINT('',(233.45,-138.45,0.));
#1048 = CIRCLE('',#1049,0.5);
#1049 = AXIS2_PLACEMENT_3D('',#1050,#1051,#1052);
#1050 = CARTESIAN_POINT('',(233.45,-137.95,0.));
#1051 = DIRECTION('',(-0.,0.,-1.));
#1052 = DIRECTION('',(-0.,-1.,0.));
#1053 = FACE_BOUND('',#1054,.F.);
#1054 = EDGE_LOOP('',(#1055,#1066,#1074,#1083));
#1055 = ORIENTED_EDGE('',*,*,#1056,.T.);
#1056 = EDGE_CURVE('',#1057,#1059,#1061,.T.);
#1057 = VERTEX_POINT('',#1058);
#1058 = CARTESIAN_POINT('',(227.1,-134.1,0.));
#1059 = VERTEX_POINT('',#1060);
#1060 = CARTESIAN_POINT('',(227.1,-135.6,0.));
#1061 = CIRCLE('',#1062,0.75);
#1062 = AXIS2_PLACEMENT_3D('',#1063,#1064,#1065);
#1063 = CARTESIAN_POINT('',(227.1,-134.85,0.));
#1064 = DIRECTION('',(-0.,0.,-1.));
#1065 = DIRECTION('',(-0.,-1.,0.));
#1066 = ORIENTED_EDGE('',*,*,#1067,.T.);
#1067 = EDGE_CURVE('',#1059,#1068,#1070,.T.);
#1068 = VERTEX_POINT('',#1069);
#1069 = CARTESIAN_POINT('',(225.8,-135.6,0.));
#1070 = LINE('',#1071,#1072);
#1071 = CARTESIAN_POINT('',(112.9,-135.6,0.));
#1072 = VECTOR('',#1073,1.);
#1073 = DIRECTION('',(-1.,0.,0.));
#1074 = ORIENTED_EDGE('',*,*,#1075,.T.);
#1075 = EDGE_CURVE('',#1068,#1076,#1078,.T.);
#1076 = VERTEX_POINT('',#1077);
#1077 = CARTESIAN_POINT('',(225.8,-134.1,0.));
#1078 = CIRCLE('',#1079,0.75);
#1079 = AXIS2_PLACEMENT_3D('',#1080,#1081,#1082);
#1080 = CARTESIAN_POINT('',(225.8,-134.85,0.));
#1081 = DIRECTION('',(-0.,0.,-1.));
#1082 = DIRECTION('',(0.,1.,0.));
#1083 = ORIENTED_EDGE('',*,*,#1084,.T.);
#1084 = EDGE_CURVE('',#1076,#1057,#1085,.T.);
#1085 = LINE('',#1086,#1087);
#1086 = CARTESIAN_POINT('',(113.55,-134.1,0.));
#1087 = VECTOR('',#1088,1.);
#1088 = DIRECTION('',(1.,0.,-0.));
#1089 = FACE_BOUND('',#1090,.F.);
#1090 = EDGE_LOOP('',(#1091));
#1091 = ORIENTED_EDGE('',*,*,#1092,.T.);
#1092 = EDGE_CURVE('',#1093,#1093,#1095,.T.);
#1093 = VERTEX_POINT('',#1094);
#1094 = CARTESIAN_POINT('',(201.55,-121.9,0.));
#1095 = CIRCLE('',#1096,0.85);
#1096 = AXIS2_PLACEMENT_3D('',#1097,#1098,#1099);
#1097 = CARTESIAN_POINT('',(201.55,-121.05,0.));
#1098 = DIRECTION('',(-0.,0.,-1.));
#1099 = DIRECTION('',(-0.,-1.,0.));
#1100 = FACE_BOUND('',#1101,.F.);
#1101 = EDGE_LOOP('',(#1102));
#1102 = ORIENTED_EDGE('',*,*,#1103,.T.);
#1103 = EDGE_CURVE('',#1104,#1104,#1106,.T.);
#1104 = VERTEX_POINT('',#1105);
#1105 = CARTESIAN_POINT('',(206.63,-123.05,0.));
#1106 = CIRCLE('',#1107,2.);
#1107 = AXIS2_PLACEMENT_3D('',#1108,#1109,#1110);
#1108 = CARTESIAN_POINT('',(206.63,-121.05,0.));
#1109 = DIRECTION('',(-0.,0.,-1.));
#1110 = DIRECTION('',(-0.,-1.,0.));
#1111 = FACE_BOUND('',#1112,.F.);
#1112 = EDGE_LOOP('',(#1113));
#1113 = ORIENTED_EDGE('',*,*,#1114,.T.);
#1114 = EDGE_CURVE('',#1115,#1115,#1117,.T.);
#1115 = VERTEX_POINT('',#1116);
#1116 = CARTESIAN_POINT('',(202.82,-119.26,0.));
#1117 = CIRCLE('',#1118,0.75);
#1118 = AXIS2_PLACEMENT_3D('',#1119,#1120,#1121);
#1119 = CARTESIAN_POINT('',(202.82,-118.51,0.));
#1120 = DIRECTION('',(-0.,0.,-1.));
#1121 = DIRECTION('',(-0.,-1.,0.));
#1122 = FACE_BOUND('',#1123,.F.);
#1123 = EDGE_LOOP('',(#1124));
#1124 = ORIENTED_EDGE('',*,*,#1125,.T.);
#1125 = EDGE_CURVE('',#1126,#1126,#1128,.T.);
#1126 = VERTEX_POINT('',#1127);
#1127 = CARTESIAN_POINT('',(211.71,-121.9,0.));
#1128 = CIRCLE('',#1129,0.85);
#1129 = AXIS2_PLACEMENT_3D('',#1130,#1131,#1132);
#1130 = CARTESIAN_POINT('',(211.71,-121.05,0.));
#1131 = DIRECTION('',(-0.,0.,-1.));
#1132 = DIRECTION('',(-0.,-1.,0.));
#1133 = FACE_BOUND('',#1134,.F.);
#1134 = EDGE_LOOP('',(#1135));
#1135 = ORIENTED_EDGE('',*,*,#1136,.T.);
#1136 = EDGE_CURVE('',#1137,#1137,#1139,.T.);
#1137 = VERTEX_POINT('',#1138);
#1138 = CARTESIAN_POINT('',(209.17,-116.72,0.));
#1139 = CIRCLE('',#1140,0.75);
#1140 = AXIS2_PLACEMENT_3D('',#1141,#1142,#1143);
#1141 = CARTESIAN_POINT('',(209.17,-115.97,0.));
#1142 = DIRECTION('',(-0.,0.,-1.));
#1143 = DIRECTION('',(-0.,-1.,0.));
#1144 = FACE_BOUND('',#1145,.F.);
#1145 = EDGE_LOOP('',(#1146));
#1146 = ORIENTED_EDGE('',*,*,#1147,.T.);
#1147 = EDGE_CURVE('',#1148,#1148,#1150,.T.);
#1148 = VERTEX_POINT('',#1149);
#1149 = CARTESIAN_POINT('',(201.67,-102.79,0.));
#1150 = CIRCLE('',#1151,0.85);
#1151 = AXIS2_PLACEMENT_3D('',#1152,#1153,#1154);
#1152 = CARTESIAN_POINT('',(201.67,-101.94,0.));
#1153 = DIRECTION('',(-0.,0.,-1.));
#1154 = DIRECTION('',(-3.343730521224E-14,-1.,0.));
#1155 = FACE_BOUND('',#1156,.F.);
#1156 = EDGE_LOOP('',(#1157));
#1157 = ORIENTED_EDGE('',*,*,#1158,.T.);
#1158 = EDGE_CURVE('',#1159,#1159,#1161,.T.);
#1159 = VERTEX_POINT('',#1160);
#1160 = CARTESIAN_POINT('',(206.75,-103.94,0.));
#1161 = CIRCLE('',#1162,2.);
#1162 = AXIS2_PLACEMENT_3D('',#1163,#1164,#1165);
#1163 = CARTESIAN_POINT('',(206.75,-101.94,0.));
#1164 = DIRECTION('',(-0.,0.,-1.));
#1165 = DIRECTION('',(-0.,-1.,0.));
#1166 = FACE_BOUND('',#1167,.F.);
#1167 = EDGE_LOOP('',(#1168));
#1168 = ORIENTED_EDGE('',*,*,#1169,.T.);
#1169 = EDGE_CURVE('',#1170,#1170,#1172,.T.);
#1170 = VERTEX_POINT('',#1171);
#1171 = CARTESIAN_POINT('',(211.83,-102.79,0.));
#1172 = CIRCLE('',#1173,0.85);
#1173 = AXIS2_PLACEMENT_3D('',#1174,#1175,#1176);
#1174 = CARTESIAN_POINT('',(211.83,-101.94,0.));
#1175 = DIRECTION('',(-0.,0.,-1.));
#1176 = DIRECTION('',(3.343730521224E-14,-1.,-0.));
#1177 = FACE_BOUND('',#1178,.F.);
#1178 = EDGE_LOOP('',(#1179));
#1179 = ORIENTED_EDGE('',*,*,#1180,.T.);
#1180 = EDGE_CURVE('',#1181,#1181,#1183,.T.);
#1181 = VERTEX_POINT('',#1182);
#1182 = CARTESIAN_POINT('',(220.5,-121.82,0.));
#1183 = CIRCLE('',#1184,0.85);
#1184 = AXIS2_PLACEMENT_3D('',#1185,#1186,#1187);
#1185 = CARTESIAN_POINT('',(220.5,-120.97,0.));
#1186 = DIRECTION('',(-0.,0.,-1.));
#1187 = DIRECTION('',(-0.,-1.,0.));
#1188 = FACE_BOUND('',#1189,.F.);
#1189 = EDGE_LOOP('',(#1190));
#1190 = ORIENTED_EDGE('',*,*,#1191,.T.);
#1191 = EDGE_CURVE('',#1192,#1192,#1194,.T.);
#1192 = VERTEX_POINT('',#1193);
#1193 = CARTESIAN_POINT('',(221.77,-119.18,0.));
#1194 = CIRCLE('',#1195,0.75);
#1195 = AXIS2_PLACEMENT_3D('',#1196,#1197,#1198);
#1196 = CARTESIAN_POINT('',(221.77,-118.43,0.));
#1197 = DIRECTION('',(-0.,0.,-1.));
#1198 = DIRECTION('',(-0.,-1.,0.));
#1199 = FACE_BOUND('',#1200,.F.);
#1200 = EDGE_LOOP('',(#1201));
#1201 = ORIENTED_EDGE('',*,*,#1202,.T.);
#1202 = EDGE_CURVE('',#1203,#1203,#1205,.T.);
#1203 = VERTEX_POINT('',#1204);
#1204 = CARTESIAN_POINT('',(225.58,-122.97,0.));
#1205 = CIRCLE('',#1206,2.);
#1206 = AXIS2_PLACEMENT_3D('',#1207,#1208,#1209);
#1207 = CARTESIAN_POINT('',(225.58,-120.97,0.));
#1208 = DIRECTION('',(-0.,0.,-1.));
#1209 = DIRECTION('',(-0.,-1.,0.));
#1210 = FACE_BOUND('',#1211,.F.);
#1211 = EDGE_LOOP('',(#1212));
#1212 = ORIENTED_EDGE('',*,*,#1213,.T.);
#1213 = EDGE_CURVE('',#1214,#1214,#1216,.T.);
#1214 = VERTEX_POINT('',#1215);
#1215 = CARTESIAN_POINT('',(230.66,-121.82,0.));
#1216 = CIRCLE('',#1217,0.85);
#1217 = AXIS2_PLACEMENT_3D('',#1218,#1219,#1220);
#1218 = CARTESIAN_POINT('',(230.66,-120.97,0.));
#1219 = DIRECTION('',(-0.,0.,-1.));
#1220 = DIRECTION('',(-0.,-1.,0.));
#1221 = FACE_BOUND('',#1222,.F.);
#1222 = EDGE_LOOP('',(#1223));
#1223 = ORIENTED_EDGE('',*,*,#1224,.T.);
#1224 = EDGE_CURVE('',#1225,#1225,#1227,.T.);
#1225 = VERTEX_POINT('',#1226);
#1226 = CARTESIAN_POINT('',(228.12,-116.64,0.));
#1227 = CIRCLE('',#1228,0.75);
#1228 = AXIS2_PLACEMENT_3D('',#1229,#1230,#1231);
#1229 = CARTESIAN_POINT('',(228.12,-115.89,0.));
#1230 = DIRECTION('',(-0.,0.,-1.));
#1231 = DIRECTION('',(-0.,-1.,0.));
#1232 = FACE_BOUND('',#1233,.F.);
#1233 = EDGE_LOOP('',(#1234));
#1234 = ORIENTED_EDGE('',*,*,#1235,.T.);
#1235 = EDGE_CURVE('',#1236,#1236,#1238,.T.);
#1236 = VERTEX_POINT('',#1237);
#1237 = CARTESIAN_POINT('',(220.64,-102.77,0.));
#1238 = CIRCLE('',#1239,0.85);
#1239 = AXIS2_PLACEMENT_3D('',#1240,#1241,#1242);
#1240 = CARTESIAN_POINT('',(220.64,-101.92,0.));
#1241 = DIRECTION('',(-0.,0.,-1.));
#1242 = DIRECTION('',(-0.,-1.,0.));
#1243 = FACE_BOUND('',#1244,.F.);
#1244 = EDGE_LOOP('',(#1245));
#1245 = ORIENTED_EDGE('',*,*,#1246,.T.);
#1246 = EDGE_CURVE('',#1247,#1247,#1249,.T.);
#1247 = VERTEX_POINT('',#1248);
#1248 = CARTESIAN_POINT('',(225.72,-103.92,0.));
#1249 = CIRCLE('',#1250,2.);
#1250 = AXIS2_PLACEMENT_3D('',#1251,#1252,#1253);
#1251 = CARTESIAN_POINT('',(225.72,-101.92,0.));
#1252 = DIRECTION('',(-0.,0.,-1.));
#1253 = DIRECTION('',(-0.,-1.,0.));
#1254 = FACE_BOUND('',#1255,.F.);
#1255 = EDGE_LOOP('',(#1256));
#1256 = ORIENTED_EDGE('',*,*,#1257,.T.);
#1257 = EDGE_CURVE('',#1258,#1258,#1260,.T.);
#1258 = VERTEX_POINT('',#1259);
#1259 = CARTESIAN_POINT('',(230.8,-102.77,0.));
#1260 = CIRCLE('',#1261,0.85);
#1261 = AXIS2_PLACEMENT_3D('',#1262,#1263,#1264);
#1262 = CARTESIAN_POINT('',(230.8,-101.92,0.));
#1263 = DIRECTION('',(-0.,0.,-1.));
#1264 = DIRECTION('',(-0.,-1.,0.));
#1265 = FACE_BOUND('',#1266,.F.);
#1266 = EDGE_LOOP('',(#1267));
#1267 = ORIENTED_EDGE('',*,*,#1268,.T.);
#1268 = EDGE_CURVE('',#1269,#1269,#1271,.T.);
#1269 = VERTEX_POINT('',#1270);
#1270 = CARTESIAN_POINT('',(164.77,-100.15,0.));
#1271 = CIRCLE('',#1272,0.75);
#1272 = AXIS2_PLACEMENT_3D('',#1273,#1274,#1275);
#1273 = CARTESIAN_POINT('',(164.77,-99.4,0.));
#1274 = DIRECTION('',(-0.,0.,-1.));
#1275 = DIRECTION('',(-0.,-1.,0.));
#1276 = FACE_BOUND('',#1277,.F.);
#1277 = EDGE_LOOP('',(#1278));
#1278 = ORIENTED_EDGE('',*,*,#1279,.T.);
#1279 = EDGE_CURVE('',#1280,#1280,#1282,.T.);
#1280 = VERTEX_POINT('',#1281);
#1281 = CARTESIAN_POINT('',(171.12,-97.61,0.));
#1282 = CIRCLE('',#1283,0.75);
#1283 = AXIS2_PLACEMENT_3D('',#1284,#1285,#1286);
#1284 = CARTESIAN_POINT('',(171.12,-96.86,0.));
#1285 = DIRECTION('',(-0.,0.,-1.));
#1286 = DIRECTION('',(-0.,-1.,0.));
#1287 = FACE_BOUND('',#1288,.F.);
#1288 = EDGE_LOOP('',(#1289));
#1289 = ORIENTED_EDGE('',*,*,#1290,.T.);
#1290 = EDGE_CURVE('',#1291,#1291,#1293,.T.);
#1291 = VERTEX_POINT('',#1292);
#1292 = CARTESIAN_POINT('',(169.81,-87.69,0.));
#1293 = CIRCLE('',#1294,0.4);
#1294 = AXIS2_PLACEMENT_3D('',#1295,#1296,#1297);
#1295 = CARTESIAN_POINT('',(169.81,-87.29,0.));
#1296 = DIRECTION('',(-0.,0.,-1.));
#1297 = DIRECTION('',(-0.,-1.,0.));
#1298 = FACE_BOUND('',#1299,.F.);
#1299 = EDGE_LOOP('',(#1300));
#1300 = ORIENTED_EDGE('',*,*,#1301,.T.);
#1301 = EDGE_CURVE('',#1302,#1302,#1304,.T.);
#1302 = VERTEX_POINT('',#1303);
#1303 = CARTESIAN_POINT('',(163.64,-82.88,0.));
#1304 = CIRCLE('',#1305,0.4);
#1305 = AXIS2_PLACEMENT_3D('',#1306,#1307,#1308);
#1306 = CARTESIAN_POINT('',(163.64,-82.48,0.));
#1307 = DIRECTION('',(-0.,0.,-1.));
#1308 = DIRECTION('',(-0.,-1.,0.));
#1309 = FACE_BOUND('',#1310,.F.);
#1310 = EDGE_LOOP('',(#1311));
#1311 = ORIENTED_EDGE('',*,*,#1312,.T.);
#1312 = EDGE_CURVE('',#1313,#1313,#1315,.T.);
#1313 = VERTEX_POINT('',#1314);
#1314 = CARTESIAN_POINT('',(171.26,-82.88,0.));
#1315 = CIRCLE('',#1316,0.4);
#1316 = AXIS2_PLACEMENT_3D('',#1317,#1318,#1319);
#1317 = CARTESIAN_POINT('',(171.26,-82.48,0.));
#1318 = DIRECTION('',(-0.,0.,-1.));
#1319 = DIRECTION('',(-0.,-1.,0.));
#1320 = FACE_BOUND('',#1321,.F.);
#1321 = EDGE_LOOP('',(#1322));
#1322 = ORIENTED_EDGE('',*,*,#1323,.T.);
#1323 = EDGE_CURVE('',#1324,#1324,#1326,.T.);
#1324 = VERTEX_POINT('',#1325);
#1325 = CARTESIAN_POINT('',(169.62,-78.45,0.));
#1326 = CIRCLE('',#1327,0.4);
#1327 = AXIS2_PLACEMENT_3D('',#1328,#1329,#1330);
#1328 = CARTESIAN_POINT('',(169.62,-78.05,0.));
#1329 = DIRECTION('',(-0.,0.,-1.));
#1330 = DIRECTION('',(-0.,-1.,0.));
#1331 = FACE_BOUND('',#1332,.F.);
#1332 = EDGE_LOOP('',(#1333));
#1333 = ORIENTED_EDGE('',*,*,#1334,.T.);
#1334 = EDGE_CURVE('',#1335,#1335,#1337,.T.);
#1335 = VERTEX_POINT('',#1336);
#1336 = CARTESIAN_POINT('',(177.43,-87.69,0.));
#1337 = CIRCLE('',#1338,0.4);
#1338 = AXIS2_PLACEMENT_3D('',#1339,#1340,#1341);
#1339 = CARTESIAN_POINT('',(177.43,-87.29,0.));
#1340 = DIRECTION('',(-0.,0.,-1.));
#1341 = DIRECTION('',(-0.,-1.,0.));
#1342 = FACE_BOUND('',#1343,.F.);
#1343 = EDGE_LOOP('',(#1344));
#1344 = ORIENTED_EDGE('',*,*,#1345,.T.);
#1345 = EDGE_CURVE('',#1346,#1346,#1348,.T.);
#1346 = VERTEX_POINT('',#1347);
#1347 = CARTESIAN_POINT('',(175.07,-82.88,0.));
#1348 = CIRCLE('',#1349,0.4);
#1349 = AXIS2_PLACEMENT_3D('',#1350,#1351,#1352);
#1350 = CARTESIAN_POINT('',(175.07,-82.48,0.));
#1351 = DIRECTION('',(-0.,0.,-1.));
#1352 = DIRECTION('',(-0.,-1.,0.));
#1353 = FACE_BOUND('',#1354,.F.);
#1354 = EDGE_LOOP('',(#1355));
#1355 = ORIENTED_EDGE('',*,*,#1356,.T.);
#1356 = EDGE_CURVE('',#1357,#1357,#1359,.T.);
#1357 = VERTEX_POINT('',#1358);
#1358 = CARTESIAN_POINT('',(177.24,-78.45,0.));
#1359 = CIRCLE('',#1360,0.4);
#1360 = AXIS2_PLACEMENT_3D('',#1361,#1362,#1363);
#1361 = CARTESIAN_POINT('',(177.24,-78.05,0.));
#1362 = DIRECTION('',(-0.,0.,-1.));
#1363 = DIRECTION('',(-0.,-1.,0.));
#1364 = FACE_BOUND('',#1365,.F.);
#1365 = EDGE_LOOP('',(#1366));
#1366 = ORIENTED_EDGE('',*,*,#1367,.T.);
#1367 = EDGE_CURVE('',#1368,#1368,#1370,.T.);
#1368 = VERTEX_POINT('',#1369);
#1369 = CARTESIAN_POINT('',(183.83,-100.16,0.));
#1370 = CIRCLE('',#1371,0.75);
#1371 = AXIS2_PLACEMENT_3D('',#1372,#1373,#1374);
#1372 = CARTESIAN_POINT('',(183.83,-99.41,0.));
#1373 = DIRECTION('',(-0.,0.,-1.));
#1374 = DIRECTION('',(-0.,-1.,0.));
#1375 = FACE_BOUND('',#1376,.F.);
#1376 = EDGE_LOOP('',(#1377));
#1377 = ORIENTED_EDGE('',*,*,#1378,.T.);
#1378 = EDGE_CURVE('',#1379,#1379,#1381,.T.);
#1379 = VERTEX_POINT('',#1380);
#1380 = CARTESIAN_POINT('',(190.18,-97.62,0.));
#1381 = CIRCLE('',#1382,0.75);
#1382 = AXIS2_PLACEMENT_3D('',#1383,#1384,#1385);
#1383 = CARTESIAN_POINT('',(190.18,-96.87,0.));
#1384 = DIRECTION('',(-0.,0.,-1.));
#1385 = DIRECTION('',(-0.,-1.,0.));
#1386 = FACE_BOUND('',#1387,.F.);
#1387 = EDGE_LOOP('',(#1388));
#1388 = ORIENTED_EDGE('',*,*,#1389,.T.);
#1389 = EDGE_CURVE('',#1390,#1390,#1392,.T.);
#1390 = VERTEX_POINT('',#1391);
#1391 = CARTESIAN_POINT('',(180.98,-87.69,0.));
#1392 = CIRCLE('',#1393,0.4);
#1393 = AXIS2_PLACEMENT_3D('',#1394,#1395,#1396);
#1394 = CARTESIAN_POINT('',(180.98,-87.29,0.));
#1395 = DIRECTION('',(-0.,0.,-1.));
#1396 = DIRECTION('',(-7.105427357601E-14,-1.,0.));
#1397 = FACE_BOUND('',#1398,.F.);
#1398 = EDGE_LOOP('',(#1399));
#1399 = ORIENTED_EDGE('',*,*,#1400,.T.);
#1400 = EDGE_CURVE('',#1401,#1401,#1403,.T.);
#1401 = VERTEX_POINT('',#1402);
#1402 = CARTESIAN_POINT('',(188.6,-87.69,0.));
#1403 = CIRCLE('',#1404,0.4);
#1404 = AXIS2_PLACEMENT_3D('',#1405,#1406,#1407);
#1405 = CARTESIAN_POINT('',(188.6,-87.29,0.));
#1406 = DIRECTION('',(-0.,0.,-1.));
#1407 = DIRECTION('',(-0.,-1.,0.));
#1408 = FACE_BOUND('',#1409,.F.);
#1409 = EDGE_LOOP('',(#1410));
#1410 = ORIENTED_EDGE('',*,*,#1411,.T.);
#1411 = EDGE_CURVE('',#1412,#1412,#1414,.T.);
#1412 = VERTEX_POINT('',#1413);
#1413 = CARTESIAN_POINT('',(182.69,-82.88,0.));
#1414 = CIRCLE('',#1415,0.4);
#1415 = AXIS2_PLACEMENT_3D('',#1416,#1417,#1418);
#1416 = CARTESIAN_POINT('',(182.69,-82.48,0.));
#1417 = DIRECTION('',(-0.,0.,-1.));
#1418 = DIRECTION('',(-0.,-1.,0.));
#1419 = FACE_BOUND('',#1420,.F.);
#1420 = EDGE_LOOP('',(#1421));
#1421 = ORIENTED_EDGE('',*,*,#1422,.T.);
#1422 = EDGE_CURVE('',#1423,#1423,#1425,.T.);
#1423 = VERTEX_POINT('',#1424);
#1424 = CARTESIAN_POINT('',(180.96,-78.34,0.));
#1425 = CIRCLE('',#1426,0.4);
#1426 = AXIS2_PLACEMENT_3D('',#1427,#1428,#1429);
#1427 = CARTESIAN_POINT('',(180.96,-77.94,0.));
#1428 = DIRECTION('',(-0.,0.,-1.));
#1429 = DIRECTION('',(-0.,-1.,0.));
#1430 = FACE_BOUND('',#1431,.F.);
#1431 = EDGE_LOOP('',(#1432));
#1432 = ORIENTED_EDGE('',*,*,#1433,.T.);
#1433 = EDGE_CURVE('',#1434,#1434,#1436,.T.);
#1434 = VERTEX_POINT('',#1435);
#1435 = CARTESIAN_POINT('',(186.24,-82.88,0.));
#1436 = CIRCLE('',#1437,0.4);
#1437 = AXIS2_PLACEMENT_3D('',#1438,#1439,#1440);
#1438 = CARTESIAN_POINT('',(186.24,-82.48,0.));
#1439 = DIRECTION('',(-0.,0.,-1.));
#1440 = DIRECTION('',(-0.,-1.,0.));
#1441 = FACE_BOUND('',#1442,.F.);
#1442 = EDGE_LOOP('',(#1443));
#1443 = ORIENTED_EDGE('',*,*,#1444,.T.);
#1444 = EDGE_CURVE('',#1445,#1445,#1447,.T.);
#1445 = VERTEX_POINT('',#1446);
#1446 = CARTESIAN_POINT('',(188.58,-78.34,0.));
#1447 = CIRCLE('',#1448,0.4);
#1448 = AXIS2_PLACEMENT_3D('',#1449,#1450,#1451);
#1449 = CARTESIAN_POINT('',(188.58,-77.94,0.));
#1450 = DIRECTION('',(-0.,0.,-1.));
#1451 = DIRECTION('',(7.105427357601E-14,-1.,-0.));
#1452 = FACE_BOUND('',#1453,.F.);
#1453 = EDGE_LOOP('',(#1454));
#1454 = ORIENTED_EDGE('',*,*,#1455,.T.);
#1455 = EDGE_CURVE('',#1456,#1456,#1458,.T.);
#1456 = VERTEX_POINT('',#1457);
#1457 = CARTESIAN_POINT('',(192.15,-87.69,0.));
#1458 = CIRCLE('',#1459,0.4);
#1459 = AXIS2_PLACEMENT_3D('',#1460,#1461,#1462);
#1460 = CARTESIAN_POINT('',(192.15,-87.29,0.));
#1461 = DIRECTION('',(-0.,0.,-1.));
#1462 = DIRECTION('',(-0.,-1.,0.));
#1463 = FACE_BOUND('',#1464,.F.);
#1464 = EDGE_LOOP('',(#1465));
#1465 = ORIENTED_EDGE('',*,*,#1466,.T.);
#1466 = EDGE_CURVE('',#1467,#1467,#1469,.T.);
#1467 = VERTEX_POINT('',#1468);
#1468 = CARTESIAN_POINT('',(192.13,-78.56,0.));
#1469 = CIRCLE('',#1470,0.4);
#1470 = AXIS2_PLACEMENT_3D('',#1471,#1472,#1473);
#1471 = CARTESIAN_POINT('',(192.13,-78.16,0.));
#1472 = DIRECTION('',(-0.,0.,-1.));
#1473 = DIRECTION('',(-0.,-1.,0.));
#1474 = FACE_BOUND('',#1475,.F.);
#1475 = EDGE_LOOP('',(#1476));
#1476 = ORIENTED_EDGE('',*,*,#1477,.T.);
#1477 = EDGE_CURVE('',#1478,#1478,#1480,.T.);
#1478 = VERTEX_POINT('',#1479);
#1479 = CARTESIAN_POINT('',(193.86,-82.88,0.));
#1480 = CIRCLE('',#1481,0.4);
#1481 = AXIS2_PLACEMENT_3D('',#1482,#1483,#1484);
#1482 = CARTESIAN_POINT('',(193.86,-82.48,0.));
#1483 = DIRECTION('',(-0.,0.,-1.));
#1484 = DIRECTION('',(-0.,-1.,0.));
#1485 = FACE_BOUND('',#1486,.F.);
#1486 = EDGE_LOOP('',(#1487));
#1487 = ORIENTED_EDGE('',*,*,#1488,.T.);
#1488 = EDGE_CURVE('',#1489,#1489,#1491,.T.);
#1489 = VERTEX_POINT('',#1490);
#1490 = CARTESIAN_POINT('',(197.4,-82.66,0.));
#1491 = CIRCLE('',#1492,0.4);
#1492 = AXIS2_PLACEMENT_3D('',#1493,#1494,#1495);
#1493 = CARTESIAN_POINT('',(197.4,-82.26,0.));
#1494 = DIRECTION('',(-0.,0.,-1.));
#1495 = DIRECTION('',(-0.,-1.,0.));
#1496 = FACE_BOUND('',#1497,.F.);
#1497 = EDGE_LOOP('',(#1498));
#1498 = ORIENTED_EDGE('',*,*,#1499,.T.);
#1499 = EDGE_CURVE('',#1500,#1500,#1502,.T.);
#1500 = VERTEX_POINT('',#1501);
#1501 = CARTESIAN_POINT('',(202.94,-100.15,0.));
#1502 = CIRCLE('',#1503,0.75);
#1503 = AXIS2_PLACEMENT_3D('',#1504,#1505,#1506);
#1504 = CARTESIAN_POINT('',(202.94,-99.4,0.));
#1505 = DIRECTION('',(-0.,0.,-1.));
#1506 = DIRECTION('',(-0.,-1.,0.));
#1507 = FACE_BOUND('',#1508,.F.);
#1508 = EDGE_LOOP('',(#1509));
#1509 = ORIENTED_EDGE('',*,*,#1510,.T.);
#1510 = EDGE_CURVE('',#1511,#1511,#1513,.T.);
#1511 = VERTEX_POINT('',#1512);
#1512 = CARTESIAN_POINT('',(209.29,-97.61,0.));
#1513 = CIRCLE('',#1514,0.75);
#1514 = AXIS2_PLACEMENT_3D('',#1515,#1516,#1517);
#1515 = CARTESIAN_POINT('',(209.29,-96.86,0.));
#1516 = DIRECTION('',(-0.,0.,-1.));
#1517 = DIRECTION('',(-0.,-1.,0.));
#1518 = FACE_BOUND('',#1519,.F.);
#1519 = EDGE_LOOP('',(#1520));
#1520 = ORIENTED_EDGE('',*,*,#1521,.T.);
#1521 = EDGE_CURVE('',#1522,#1522,#1524,.T.);
#1522 = VERTEX_POINT('',#1523);
#1523 = CARTESIAN_POINT('',(199.77,-87.69,0.));
#1524 = CIRCLE('',#1525,0.4);
#1525 = AXIS2_PLACEMENT_3D('',#1526,#1527,#1528);
#1526 = CARTESIAN_POINT('',(199.77,-87.29,0.));
#1527 = DIRECTION('',(-0.,0.,-1.));
#1528 = DIRECTION('',(7.105427357601E-14,-1.,-0.));
#1529 = FACE_BOUND('',#1530,.F.);
#1530 = EDGE_LOOP('',(#1531));
#1531 = ORIENTED_EDGE('',*,*,#1532,.T.);
#1532 = EDGE_CURVE('',#1533,#1533,#1535,.T.);
#1533 = VERTEX_POINT('',#1534);
#1534 = CARTESIAN_POINT('',(203.97,-87.69,0.));
#1535 = CIRCLE('',#1536,0.4);
#1536 = AXIS2_PLACEMENT_3D('',#1537,#1538,#1539);
#1537 = CARTESIAN_POINT('',(203.97,-87.29,0.));
#1538 = DIRECTION('',(-0.,0.,-1.));
#1539 = DIRECTION('',(-0.,-1.,0.));
#1540 = FACE_BOUND('',#1541,.F.);
#1541 = EDGE_LOOP('',(#1542));
#1542 = ORIENTED_EDGE('',*,*,#1543,.T.);
#1543 = EDGE_CURVE('',#1544,#1544,#1546,.T.);
#1544 = VERTEX_POINT('',#1545);
#1545 = CARTESIAN_POINT('',(199.75,-78.56,0.));
#1546 = CIRCLE('',#1547,0.4);
#1547 = AXIS2_PLACEMENT_3D('',#1548,#1549,#1550);
#1548 = CARTESIAN_POINT('',(199.75,-78.16,0.));
#1549 = DIRECTION('',(-0.,0.,-1.));
#1550 = DIRECTION('',(-0.,-1.,0.));
#1551 = FACE_BOUND('',#1552,.F.);
#1552 = EDGE_LOOP('',(#1553));
#1553 = ORIENTED_EDGE('',*,*,#1554,.T.);
#1554 = EDGE_CURVE('',#1555,#1555,#1557,.T.);
#1555 = VERTEX_POINT('',#1556);
#1556 = CARTESIAN_POINT('',(205.02,-82.66,0.));
#1557 = CIRCLE('',#1558,0.4);
#1558 = AXIS2_PLACEMENT_3D('',#1559,#1560,#1561);
#1559 = CARTESIAN_POINT('',(205.02,-82.26,0.));
#1560 = DIRECTION('',(-0.,0.,-1.));
#1561 = DIRECTION('',(7.105427357601E-14,-1.,-0.));
#1562 = FACE_BOUND('',#1563,.F.);
#1563 = EDGE_LOOP('',(#1564));
#1564 = ORIENTED_EDGE('',*,*,#1565,.T.);
#1565 = EDGE_CURVE('',#1566,#1566,#1568,.T.);
#1566 = VERTEX_POINT('',#1567);
#1567 = CARTESIAN_POINT('',(203.64,-78.67,0.));
#1568 = CIRCLE('',#1569,0.4);
#1569 = AXIS2_PLACEMENT_3D('',#1570,#1571,#1572);
#1570 = CARTESIAN_POINT('',(203.64,-78.27,0.));
#1571 = DIRECTION('',(-0.,0.,-1.));
#1572 = DIRECTION('',(-0.,-1.,0.));
#1573 = FACE_BOUND('',#1574,.F.);
#1574 = EDGE_LOOP('',(#1575));
#1575 = ORIENTED_EDGE('',*,*,#1576,.T.);
#1576 = EDGE_CURVE('',#1577,#1577,#1579,.T.);
#1577 = VERTEX_POINT('',#1578);
#1578 = CARTESIAN_POINT('',(211.59,-87.69,0.));
#1579 = CIRCLE('',#1580,0.4);
#1580 = AXIS2_PLACEMENT_3D('',#1581,#1582,#1583);
#1581 = CARTESIAN_POINT('',(211.59,-87.29,0.));
#1582 = DIRECTION('',(-0.,0.,-1.));
#1583 = DIRECTION('',(-0.,-1.,0.));
#1584 = FACE_BOUND('',#1585,.F.);
#1585 = EDGE_LOOP('',(#1586));
#1586 = ORIENTED_EDGE('',*,*,#1587,.T.);
#1587 = EDGE_CURVE('',#1588,#1588,#1590,.T.);
#1588 = VERTEX_POINT('',#1589);
#1589 = CARTESIAN_POINT('',(211.26,-78.67,0.));
#1590 = CIRCLE('',#1591,0.4);
#1591 = AXIS2_PLACEMENT_3D('',#1592,#1593,#1594);
#1592 = CARTESIAN_POINT('',(211.26,-78.27,0.));
#1593 = DIRECTION('',(-0.,0.,-1.));
#1594 = DIRECTION('',(-0.,-1.,0.));
#1595 = FACE_BOUND('',#1596,.F.);
#1596 = EDGE_LOOP('',(#1597));
#1597 = ORIENTED_EDGE('',*,*,#1598,.T.);
#1598 = EDGE_CURVE('',#1599,#1599,#1601,.T.);
#1599 = VERTEX_POINT('',#1600);
#1600 = CARTESIAN_POINT('',(221.91,-100.13,0.));
#1601 = CIRCLE('',#1602,0.75);
#1602 = AXIS2_PLACEMENT_3D('',#1603,#1604,#1605);
#1603 = CARTESIAN_POINT('',(221.91,-99.38,0.));
#1604 = DIRECTION('',(-0.,0.,-1.));
#1605 = DIRECTION('',(-0.,-1.,0.));
#1606 = FACE_BOUND('',#1607,.F.);
#1607 = EDGE_LOOP('',(#1608));
#1608 = ORIENTED_EDGE('',*,*,#1609,.T.);
#1609 = EDGE_CURVE('',#1610,#1610,#1612,.T.);
#1610 = VERTEX_POINT('',#1611);
#1611 = CARTESIAN_POINT('',(228.26,-97.59,0.));
#1612 = CIRCLE('',#1613,0.75);
#1613 = AXIS2_PLACEMENT_3D('',#1614,#1615,#1616);
#1614 = CARTESIAN_POINT('',(228.26,-96.84,0.));
#1615 = DIRECTION('',(-0.,0.,-1.));
#1616 = DIRECTION('',(-0.,-1.,0.));
#1617 = FACE_BOUND('',#1618,.F.);
#1618 = EDGE_LOOP('',(#1619));
#1619 = ORIENTED_EDGE('',*,*,#1620,.T.);
#1620 = EDGE_CURVE('',#1621,#1621,#1623,.T.);
#1621 = VERTEX_POINT('',#1622);
#1622 = CARTESIAN_POINT('',(220.76,-83.66,0.));
#1623 = CIRCLE('',#1624,0.85);
#1624 = AXIS2_PLACEMENT_3D('',#1625,#1626,#1627);
#1625 = CARTESIAN_POINT('',(220.76,-82.81,0.));
#1626 = DIRECTION('',(-0.,0.,-1.));
#1627 = DIRECTION('',(-0.,-1.,0.));
#1628 = FACE_BOUND('',#1629,.F.);
#1629 = EDGE_LOOP('',(#1630));
#1630 = ORIENTED_EDGE('',*,*,#1631,.T.);
#1631 = EDGE_CURVE('',#1632,#1632,#1634,.T.);
#1632 = VERTEX_POINT('',#1633);
#1633 = CARTESIAN_POINT('',(222.03,-81.02,0.));
#1634 = CIRCLE('',#1635,0.75);
#1635 = AXIS2_PLACEMENT_3D('',#1636,#1637,#1638);
#1636 = CARTESIAN_POINT('',(222.03,-80.27,0.));
#1637 = DIRECTION('',(-0.,0.,-1.));
#1638 = DIRECTION('',(-0.,-1.,0.));
#1639 = FACE_BOUND('',#1640,.F.);
#1640 = EDGE_LOOP('',(#1641));
#1641 = ORIENTED_EDGE('',*,*,#1642,.T.);
#1642 = EDGE_CURVE('',#1643,#1643,#1645,.T.);
#1643 = VERTEX_POINT('',#1644);
#1644 = CARTESIAN_POINT('',(225.84,-84.81,0.));
#1645 = CIRCLE('',#1646,2.);
#1646 = AXIS2_PLACEMENT_3D('',#1647,#1648,#1649);
#1647 = CARTESIAN_POINT('',(225.84,-82.81,0.));
#1648 = DIRECTION('',(-0.,0.,-1.));
#1649 = DIRECTION('',(-0.,-1.,0.));
#1650 = FACE_BOUND('',#1651,.F.);
#1651 = EDGE_LOOP('',(#1652));
#1652 = ORIENTED_EDGE('',*,*,#1653,.T.);
#1653 = EDGE_CURVE('',#1654,#1654,#1656,.T.);
#1654 = VERTEX_POINT('',#1655);
#1655 = CARTESIAN_POINT('',(228.38,-78.48,0.));
#1656 = CIRCLE('',#1657,0.75);
#1657 = AXIS2_PLACEMENT_3D('',#1658,#1659,#1660);
#1658 = CARTESIAN_POINT('',(228.38,-77.73,0.));
#1659 = DIRECTION('',(-0.,0.,-1.));
#1660 = DIRECTION('',(-0.,-1.,0.));
#1661 = FACE_BOUND('',#1662,.F.);
#1662 = EDGE_LOOP('',(#1663));
#1663 = ORIENTED_EDGE('',*,*,#1664,.T.);
#1664 = EDGE_CURVE('',#1665,#1665,#1667,.T.);
#1665 = VERTEX_POINT('',#1666);
#1666 = CARTESIAN_POINT('',(230.92,-83.66,0.));
#1667 = CIRCLE('',#1668,0.85);
#1668 = AXIS2_PLACEMENT_3D('',#1669,#1670,#1671);
#1669 = CARTESIAN_POINT('',(230.92,-82.81,0.));
#1670 = DIRECTION('',(-0.,0.,-1.));
#1671 = DIRECTION('',(-3.343730521224E-14,-1.,0.));
#1672 = FACE_BOUND('',#1673,.F.);
#1673 = EDGE_LOOP('',(#1674));
#1674 = ORIENTED_EDGE('',*,*,#1675,.T.);
#1675 = EDGE_CURVE('',#1676,#1676,#1678,.T.);
#1676 = VERTEX_POINT('',#1677);
#1677 = CARTESIAN_POINT('',(203.93,-68.53,0.));
#1678 = CIRCLE('',#1679,0.5);
#1679 = AXIS2_PLACEMENT_3D('',#1680,#1681,#1682);
#1680 = CARTESIAN_POINT('',(203.93,-68.03,0.));
#1681 = DIRECTION('',(-0.,0.,-1.));
#1682 = DIRECTION('',(-0.,-1.,0.));
#1683 = FACE_BOUND('',#1684,.F.);
#1684 = EDGE_LOOP('',(#1685));
#1685 = ORIENTED_EDGE('',*,*,#1686,.T.);
#1686 = EDGE_CURVE('',#1687,#1687,#1689,.T.);
#1687 = VERTEX_POINT('',#1688);
#1688 = CARTESIAN_POINT('',(203.93,-65.99,0.));
#1689 = CIRCLE('',#1690,0.5);
#1690 = AXIS2_PLACEMENT_3D('',#1691,#1692,#1693);
#1691 = CARTESIAN_POINT('',(203.93,-65.49,0.));
#1692 = DIRECTION('',(-0.,0.,-1.));
#1693 = DIRECTION('',(-0.,-1.,0.));
#1694 = FACE_BOUND('',#1695,.F.);
#1695 = EDGE_LOOP('',(#1696));
#1696 = ORIENTED_EDGE('',*,*,#1697,.T.);
#1697 = EDGE_CURVE('',#1698,#1698,#1700,.T.);
#1698 = VERTEX_POINT('',#1699);
#1699 = CARTESIAN_POINT('',(203.93,-63.45,0.));
#1700 = CIRCLE('',#1701,0.5);
#1701 = AXIS2_PLACEMENT_3D('',#1702,#1703,#1704);
#1702 = CARTESIAN_POINT('',(203.93,-62.95,0.));
#1703 = DIRECTION('',(-0.,0.,-1.));
#1704 = DIRECTION('',(-0.,-1.,0.));
#1705 = FACE_BOUND('',#1706,.F.);
#1706 = EDGE_LOOP('',(#1707));
#1707 = ORIENTED_EDGE('',*,*,#1708,.T.);
#1708 = EDGE_CURVE('',#1709,#1709,#1711,.T.);
#1709 = VERTEX_POINT('',#1710);
#1710 = CARTESIAN_POINT('',(203.93,-60.91,0.));
#1711 = CIRCLE('',#1712,0.5);
#1712 = AXIS2_PLACEMENT_3D('',#1713,#1714,#1715);
#1713 = CARTESIAN_POINT('',(203.93,-60.41,0.));
#1714 = DIRECTION('',(-0.,0.,-1.));
#1715 = DIRECTION('',(-0.,-1.,0.));
#1716 = FACE_BOUND('',#1717,.F.);
#1717 = EDGE_LOOP('',(#1718));
#1718 = ORIENTED_EDGE('',*,*,#1719,.T.);
#1719 = EDGE_CURVE('',#1720,#1720,#1722,.T.);
#1720 = VERTEX_POINT('',#1721);
#1721 = CARTESIAN_POINT('',(216.8915,-70.3445,0.));
#1722 = CIRCLE('',#1723,0.4445);
#1723 = AXIS2_PLACEMENT_3D('',#1724,#1725,#1726);
#1724 = CARTESIAN_POINT('',(216.8915,-69.9,0.));
#1725 = DIRECTION('',(-0.,0.,-1.));
#1726 = DIRECTION('',(-0.,-1.,0.));
#1727 = FACE_BOUND('',#1728,.F.);
#1728 = EDGE_LOOP('',(#1729));
#1729 = ORIENTED_EDGE('',*,*,#1730,.T.);
#1730 = EDGE_CURVE('',#1731,#1731,#1733,.T.);
#1731 = VERTEX_POINT('',#1732);
#1732 = CARTESIAN_POINT('',(219.4315,-70.3445,0.));
#1733 = CIRCLE('',#1734,0.4445);
#1734 = AXIS2_PLACEMENT_3D('',#1735,#1736,#1737);
#1735 = CARTESIAN_POINT('',(219.4315,-69.9,0.));
#1736 = DIRECTION('',(-0.,0.,-1.));
#1737 = DIRECTION('',(-0.,-1.,0.));
#1738 = FACE_BOUND('',#1739,.F.);
#1739 = EDGE_LOOP('',(#1740));
#1740 = ORIENTED_EDGE('',*,*,#1741,.T.);
#1741 = EDGE_CURVE('',#1742,#1742,#1744,.T.);
#1742 = VERTEX_POINT('',#1743);
#1743 = CARTESIAN_POINT('',(221.9715,-70.3445,0.));
#1744 = CIRCLE('',#1745,0.4445);
#1745 = AXIS2_PLACEMENT_3D('',#1746,#1747,#1748);
#1746 = CARTESIAN_POINT('',(221.9715,-69.9,0.));
#1747 = DIRECTION('',(-0.,0.,-1.));
#1748 = DIRECTION('',(-0.,-1.,0.));
#1749 = FACE_BOUND('',#1750,.F.);
#1750 = EDGE_LOOP('',(#1751));
#1751 = ORIENTED_EDGE('',*,*,#1752,.T.);
#1752 = EDGE_CURVE('',#1753,#1753,#1755,.T.);
#1753 = VERTEX_POINT('',#1754);
#1754 = CARTESIAN_POINT('',(224.5115,-70.3445,0.));
#1755 = CIRCLE('',#1756,0.4445);
#1756 = AXIS2_PLACEMENT_3D('',#1757,#1758,#1759);
#1757 = CARTESIAN_POINT('',(224.5115,-69.9,0.));
#1758 = DIRECTION('',(-0.,0.,-1.));
#1759 = DIRECTION('',(-0.,-1.,0.));
#1760 = FACE_BOUND('',#1761,.F.);
#1761 = EDGE_LOOP('',(#1762));
#1762 = ORIENTED_EDGE('',*,*,#1763,.T.);
#1763 = EDGE_CURVE('',#1764,#1764,#1766,.T.);
#1764 = VERTEX_POINT('',#1765);
#1765 = CARTESIAN_POINT('',(227.0515,-70.3445,0.));
#1766 = CIRCLE('',#1767,0.4445);
#1767 = AXIS2_PLACEMENT_3D('',#1768,#1769,#1770);
#1768 = CARTESIAN_POINT('',(227.0515,-69.9,0.));
#1769 = DIRECTION('',(-0.,0.,-1.));
#1770 = DIRECTION('',(-0.,-1.,0.));
#1771 = FACE_BOUND('',#1772,.F.);
#1772 = EDGE_LOOP('',(#1773));
#1773 = ORIENTED_EDGE('',*,*,#1774,.T.);
#1774 = EDGE_CURVE('',#1775,#1775,#1777,.T.);
#1775 = VERTEX_POINT('',#1776);
#1776 = CARTESIAN_POINT('',(229.5915,-70.3445,0.));
#1777 = CIRCLE('',#1778,0.4445);
#1778 = AXIS2_PLACEMENT_3D('',#1779,#1780,#1781);
#1779 = CARTESIAN_POINT('',(229.5915,-69.9,0.));
#1780 = DIRECTION('',(-0.,0.,-1.));
#1781 = DIRECTION('',(-0.,-1.,0.));
#1782 = FACE_BOUND('',#1783,.F.);
#1783 = EDGE_LOOP('',(#1784));
#1784 = ORIENTED_EDGE('',*,*,#1785,.T.);
#1785 = EDGE_CURVE('',#1786,#1786,#1788,.T.);
#1786 = VERTEX_POINT('',#1787);
#1787 = CARTESIAN_POINT('',(232.1315,-70.3445,0.));
#1788 = CIRCLE('',#1789,0.4445);
#1789 = AXIS2_PLACEMENT_3D('',#1790,#1791,#1792);
#1790 = CARTESIAN_POINT('',(232.1315,-69.9,0.));
#1791 = DIRECTION('',(-0.,0.,-1.));
#1792 = DIRECTION('',(-6.394085361171E-14,-1.,0.));
#1793 = FACE_BOUND('',#1794,.F.);
#1794 = EDGE_LOOP('',(#1795));
#1795 = ORIENTED_EDGE('',*,*,#1796,.T.);
#1796 = EDGE_CURVE('',#1797,#1797,#1799,.T.);
#1797 = VERTEX_POINT('',#1798);
#1798 = CARTESIAN_POINT('',(216.8915,-55.1045,0.));
#1799 = CIRCLE('',#1800,0.4445);
#1800 = AXIS2_PLACEMENT_3D('',#1801,#1802,#1803);
#1801 = CARTESIAN_POINT('',(216.8915,-54.66,0.));
#1802 = DIRECTION('',(-0.,0.,-1.));
#1803 = DIRECTION('',(-0.,-1.,0.));
#1804 = FACE_BOUND('',#1805,.F.);
#1805 = EDGE_LOOP('',(#1806));
#1806 = ORIENTED_EDGE('',*,*,#1807,.T.);
#1807 = EDGE_CURVE('',#1808,#1808,#1810,.T.);
#1808 = VERTEX_POINT('',#1809);
#1809 = CARTESIAN_POINT('',(219.4315,-55.1045,0.));
#1810 = CIRCLE('',#1811,0.4445);
#1811 = AXIS2_PLACEMENT_3D('',#1812,#1813,#1814);
#1812 = CARTESIAN_POINT('',(219.4315,-54.66,0.));
#1813 = DIRECTION('',(-0.,0.,-1.));
#1814 = DIRECTION('',(-0.,-1.,0.));
#1815 = FACE_BOUND('',#1816,.F.);
#1816 = EDGE_LOOP('',(#1817));
#1817 = ORIENTED_EDGE('',*,*,#1818,.T.);
#1818 = EDGE_CURVE('',#1819,#1819,#1821,.T.);
#1819 = VERTEX_POINT('',#1820);
#1820 = CARTESIAN_POINT('',(221.9715,-55.1045,0.));
#1821 = CIRCLE('',#1822,0.4445);
#1822 = AXIS2_PLACEMENT_3D('',#1823,#1824,#1825);
#1823 = CARTESIAN_POINT('',(221.9715,-54.66,0.));
#1824 = DIRECTION('',(-0.,0.,-1.));
#1825 = DIRECTION('',(-0.,-1.,0.));
#1826 = FACE_BOUND('',#1827,.F.);
#1827 = EDGE_LOOP('',(#1828));
#1828 = ORIENTED_EDGE('',*,*,#1829,.T.);
#1829 = EDGE_CURVE('',#1830,#1830,#1832,.T.);
#1830 = VERTEX_POINT('',#1831);
#1831 = CARTESIAN_POINT('',(224.5115,-55.1045,0.));
#1832 = CIRCLE('',#1833,0.4445);
#1833 = AXIS2_PLACEMENT_3D('',#1834,#1835,#1836);
#1834 = CARTESIAN_POINT('',(224.5115,-54.66,0.));
#1835 = DIRECTION('',(-0.,0.,-1.));
#1836 = DIRECTION('',(-0.,-1.,0.));
#1837 = FACE_BOUND('',#1838,.F.);
#1838 = EDGE_LOOP('',(#1839));
#1839 = ORIENTED_EDGE('',*,*,#1840,.T.);
#1840 = EDGE_CURVE('',#1841,#1841,#1843,.T.);
#1841 = VERTEX_POINT('',#1842);
#1842 = CARTESIAN_POINT('',(227.0515,-55.1045,0.));
#1843 = CIRCLE('',#1844,0.4445);
#1844 = AXIS2_PLACEMENT_3D('',#1845,#1846,#1847);
#1845 = CARTESIAN_POINT('',(227.0515,-54.66,0.));
#1846 = DIRECTION('',(-0.,0.,-1.));
#1847 = DIRECTION('',(-0.,-1.,0.));
#1848 = FACE_BOUND('',#1849,.F.);
#1849 = EDGE_LOOP('',(#1850));
#1850 = ORIENTED_EDGE('',*,*,#1851,.T.);
#1851 = EDGE_CURVE('',#1852,#1852,#1854,.T.);
#1852 = VERTEX_POINT('',#1853);
#1853 = CARTESIAN_POINT('',(229.5915,-55.1045,0.));
#1854 = CIRCLE('',#1855,0.4445);
#1855 = AXIS2_PLACEMENT_3D('',#1856,#1857,#1858);
#1856 = CARTESIAN_POINT('',(229.5915,-54.66,0.));
#1857 = DIRECTION('',(-0.,0.,-1.));
#1858 = DIRECTION('',(-0.,-1.,0.));
#1859 = FACE_BOUND('',#1860,.F.);
#1860 = EDGE_LOOP('',(#1861));
#1861 = ORIENTED_EDGE('',*,*,#1862,.T.);
#1862 = EDGE_CURVE('',#1863,#1863,#1865,.T.);
#1863 = VERTEX_POINT('',#1864);
#1864 = CARTESIAN_POINT('',(232.1315,-55.1045,0.));
#1865 = CIRCLE('',#1866,0.4445);
#1866 = AXIS2_PLACEMENT_3D('',#1867,#1868,#1869);
#1867 = CARTESIAN_POINT('',(232.1315,-54.66,0.));
#1868 = DIRECTION('',(-0.,0.,-1.));
#1869 = DIRECTION('',(-6.394085361171E-14,-1.,0.));
#1870 = PLANE('',#1871);
#1871 = AXIS2_PLACEMENT_3D('',#1872,#1873,#1874);
#1872 = CARTESIAN_POINT('',(0.,0.,0.));
#1873 = DIRECTION('',(0.,0.,1.));
#1874 = DIRECTION('',(1.,0.,-0.));
#1875 = ADVANCED_FACE('',(#1876,#1887,#1898,#1909,#1920,#1931,#1942,
    #1953,#1964,#1975,#1986,#1997,#2008,#2019,#2030,#2041,#2052,#2063,
    #2074,#2085,#2096,#2107,#2118,#2129,#2140,#2151,#2162,#2173,#2184,
    #2195,#2206,#2217,#2228,#2239,#2250,#2261,#2297,#2308,#2319,#2355,
    #2366,#2377,#2388,#2399,#2410,#2421,#2432,#2443,#2454,#2465,#2476,
    #2487,#2498,#2509,#2520,#2531,#2542,#2553,#2564,#2575,#2586,#2597,
    #2608,#2619,#2630,#2641,#2652,#2663,#2674,#2685,#2696,#2707,#2718,
    #2729,#2740,#2751,#2762,#2773,#2784,#2795,#2806,#2817,#2828,#2839,
    #2850,#2861,#2872,#2883,#2894,#2905,#2916,#2927,#2938,#2949,#2960,
    #2971,#2982,#2993,#3004,#3015,#3026,#3037,#3048,#3059,#3070,#3081,
    #3092,#3103,#3114,#3125),#3136,.T.);
#1876 = FACE_BOUND('',#1877,.T.);
#1877 = EDGE_LOOP('',(#1878,#1879,#1880,#1886));
#1878 = ORIENTED_EDGE('',*,*,#521,.F.);
#1879 = ORIENTED_EDGE('',*,*,#561,.F.);
#1880 = ORIENTED_EDGE('',*,*,#1881,.F.);
#1881 = EDGE_CURVE('',#584,#554,#1882,.T.);
#1882 = LINE('',#1883,#1884);
#1883 = CARTESIAN_POINT('',(158.21,-51.23,1.51));
#1884 = VECTOR('',#1885,1.);
#1885 = DIRECTION('',(1.,0.,0.));
#1886 = ORIENTED_EDGE('',*,*,#583,.F.);
#1887 = FACE_BOUND('',#1888,.T.);
#1888 = EDGE_LOOP('',(#1889));
#1889 = ORIENTED_EDGE('',*,*,#1890,.T.);
#1890 = EDGE_CURVE('',#1891,#1891,#1893,.T.);
#1891 = VERTEX_POINT('',#1892);
#1892 = CARTESIAN_POINT('',(163.24,-140.95,1.51));
#1893 = CIRCLE('',#1894,0.85);
#1894 = AXIS2_PLACEMENT_3D('',#1895,#1896,#1897);
#1895 = CARTESIAN_POINT('',(163.24,-140.1,1.51));
#1896 = DIRECTION('',(-0.,0.,-1.));
#1897 = DIRECTION('',(-0.,-1.,0.));
#1898 = FACE_BOUND('',#1899,.T.);
#1899 = EDGE_LOOP('',(#1900));
#1900 = ORIENTED_EDGE('',*,*,#1901,.T.);
#1901 = EDGE_CURVE('',#1902,#1902,#1904,.T.);
#1902 = VERTEX_POINT('',#1903);
#1903 = CARTESIAN_POINT('',(164.51,-138.31,1.51));
#1904 = CIRCLE('',#1905,0.75);
#1905 = AXIS2_PLACEMENT_3D('',#1906,#1907,#1908);
#1906 = CARTESIAN_POINT('',(164.51,-137.56,1.51));
#1907 = DIRECTION('',(-0.,0.,-1.));
#1908 = DIRECTION('',(-0.,-1.,0.));
#1909 = FACE_BOUND('',#1910,.T.);
#1910 = EDGE_LOOP('',(#1911));
#1911 = ORIENTED_EDGE('',*,*,#1912,.T.);
#1912 = EDGE_CURVE('',#1913,#1913,#1915,.T.);
#1913 = VERTEX_POINT('',#1914);
#1914 = CARTESIAN_POINT('',(168.32,-142.1,1.51));
#1915 = CIRCLE('',#1916,2.);
#1916 = AXIS2_PLACEMENT_3D('',#1917,#1918,#1919);
#1917 = CARTESIAN_POINT('',(168.32,-140.1,1.51));
#1918 = DIRECTION('',(-0.,0.,-1.));
#1919 = DIRECTION('',(-0.,-1.,0.));
#1920 = FACE_BOUND('',#1921,.T.);
#1921 = EDGE_LOOP('',(#1922));
#1922 = ORIENTED_EDGE('',*,*,#1923,.T.);
#1923 = EDGE_CURVE('',#1924,#1924,#1926,.T.);
#1924 = VERTEX_POINT('',#1925);
#1925 = CARTESIAN_POINT('',(173.4,-140.95,1.51));
#1926 = CIRCLE('',#1927,0.85);
#1927 = AXIS2_PLACEMENT_3D('',#1928,#1929,#1930);
#1928 = CARTESIAN_POINT('',(173.4,-140.1,1.51));
#1929 = DIRECTION('',(-0.,0.,-1.));
#1930 = DIRECTION('',(-0.,-1.,0.));
#1931 = FACE_BOUND('',#1932,.T.);
#1932 = EDGE_LOOP('',(#1933));
#1933 = ORIENTED_EDGE('',*,*,#1934,.T.);
#1934 = EDGE_CURVE('',#1935,#1935,#1937,.T.);
#1935 = VERTEX_POINT('',#1936);
#1936 = CARTESIAN_POINT('',(170.86,-135.77,1.51));
#1937 = CIRCLE('',#1938,0.75);
#1938 = AXIS2_PLACEMENT_3D('',#1939,#1940,#1941);
#1939 = CARTESIAN_POINT('',(170.86,-135.02,1.51));
#1940 = DIRECTION('',(-0.,0.,-1.));
#1941 = DIRECTION('',(-0.,-1.,0.));
#1942 = FACE_BOUND('',#1943,.T.);
#1943 = EDGE_LOOP('',(#1944));
#1944 = ORIENTED_EDGE('',*,*,#1945,.T.);
#1945 = EDGE_CURVE('',#1946,#1946,#1948,.T.);
#1946 = VERTEX_POINT('',#1947);
#1947 = CARTESIAN_POINT('',(182.3,-140.96,1.51));
#1948 = CIRCLE('',#1949,0.85);
#1949 = AXIS2_PLACEMENT_3D('',#1950,#1951,#1952);
#1950 = CARTESIAN_POINT('',(182.3,-140.11,1.51));
#1951 = DIRECTION('',(-0.,0.,-1.));
#1952 = DIRECTION('',(-0.,-1.,0.));
#1953 = FACE_BOUND('',#1954,.T.);
#1954 = EDGE_LOOP('',(#1955));
#1955 = ORIENTED_EDGE('',*,*,#1956,.T.);
#1956 = EDGE_CURVE('',#1957,#1957,#1959,.T.);
#1957 = VERTEX_POINT('',#1958);
#1958 = CARTESIAN_POINT('',(183.57,-138.32,1.51));
#1959 = CIRCLE('',#1960,0.75);
#1960 = AXIS2_PLACEMENT_3D('',#1961,#1962,#1963);
#1961 = CARTESIAN_POINT('',(183.57,-137.57,1.51));
#1962 = DIRECTION('',(-0.,0.,-1.));
#1963 = DIRECTION('',(-0.,-1.,0.));
#1964 = FACE_BOUND('',#1965,.T.);
#1965 = EDGE_LOOP('',(#1966));
#1966 = ORIENTED_EDGE('',*,*,#1967,.T.);
#1967 = EDGE_CURVE('',#1968,#1968,#1970,.T.);
#1968 = VERTEX_POINT('',#1969);
#1969 = CARTESIAN_POINT('',(187.38,-142.11,1.51));
#1970 = CIRCLE('',#1971,2.);
#1971 = AXIS2_PLACEMENT_3D('',#1972,#1973,#1974);
#1972 = CARTESIAN_POINT('',(187.38,-140.11,1.51));
#1973 = DIRECTION('',(-0.,0.,-1.));
#1974 = DIRECTION('',(-0.,-1.,0.));
#1975 = FACE_BOUND('',#1976,.T.);
#1976 = EDGE_LOOP('',(#1977));
#1977 = ORIENTED_EDGE('',*,*,#1978,.T.);
#1978 = EDGE_CURVE('',#1979,#1979,#1981,.T.);
#1979 = VERTEX_POINT('',#1980);
#1980 = CARTESIAN_POINT('',(192.46,-140.96,1.51));
#1981 = CIRCLE('',#1982,0.85);
#1982 = AXIS2_PLACEMENT_3D('',#1983,#1984,#1985);
#1983 = CARTESIAN_POINT('',(192.46,-140.11,1.51));
#1984 = DIRECTION('',(-0.,0.,-1.));
#1985 = DIRECTION('',(-0.,-1.,0.));
#1986 = FACE_BOUND('',#1987,.T.);
#1987 = EDGE_LOOP('',(#1988));
#1988 = ORIENTED_EDGE('',*,*,#1989,.T.);
#1989 = EDGE_CURVE('',#1990,#1990,#1992,.T.);
#1990 = VERTEX_POINT('',#1991);
#1991 = CARTESIAN_POINT('',(189.92,-135.78,1.51));
#1992 = CIRCLE('',#1993,0.75);
#1993 = AXIS2_PLACEMENT_3D('',#1994,#1995,#1996);
#1994 = CARTESIAN_POINT('',(189.92,-135.03,1.51));
#1995 = DIRECTION('',(-0.,0.,-1.));
#1996 = DIRECTION('',(-0.,-1.,0.));
#1997 = FACE_BOUND('',#1998,.T.);
#1998 = EDGE_LOOP('',(#1999));
#1999 = ORIENTED_EDGE('',*,*,#2000,.T.);
#2000 = EDGE_CURVE('',#2001,#2001,#2003,.T.);
#2001 = VERTEX_POINT('',#2002);
#2002 = CARTESIAN_POINT('',(163.38,-121.9,1.51));
#2003 = CIRCLE('',#2004,0.85);
#2004 = AXIS2_PLACEMENT_3D('',#2005,#2006,#2007);
#2005 = CARTESIAN_POINT('',(163.38,-121.05,1.51));
#2006 = DIRECTION('',(-0.,0.,-1.));
#2007 = DIRECTION('',(-0.,-1.,0.));
#2008 = FACE_BOUND('',#2009,.T.);
#2009 = EDGE_LOOP('',(#2010));
#2010 = ORIENTED_EDGE('',*,*,#2011,.T.);
#2011 = EDGE_CURVE('',#2012,#2012,#2014,.T.);
#2012 = VERTEX_POINT('',#2013);
#2013 = CARTESIAN_POINT('',(164.65,-119.26,1.51));
#2014 = CIRCLE('',#2015,0.75);
#2015 = AXIS2_PLACEMENT_3D('',#2016,#2017,#2018);
#2016 = CARTESIAN_POINT('',(164.65,-118.51,1.51));
#2017 = DIRECTION('',(-0.,0.,-1.));
#2018 = DIRECTION('',(-0.,-1.,0.));
#2019 = FACE_BOUND('',#2020,.T.);
#2020 = EDGE_LOOP('',(#2021));
#2021 = ORIENTED_EDGE('',*,*,#2022,.T.);
#2022 = EDGE_CURVE('',#2023,#2023,#2025,.T.);
#2023 = VERTEX_POINT('',#2024);
#2024 = CARTESIAN_POINT('',(168.46,-123.05,1.51));
#2025 = CIRCLE('',#2026,2.);
#2026 = AXIS2_PLACEMENT_3D('',#2027,#2028,#2029);
#2027 = CARTESIAN_POINT('',(168.46,-121.05,1.51));
#2028 = DIRECTION('',(-0.,0.,-1.));
#2029 = DIRECTION('',(-0.,-1.,0.));
#2030 = FACE_BOUND('',#2031,.T.);
#2031 = EDGE_LOOP('',(#2032));
#2032 = ORIENTED_EDGE('',*,*,#2033,.T.);
#2033 = EDGE_CURVE('',#2034,#2034,#2036,.T.);
#2034 = VERTEX_POINT('',#2035);
#2035 = CARTESIAN_POINT('',(171.,-116.72,1.51));
#2036 = CIRCLE('',#2037,0.75);
#2037 = AXIS2_PLACEMENT_3D('',#2038,#2039,#2040);
#2038 = CARTESIAN_POINT('',(171.,-115.97,1.51));
#2039 = DIRECTION('',(-0.,0.,-1.));
#2040 = DIRECTION('',(-0.,-1.,0.));
#2041 = FACE_BOUND('',#2042,.T.);
#2042 = EDGE_LOOP('',(#2043));
#2043 = ORIENTED_EDGE('',*,*,#2044,.T.);
#2044 = EDGE_CURVE('',#2045,#2045,#2047,.T.);
#2045 = VERTEX_POINT('',#2046);
#2046 = CARTESIAN_POINT('',(173.54,-121.9,1.51));
#2047 = CIRCLE('',#2048,0.85);
#2048 = AXIS2_PLACEMENT_3D('',#2049,#2050,#2051);
#2049 = CARTESIAN_POINT('',(173.54,-121.05,1.51));
#2050 = DIRECTION('',(-0.,0.,-1.));
#2051 = DIRECTION('',(-0.,-1.,0.));
#2052 = FACE_BOUND('',#2053,.T.);
#2053 = EDGE_LOOP('',(#2054));
#2054 = ORIENTED_EDGE('',*,*,#2055,.T.);
#2055 = EDGE_CURVE('',#2056,#2056,#2058,.T.);
#2056 = VERTEX_POINT('',#2057);
#2057 = CARTESIAN_POINT('',(163.5,-102.79,1.51));
#2058 = CIRCLE('',#2059,0.85);
#2059 = AXIS2_PLACEMENT_3D('',#2060,#2061,#2062);
#2060 = CARTESIAN_POINT('',(163.5,-101.94,1.51));
#2061 = DIRECTION('',(-0.,0.,-1.));
#2062 = DIRECTION('',(-0.,-1.,0.));
#2063 = FACE_BOUND('',#2064,.T.);
#2064 = EDGE_LOOP('',(#2065));
#2065 = ORIENTED_EDGE('',*,*,#2066,.T.);
#2066 = EDGE_CURVE('',#2067,#2067,#2069,.T.);
#2067 = VERTEX_POINT('',#2068);
#2068 = CARTESIAN_POINT('',(168.58,-103.94,1.51));
#2069 = CIRCLE('',#2070,2.);
#2070 = AXIS2_PLACEMENT_3D('',#2071,#2072,#2073);
#2071 = CARTESIAN_POINT('',(168.58,-101.94,1.51));
#2072 = DIRECTION('',(-0.,0.,-1.));
#2073 = DIRECTION('',(-0.,-1.,0.));
#2074 = FACE_BOUND('',#2075,.T.);
#2075 = EDGE_LOOP('',(#2076));
#2076 = ORIENTED_EDGE('',*,*,#2077,.T.);
#2077 = EDGE_CURVE('',#2078,#2078,#2080,.T.);
#2078 = VERTEX_POINT('',#2079);
#2079 = CARTESIAN_POINT('',(173.66,-102.79,1.51));
#2080 = CIRCLE('',#2081,0.85);
#2081 = AXIS2_PLACEMENT_3D('',#2082,#2083,#2084);
#2082 = CARTESIAN_POINT('',(173.66,-101.94,1.51));
#2083 = DIRECTION('',(-0.,0.,-1.));
#2084 = DIRECTION('',(-0.,-1.,0.));
#2085 = FACE_BOUND('',#2086,.T.);
#2086 = EDGE_LOOP('',(#2087));
#2087 = ORIENTED_EDGE('',*,*,#2088,.T.);
#2088 = EDGE_CURVE('',#2089,#2089,#2091,.T.);
#2089 = VERTEX_POINT('',#2090);
#2090 = CARTESIAN_POINT('',(182.44,-121.91,1.51));
#2091 = CIRCLE('',#2092,0.85);
#2092 = AXIS2_PLACEMENT_3D('',#2093,#2094,#2095);
#2093 = CARTESIAN_POINT('',(182.44,-121.06,1.51));
#2094 = DIRECTION('',(-0.,0.,-1.));
#2095 = DIRECTION('',(-0.,-1.,0.));
#2096 = FACE_BOUND('',#2097,.T.);
#2097 = EDGE_LOOP('',(#2098));
#2098 = ORIENTED_EDGE('',*,*,#2099,.T.);
#2099 = EDGE_CURVE('',#2100,#2100,#2102,.T.);
#2100 = VERTEX_POINT('',#2101);
#2101 = CARTESIAN_POINT('',(183.71,-119.27,1.51));
#2102 = CIRCLE('',#2103,0.75);
#2103 = AXIS2_PLACEMENT_3D('',#2104,#2105,#2106);
#2104 = CARTESIAN_POINT('',(183.71,-118.52,1.51));
#2105 = DIRECTION('',(-0.,0.,-1.));
#2106 = DIRECTION('',(-0.,-1.,0.));
#2107 = FACE_BOUND('',#2108,.T.);
#2108 = EDGE_LOOP('',(#2109));
#2109 = ORIENTED_EDGE('',*,*,#2110,.T.);
#2110 = EDGE_CURVE('',#2111,#2111,#2113,.T.);
#2111 = VERTEX_POINT('',#2112);
#2112 = CARTESIAN_POINT('',(187.52,-123.06,1.51));
#2113 = CIRCLE('',#2114,2.);
#2114 = AXIS2_PLACEMENT_3D('',#2115,#2116,#2117);
#2115 = CARTESIAN_POINT('',(187.52,-121.06,1.51));
#2116 = DIRECTION('',(-0.,0.,-1.));
#2117 = DIRECTION('',(-0.,-1.,0.));
#2118 = FACE_BOUND('',#2119,.T.);
#2119 = EDGE_LOOP('',(#2120));
#2120 = ORIENTED_EDGE('',*,*,#2121,.T.);
#2121 = EDGE_CURVE('',#2122,#2122,#2124,.T.);
#2122 = VERTEX_POINT('',#2123);
#2123 = CARTESIAN_POINT('',(192.6,-121.91,1.51));
#2124 = CIRCLE('',#2125,0.85);
#2125 = AXIS2_PLACEMENT_3D('',#2126,#2127,#2128);
#2126 = CARTESIAN_POINT('',(192.6,-121.06,1.51));
#2127 = DIRECTION('',(-0.,0.,-1.));
#2128 = DIRECTION('',(-0.,-1.,0.));
#2129 = FACE_BOUND('',#2130,.T.);
#2130 = EDGE_LOOP('',(#2131));
#2131 = ORIENTED_EDGE('',*,*,#2132,.T.);
#2132 = EDGE_CURVE('',#2133,#2133,#2135,.T.);
#2133 = VERTEX_POINT('',#2134);
#2134 = CARTESIAN_POINT('',(190.06,-116.73,1.51));
#2135 = CIRCLE('',#2136,0.75);
#2136 = AXIS2_PLACEMENT_3D('',#2137,#2138,#2139);
#2137 = CARTESIAN_POINT('',(190.06,-115.98,1.51));
#2138 = DIRECTION('',(-0.,0.,-1.));
#2139 = DIRECTION('',(-0.,-1.,0.));
#2140 = FACE_BOUND('',#2141,.T.);
#2141 = EDGE_LOOP('',(#2142));
#2142 = ORIENTED_EDGE('',*,*,#2143,.T.);
#2143 = EDGE_CURVE('',#2144,#2144,#2146,.T.);
#2144 = VERTEX_POINT('',#2145);
#2145 = CARTESIAN_POINT('',(182.56,-102.8,1.51));
#2146 = CIRCLE('',#2147,0.85);
#2147 = AXIS2_PLACEMENT_3D('',#2148,#2149,#2150);
#2148 = CARTESIAN_POINT('',(182.56,-101.95,1.51));
#2149 = DIRECTION('',(-0.,0.,-1.));
#2150 = DIRECTION('',(-0.,-1.,0.));
#2151 = FACE_BOUND('',#2152,.T.);
#2152 = EDGE_LOOP('',(#2153));
#2153 = ORIENTED_EDGE('',*,*,#2154,.T.);
#2154 = EDGE_CURVE('',#2155,#2155,#2157,.T.);
#2155 = VERTEX_POINT('',#2156);
#2156 = CARTESIAN_POINT('',(187.64,-103.95,1.51));
#2157 = CIRCLE('',#2158,2.);
#2158 = AXIS2_PLACEMENT_3D('',#2159,#2160,#2161);
#2159 = CARTESIAN_POINT('',(187.64,-101.95,1.51));
#2160 = DIRECTION('',(-0.,0.,-1.));
#2161 = DIRECTION('',(-0.,-1.,0.));
#2162 = FACE_BOUND('',#2163,.T.);
#2163 = EDGE_LOOP('',(#2164));
#2164 = ORIENTED_EDGE('',*,*,#2165,.T.);
#2165 = EDGE_CURVE('',#2166,#2166,#2168,.T.);
#2166 = VERTEX_POINT('',#2167);
#2167 = CARTESIAN_POINT('',(192.72,-102.8,1.51));
#2168 = CIRCLE('',#2169,0.85);
#2169 = AXIS2_PLACEMENT_3D('',#2170,#2171,#2172);
#2170 = CARTESIAN_POINT('',(192.72,-101.95,1.51));
#2171 = DIRECTION('',(-0.,0.,-1.));
#2172 = DIRECTION('',(-0.,-1.,0.));
#2173 = FACE_BOUND('',#2174,.T.);
#2174 = EDGE_LOOP('',(#2175));
#2175 = ORIENTED_EDGE('',*,*,#2176,.T.);
#2176 = EDGE_CURVE('',#2177,#2177,#2179,.T.);
#2177 = VERTEX_POINT('',#2178);
#2178 = CARTESIAN_POINT('',(201.41,-140.95,1.51));
#2179 = CIRCLE('',#2180,0.85);
#2180 = AXIS2_PLACEMENT_3D('',#2181,#2182,#2183);
#2181 = CARTESIAN_POINT('',(201.41,-140.1,1.51));
#2182 = DIRECTION('',(-0.,0.,-1.));
#2183 = DIRECTION('',(-0.,-1.,0.));
#2184 = FACE_BOUND('',#2185,.T.);
#2185 = EDGE_LOOP('',(#2186));
#2186 = ORIENTED_EDGE('',*,*,#2187,.T.);
#2187 = EDGE_CURVE('',#2188,#2188,#2190,.T.);
#2188 = VERTEX_POINT('',#2189);
#2189 = CARTESIAN_POINT('',(206.49,-142.1,1.51));
#2190 = CIRCLE('',#2191,2.);
#2191 = AXIS2_PLACEMENT_3D('',#2192,#2193,#2194);
#2192 = CARTESIAN_POINT('',(206.49,-140.1,1.51));
#2193 = DIRECTION('',(-0.,0.,-1.));
#2194 = DIRECTION('',(-0.,-1.,0.));
#2195 = FACE_BOUND('',#2196,.T.);
#2196 = EDGE_LOOP('',(#2197));
#2197 = ORIENTED_EDGE('',*,*,#2198,.T.);
#2198 = EDGE_CURVE('',#2199,#2199,#2201,.T.);
#2199 = VERTEX_POINT('',#2200);
#2200 = CARTESIAN_POINT('',(202.68,-138.31,1.51));
#2201 = CIRCLE('',#2202,0.75);
#2202 = AXIS2_PLACEMENT_3D('',#2203,#2204,#2205);
#2203 = CARTESIAN_POINT('',(202.68,-137.56,1.51));
#2204 = DIRECTION('',(-0.,0.,-1.));
#2205 = DIRECTION('',(-0.,-1.,0.));
#2206 = FACE_BOUND('',#2207,.T.);
#2207 = EDGE_LOOP('',(#2208));
#2208 = ORIENTED_EDGE('',*,*,#2209,.T.);
#2209 = EDGE_CURVE('',#2210,#2210,#2212,.T.);
#2210 = VERTEX_POINT('',#2211);
#2211 = CARTESIAN_POINT('',(211.57,-140.95,1.51));
#2212 = CIRCLE('',#2213,0.85);
#2213 = AXIS2_PLACEMENT_3D('',#2214,#2215,#2216);
#2214 = CARTESIAN_POINT('',(211.57,-140.1,1.51));
#2215 = DIRECTION('',(-0.,0.,-1.));
#2216 = DIRECTION('',(-0.,-1.,0.));
#2217 = FACE_BOUND('',#2218,.T.);
#2218 = EDGE_LOOP('',(#2219));
#2219 = ORIENTED_EDGE('',*,*,#2220,.T.);
#2220 = EDGE_CURVE('',#2221,#2221,#2223,.T.);
#2221 = VERTEX_POINT('',#2222);
#2222 = CARTESIAN_POINT('',(209.03,-135.77,1.51));
#2223 = CIRCLE('',#2224,0.75);
#2224 = AXIS2_PLACEMENT_3D('',#2225,#2226,#2227);
#2225 = CARTESIAN_POINT('',(209.03,-135.02,1.51));
#2226 = DIRECTION('',(-0.,0.,-1.));
#2227 = DIRECTION('',(-0.,-1.,0.));
#2228 = FACE_BOUND('',#2229,.T.);
#2229 = EDGE_LOOP('',(#2230));
#2230 = ORIENTED_EDGE('',*,*,#2231,.T.);
#2231 = EDGE_CURVE('',#2232,#2232,#2234,.T.);
#2232 = VERTEX_POINT('',#2233);
#2233 = CARTESIAN_POINT('',(218.95,-143.45,1.51));
#2234 = CIRCLE('',#2235,0.5);
#2235 = AXIS2_PLACEMENT_3D('',#2236,#2237,#2238);
#2236 = CARTESIAN_POINT('',(218.95,-142.95,1.51));
#2237 = DIRECTION('',(-0.,0.,-1.));
#2238 = DIRECTION('',(-0.,-1.,0.));
#2239 = FACE_BOUND('',#2240,.T.);
#2240 = EDGE_LOOP('',(#2241));
#2241 = ORIENTED_EDGE('',*,*,#2242,.T.);
#2242 = EDGE_CURVE('',#2243,#2243,#2245,.T.);
#2243 = VERTEX_POINT('',#2244);
#2244 = CARTESIAN_POINT('',(218.95,-140.95,1.51));
#2245 = CIRCLE('',#2246,0.5);
#2246 = AXIS2_PLACEMENT_3D('',#2247,#2248,#2249);
#2247 = CARTESIAN_POINT('',(218.95,-140.45,1.51));
#2248 = DIRECTION('',(-0.,0.,-1.));
#2249 = DIRECTION('',(-0.,-1.,0.));
#2250 = FACE_BOUND('',#2251,.T.);
#2251 = EDGE_LOOP('',(#2252));
#2252 = ORIENTED_EDGE('',*,*,#2253,.T.);
#2253 = EDGE_CURVE('',#2254,#2254,#2256,.T.);
#2254 = VERTEX_POINT('',#2255);
#2255 = CARTESIAN_POINT('',(218.95,-138.45,1.51));
#2256 = CIRCLE('',#2257,0.5);
#2257 = AXIS2_PLACEMENT_3D('',#2258,#2259,#2260);
#2258 = CARTESIAN_POINT('',(218.95,-137.95,1.51));
#2259 = DIRECTION('',(-0.,0.,-1.));
#2260 = DIRECTION('',(-0.,-1.,0.));
#2261 = FACE_BOUND('',#2262,.T.);
#2262 = EDGE_LOOP('',(#2263,#2274,#2282,#2291));
#2263 = ORIENTED_EDGE('',*,*,#2264,.T.);
#2264 = EDGE_CURVE('',#2265,#2267,#2269,.T.);
#2265 = VERTEX_POINT('',#2266);
#2266 = CARTESIAN_POINT('',(227.1,-145.3,1.51));
#2267 = VERTEX_POINT('',#2268);
#2268 = CARTESIAN_POINT('',(227.1,-146.8,1.51));
#2269 = CIRCLE('',#2270,0.75);
#2270 = AXIS2_PLACEMENT_3D('',#2271,#2272,#2273);
#2271 = CARTESIAN_POINT('',(227.1,-146.05,1.51));
#2272 = DIRECTION('',(-0.,0.,-1.));
#2273 = DIRECTION('',(-0.,-1.,0.));
#2274 = ORIENTED_EDGE('',*,*,#2275,.T.);
#2275 = EDGE_CURVE('',#2267,#2276,#2278,.T.);
#2276 = VERTEX_POINT('',#2277);
#2277 = CARTESIAN_POINT('',(225.8,-146.8,1.51));
#2278 = LINE('',#2279,#2280);
#2279 = CARTESIAN_POINT('',(112.9,-146.8,1.51));
#2280 = VECTOR('',#2281,1.);
#2281 = DIRECTION('',(-1.,0.,0.));
#2282 = ORIENTED_EDGE('',*,*,#2283,.T.);
#2283 = EDGE_CURVE('',#2276,#2284,#2286,.T.);
#2284 = VERTEX_POINT('',#2285);
#2285 = CARTESIAN_POINT('',(225.8,-145.3,1.51));
#2286 = CIRCLE('',#2287,0.75);
#2287 = AXIS2_PLACEMENT_3D('',#2288,#2289,#2290);
#2288 = CARTESIAN_POINT('',(225.8,-146.05,1.51));
#2289 = DIRECTION('',(-0.,0.,-1.));
#2290 = DIRECTION('',(0.,1.,0.));
#2291 = ORIENTED_EDGE('',*,*,#2292,.T.);
#2292 = EDGE_CURVE('',#2284,#2265,#2293,.T.);
#2293 = LINE('',#2294,#2295);
#2294 = CARTESIAN_POINT('',(113.55,-145.3,1.51));
#2295 = VECTOR('',#2296,1.);
#2296 = DIRECTION('',(1.,0.,-0.));
#2297 = FACE_BOUND('',#2298,.T.);
#2298 = EDGE_LOOP('',(#2299));
#2299 = ORIENTED_EDGE('',*,*,#2300,.T.);
#2300 = EDGE_CURVE('',#2301,#2301,#2303,.T.);
#2301 = VERTEX_POINT('',#2302);
#2302 = CARTESIAN_POINT('',(233.45,-143.45,1.51));
#2303 = CIRCLE('',#2304,0.5);
#2304 = AXIS2_PLACEMENT_3D('',#2305,#2306,#2307);
#2305 = CARTESIAN_POINT('',(233.45,-142.95,1.51));
#2306 = DIRECTION('',(-0.,0.,-1.));
#2307 = DIRECTION('',(-0.,-1.,0.));
#2308 = FACE_BOUND('',#2309,.T.);
#2309 = EDGE_LOOP('',(#2310));
#2310 = ORIENTED_EDGE('',*,*,#2311,.T.);
#2311 = EDGE_CURVE('',#2312,#2312,#2314,.T.);
#2312 = VERTEX_POINT('',#2313);
#2313 = CARTESIAN_POINT('',(233.45,-138.45,1.51));
#2314 = CIRCLE('',#2315,0.5);
#2315 = AXIS2_PLACEMENT_3D('',#2316,#2317,#2318);
#2316 = CARTESIAN_POINT('',(233.45,-137.95,1.51));
#2317 = DIRECTION('',(-0.,0.,-1.));
#2318 = DIRECTION('',(-0.,-1.,0.));
#2319 = FACE_BOUND('',#2320,.T.);
#2320 = EDGE_LOOP('',(#2321,#2332,#2340,#2349));
#2321 = ORIENTED_EDGE('',*,*,#2322,.T.);
#2322 = EDGE_CURVE('',#2323,#2325,#2327,.T.);
#2323 = VERTEX_POINT('',#2324);
#2324 = CARTESIAN_POINT('',(227.1,-134.1,1.51));
#2325 = VERTEX_POINT('',#2326);
#2326 = CARTESIAN_POINT('',(227.1,-135.6,1.51));
#2327 = CIRCLE('',#2328,0.75);
#2328 = AXIS2_PLACEMENT_3D('',#2329,#2330,#2331);
#2329 = CARTESIAN_POINT('',(227.1,-134.85,1.51));
#2330 = DIRECTION('',(-0.,0.,-1.));
#2331 = DIRECTION('',(-0.,-1.,0.));
#2332 = ORIENTED_EDGE('',*,*,#2333,.T.);
#2333 = EDGE_CURVE('',#2325,#2334,#2336,.T.);
#2334 = VERTEX_POINT('',#2335);
#2335 = CARTESIAN_POINT('',(225.8,-135.6,1.51));
#2336 = LINE('',#2337,#2338);
#2337 = CARTESIAN_POINT('',(112.9,-135.6,1.51));
#2338 = VECTOR('',#2339,1.);
#2339 = DIRECTION('',(-1.,0.,0.));
#2340 = ORIENTED_EDGE('',*,*,#2341,.T.);
#2341 = EDGE_CURVE('',#2334,#2342,#2344,.T.);
#2342 = VERTEX_POINT('',#2343);
#2343 = CARTESIAN_POINT('',(225.8,-134.1,1.51));
#2344 = CIRCLE('',#2345,0.75);
#2345 = AXIS2_PLACEMENT_3D('',#2346,#2347,#2348);
#2346 = CARTESIAN_POINT('',(225.8,-134.85,1.51));
#2347 = DIRECTION('',(-0.,0.,-1.));
#2348 = DIRECTION('',(0.,1.,0.));
#2349 = ORIENTED_EDGE('',*,*,#2350,.T.);
#2350 = EDGE_CURVE('',#2342,#2323,#2351,.T.);
#2351 = LINE('',#2352,#2353);
#2352 = CARTESIAN_POINT('',(113.55,-134.1,1.51));
#2353 = VECTOR('',#2354,1.);
#2354 = DIRECTION('',(1.,0.,-0.));
#2355 = FACE_BOUND('',#2356,.T.);
#2356 = EDGE_LOOP('',(#2357));
#2357 = ORIENTED_EDGE('',*,*,#2358,.T.);
#2358 = EDGE_CURVE('',#2359,#2359,#2361,.T.);
#2359 = VERTEX_POINT('',#2360);
#2360 = CARTESIAN_POINT('',(201.55,-121.9,1.51));
#2361 = CIRCLE('',#2362,0.85);
#2362 = AXIS2_PLACEMENT_3D('',#2363,#2364,#2365);
#2363 = CARTESIAN_POINT('',(201.55,-121.05,1.51));
#2364 = DIRECTION('',(-0.,0.,-1.));
#2365 = DIRECTION('',(-0.,-1.,0.));
#2366 = FACE_BOUND('',#2367,.T.);
#2367 = EDGE_LOOP('',(#2368));
#2368 = ORIENTED_EDGE('',*,*,#2369,.T.);
#2369 = EDGE_CURVE('',#2370,#2370,#2372,.T.);
#2370 = VERTEX_POINT('',#2371);
#2371 = CARTESIAN_POINT('',(206.63,-123.05,1.51));
#2372 = CIRCLE('',#2373,2.);
#2373 = AXIS2_PLACEMENT_3D('',#2374,#2375,#2376);
#2374 = CARTESIAN_POINT('',(206.63,-121.05,1.51));
#2375 = DIRECTION('',(-0.,0.,-1.));
#2376 = DIRECTION('',(-0.,-1.,0.));
#2377 = FACE_BOUND('',#2378,.T.);
#2378 = EDGE_LOOP('',(#2379));
#2379 = ORIENTED_EDGE('',*,*,#2380,.T.);
#2380 = EDGE_CURVE('',#2381,#2381,#2383,.T.);
#2381 = VERTEX_POINT('',#2382);
#2382 = CARTESIAN_POINT('',(202.82,-119.26,1.51));
#2383 = CIRCLE('',#2384,0.75);
#2384 = AXIS2_PLACEMENT_3D('',#2385,#2386,#2387);
#2385 = CARTESIAN_POINT('',(202.82,-118.51,1.51));
#2386 = DIRECTION('',(-0.,0.,-1.));
#2387 = DIRECTION('',(-0.,-1.,0.));
#2388 = FACE_BOUND('',#2389,.T.);
#2389 = EDGE_LOOP('',(#2390));
#2390 = ORIENTED_EDGE('',*,*,#2391,.T.);
#2391 = EDGE_CURVE('',#2392,#2392,#2394,.T.);
#2392 = VERTEX_POINT('',#2393);
#2393 = CARTESIAN_POINT('',(211.71,-121.9,1.51));
#2394 = CIRCLE('',#2395,0.85);
#2395 = AXIS2_PLACEMENT_3D('',#2396,#2397,#2398);
#2396 = CARTESIAN_POINT('',(211.71,-121.05,1.51));
#2397 = DIRECTION('',(-0.,0.,-1.));
#2398 = DIRECTION('',(-0.,-1.,0.));
#2399 = FACE_BOUND('',#2400,.T.);
#2400 = EDGE_LOOP('',(#2401));
#2401 = ORIENTED_EDGE('',*,*,#2402,.T.);
#2402 = EDGE_CURVE('',#2403,#2403,#2405,.T.);
#2403 = VERTEX_POINT('',#2404);
#2404 = CARTESIAN_POINT('',(209.17,-116.72,1.51));
#2405 = CIRCLE('',#2406,0.75);
#2406 = AXIS2_PLACEMENT_3D('',#2407,#2408,#2409);
#2407 = CARTESIAN_POINT('',(209.17,-115.97,1.51));
#2408 = DIRECTION('',(-0.,0.,-1.));
#2409 = DIRECTION('',(-0.,-1.,0.));
#2410 = FACE_BOUND('',#2411,.T.);
#2411 = EDGE_LOOP('',(#2412));
#2412 = ORIENTED_EDGE('',*,*,#2413,.T.);
#2413 = EDGE_CURVE('',#2414,#2414,#2416,.T.);
#2414 = VERTEX_POINT('',#2415);
#2415 = CARTESIAN_POINT('',(201.67,-102.79,1.51));
#2416 = CIRCLE('',#2417,0.85);
#2417 = AXIS2_PLACEMENT_3D('',#2418,#2419,#2420);
#2418 = CARTESIAN_POINT('',(201.67,-101.94,1.51));
#2419 = DIRECTION('',(-0.,0.,-1.));
#2420 = DIRECTION('',(-3.343730521224E-14,-1.,0.));
#2421 = FACE_BOUND('',#2422,.T.);
#2422 = EDGE_LOOP('',(#2423));
#2423 = ORIENTED_EDGE('',*,*,#2424,.T.);
#2424 = EDGE_CURVE('',#2425,#2425,#2427,.T.);
#2425 = VERTEX_POINT('',#2426);
#2426 = CARTESIAN_POINT('',(206.75,-103.94,1.51));
#2427 = CIRCLE('',#2428,2.);
#2428 = AXIS2_PLACEMENT_3D('',#2429,#2430,#2431);
#2429 = CARTESIAN_POINT('',(206.75,-101.94,1.51));
#2430 = DIRECTION('',(-0.,0.,-1.));
#2431 = DIRECTION('',(-0.,-1.,0.));
#2432 = FACE_BOUND('',#2433,.T.);
#2433 = EDGE_LOOP('',(#2434));
#2434 = ORIENTED_EDGE('',*,*,#2435,.T.);
#2435 = EDGE_CURVE('',#2436,#2436,#2438,.T.);
#2436 = VERTEX_POINT('',#2437);
#2437 = CARTESIAN_POINT('',(211.83,-102.79,1.51));
#2438 = CIRCLE('',#2439,0.85);
#2439 = AXIS2_PLACEMENT_3D('',#2440,#2441,#2442);
#2440 = CARTESIAN_POINT('',(211.83,-101.94,1.51));
#2441 = DIRECTION('',(-0.,0.,-1.));
#2442 = DIRECTION('',(3.343730521224E-14,-1.,-0.));
#2443 = FACE_BOUND('',#2444,.T.);
#2444 = EDGE_LOOP('',(#2445));
#2445 = ORIENTED_EDGE('',*,*,#2446,.T.);
#2446 = EDGE_CURVE('',#2447,#2447,#2449,.T.);
#2447 = VERTEX_POINT('',#2448);
#2448 = CARTESIAN_POINT('',(220.5,-121.82,1.51));
#2449 = CIRCLE('',#2450,0.85);
#2450 = AXIS2_PLACEMENT_3D('',#2451,#2452,#2453);
#2451 = CARTESIAN_POINT('',(220.5,-120.97,1.51));
#2452 = DIRECTION('',(-0.,0.,-1.));
#2453 = DIRECTION('',(-0.,-1.,0.));
#2454 = FACE_BOUND('',#2455,.T.);
#2455 = EDGE_LOOP('',(#2456));
#2456 = ORIENTED_EDGE('',*,*,#2457,.T.);
#2457 = EDGE_CURVE('',#2458,#2458,#2460,.T.);
#2458 = VERTEX_POINT('',#2459);
#2459 = CARTESIAN_POINT('',(221.77,-119.18,1.51));
#2460 = CIRCLE('',#2461,0.75);
#2461 = AXIS2_PLACEMENT_3D('',#2462,#2463,#2464);
#2462 = CARTESIAN_POINT('',(221.77,-118.43,1.51));
#2463 = DIRECTION('',(-0.,0.,-1.));
#2464 = DIRECTION('',(-0.,-1.,0.));
#2465 = FACE_BOUND('',#2466,.T.);
#2466 = EDGE_LOOP('',(#2467));
#2467 = ORIENTED_EDGE('',*,*,#2468,.T.);
#2468 = EDGE_CURVE('',#2469,#2469,#2471,.T.);
#2469 = VERTEX_POINT('',#2470);
#2470 = CARTESIAN_POINT('',(225.58,-122.97,1.51));
#2471 = CIRCLE('',#2472,2.);
#2472 = AXIS2_PLACEMENT_3D('',#2473,#2474,#2475);
#2473 = CARTESIAN_POINT('',(225.58,-120.97,1.51));
#2474 = DIRECTION('',(-0.,0.,-1.));
#2475 = DIRECTION('',(-0.,-1.,0.));
#2476 = FACE_BOUND('',#2477,.T.);
#2477 = EDGE_LOOP('',(#2478));
#2478 = ORIENTED_EDGE('',*,*,#2479,.T.);
#2479 = EDGE_CURVE('',#2480,#2480,#2482,.T.);
#2480 = VERTEX_POINT('',#2481);
#2481 = CARTESIAN_POINT('',(230.66,-121.82,1.51));
#2482 = CIRCLE('',#2483,0.85);
#2483 = AXIS2_PLACEMENT_3D('',#2484,#2485,#2486);
#2484 = CARTESIAN_POINT('',(230.66,-120.97,1.51));
#2485 = DIRECTION('',(-0.,0.,-1.));
#2486 = DIRECTION('',(-0.,-1.,0.));
#2487 = FACE_BOUND('',#2488,.T.);
#2488 = EDGE_LOOP('',(#2489));
#2489 = ORIENTED_EDGE('',*,*,#2490,.T.);
#2490 = EDGE_CURVE('',#2491,#2491,#2493,.T.);
#2491 = VERTEX_POINT('',#2492);
#2492 = CARTESIAN_POINT('',(228.12,-116.64,1.51));
#2493 = CIRCLE('',#2494,0.75);
#2494 = AXIS2_PLACEMENT_3D('',#2495,#2496,#2497);
#2495 = CARTESIAN_POINT('',(228.12,-115.89,1.51));
#2496 = DIRECTION('',(-0.,0.,-1.));
#2497 = DIRECTION('',(-0.,-1.,0.));
#2498 = FACE_BOUND('',#2499,.T.);
#2499 = EDGE_LOOP('',(#2500));
#2500 = ORIENTED_EDGE('',*,*,#2501,.T.);
#2501 = EDGE_CURVE('',#2502,#2502,#2504,.T.);
#2502 = VERTEX_POINT('',#2503);
#2503 = CARTESIAN_POINT('',(220.64,-102.77,1.51));
#2504 = CIRCLE('',#2505,0.85);
#2505 = AXIS2_PLACEMENT_3D('',#2506,#2507,#2508);
#2506 = CARTESIAN_POINT('',(220.64,-101.92,1.51));
#2507 = DIRECTION('',(-0.,0.,-1.));
#2508 = DIRECTION('',(-0.,-1.,0.));
#2509 = FACE_BOUND('',#2510,.T.);
#2510 = EDGE_LOOP('',(#2511));
#2511 = ORIENTED_EDGE('',*,*,#2512,.T.);
#2512 = EDGE_CURVE('',#2513,#2513,#2515,.T.);
#2513 = VERTEX_POINT('',#2514);
#2514 = CARTESIAN_POINT('',(225.72,-103.92,1.51));
#2515 = CIRCLE('',#2516,2.);
#2516 = AXIS2_PLACEMENT_3D('',#2517,#2518,#2519);
#2517 = CARTESIAN_POINT('',(225.72,-101.92,1.51));
#2518 = DIRECTION('',(-0.,0.,-1.));
#2519 = DIRECTION('',(-0.,-1.,0.));
#2520 = FACE_BOUND('',#2521,.T.);
#2521 = EDGE_LOOP('',(#2522));
#2522 = ORIENTED_EDGE('',*,*,#2523,.T.);
#2523 = EDGE_CURVE('',#2524,#2524,#2526,.T.);
#2524 = VERTEX_POINT('',#2525);
#2525 = CARTESIAN_POINT('',(230.8,-102.77,1.51));
#2526 = CIRCLE('',#2527,0.85);
#2527 = AXIS2_PLACEMENT_3D('',#2528,#2529,#2530);
#2528 = CARTESIAN_POINT('',(230.8,-101.92,1.51));
#2529 = DIRECTION('',(-0.,0.,-1.));
#2530 = DIRECTION('',(-0.,-1.,0.));
#2531 = FACE_BOUND('',#2532,.T.);
#2532 = EDGE_LOOP('',(#2533));
#2533 = ORIENTED_EDGE('',*,*,#2534,.T.);
#2534 = EDGE_CURVE('',#2535,#2535,#2537,.T.);
#2535 = VERTEX_POINT('',#2536);
#2536 = CARTESIAN_POINT('',(164.77,-100.15,1.51));
#2537 = CIRCLE('',#2538,0.75);
#2538 = AXIS2_PLACEMENT_3D('',#2539,#2540,#2541);
#2539 = CARTESIAN_POINT('',(164.77,-99.4,1.51));
#2540 = DIRECTION('',(-0.,0.,-1.));
#2541 = DIRECTION('',(-0.,-1.,0.));
#2542 = FACE_BOUND('',#2543,.T.);
#2543 = EDGE_LOOP('',(#2544));
#2544 = ORIENTED_EDGE('',*,*,#2545,.T.);
#2545 = EDGE_CURVE('',#2546,#2546,#2548,.T.);
#2546 = VERTEX_POINT('',#2547);
#2547 = CARTESIAN_POINT('',(171.12,-97.61,1.51));
#2548 = CIRCLE('',#2549,0.75);
#2549 = AXIS2_PLACEMENT_3D('',#2550,#2551,#2552);
#2550 = CARTESIAN_POINT('',(171.12,-96.86,1.51));
#2551 = DIRECTION('',(-0.,0.,-1.));
#2552 = DIRECTION('',(-0.,-1.,0.));
#2553 = FACE_BOUND('',#2554,.T.);
#2554 = EDGE_LOOP('',(#2555));
#2555 = ORIENTED_EDGE('',*,*,#2556,.T.);
#2556 = EDGE_CURVE('',#2557,#2557,#2559,.T.);
#2557 = VERTEX_POINT('',#2558);
#2558 = CARTESIAN_POINT('',(169.81,-87.69,1.51));
#2559 = CIRCLE('',#2560,0.4);
#2560 = AXIS2_PLACEMENT_3D('',#2561,#2562,#2563);
#2561 = CARTESIAN_POINT('',(169.81,-87.29,1.51));
#2562 = DIRECTION('',(-0.,0.,-1.));
#2563 = DIRECTION('',(-0.,-1.,0.));
#2564 = FACE_BOUND('',#2565,.T.);
#2565 = EDGE_LOOP('',(#2566));
#2566 = ORIENTED_EDGE('',*,*,#2567,.T.);
#2567 = EDGE_CURVE('',#2568,#2568,#2570,.T.);
#2568 = VERTEX_POINT('',#2569);
#2569 = CARTESIAN_POINT('',(163.64,-82.88,1.51));
#2570 = CIRCLE('',#2571,0.4);
#2571 = AXIS2_PLACEMENT_3D('',#2572,#2573,#2574);
#2572 = CARTESIAN_POINT('',(163.64,-82.48,1.51));
#2573 = DIRECTION('',(-0.,0.,-1.));
#2574 = DIRECTION('',(-0.,-1.,0.));
#2575 = FACE_BOUND('',#2576,.T.);
#2576 = EDGE_LOOP('',(#2577));
#2577 = ORIENTED_EDGE('',*,*,#2578,.T.);
#2578 = EDGE_CURVE('',#2579,#2579,#2581,.T.);
#2579 = VERTEX_POINT('',#2580);
#2580 = CARTESIAN_POINT('',(171.26,-82.88,1.51));
#2581 = CIRCLE('',#2582,0.4);
#2582 = AXIS2_PLACEMENT_3D('',#2583,#2584,#2585);
#2583 = CARTESIAN_POINT('',(171.26,-82.48,1.51));
#2584 = DIRECTION('',(-0.,0.,-1.));
#2585 = DIRECTION('',(-0.,-1.,0.));
#2586 = FACE_BOUND('',#2587,.T.);
#2587 = EDGE_LOOP('',(#2588));
#2588 = ORIENTED_EDGE('',*,*,#2589,.T.);
#2589 = EDGE_CURVE('',#2590,#2590,#2592,.T.);
#2590 = VERTEX_POINT('',#2591);
#2591 = CARTESIAN_POINT('',(169.62,-78.45,1.51));
#2592 = CIRCLE('',#2593,0.4);
#2593 = AXIS2_PLACEMENT_3D('',#2594,#2595,#2596);
#2594 = CARTESIAN_POINT('',(169.62,-78.05,1.51));
#2595 = DIRECTION('',(-0.,0.,-1.));
#2596 = DIRECTION('',(-0.,-1.,0.));
#2597 = FACE_BOUND('',#2598,.T.);
#2598 = EDGE_LOOP('',(#2599));
#2599 = ORIENTED_EDGE('',*,*,#2600,.T.);
#2600 = EDGE_CURVE('',#2601,#2601,#2603,.T.);
#2601 = VERTEX_POINT('',#2602);
#2602 = CARTESIAN_POINT('',(177.43,-87.69,1.51));
#2603 = CIRCLE('',#2604,0.4);
#2604 = AXIS2_PLACEMENT_3D('',#2605,#2606,#2607);
#2605 = CARTESIAN_POINT('',(177.43,-87.29,1.51));
#2606 = DIRECTION('',(-0.,0.,-1.));
#2607 = DIRECTION('',(-0.,-1.,0.));
#2608 = FACE_BOUND('',#2609,.T.);
#2609 = EDGE_LOOP('',(#2610));
#2610 = ORIENTED_EDGE('',*,*,#2611,.T.);
#2611 = EDGE_CURVE('',#2612,#2612,#2614,.T.);
#2612 = VERTEX_POINT('',#2613);
#2613 = CARTESIAN_POINT('',(175.07,-82.88,1.51));
#2614 = CIRCLE('',#2615,0.4);
#2615 = AXIS2_PLACEMENT_3D('',#2616,#2617,#2618);
#2616 = CARTESIAN_POINT('',(175.07,-82.48,1.51));
#2617 = DIRECTION('',(-0.,0.,-1.));
#2618 = DIRECTION('',(-0.,-1.,0.));
#2619 = FACE_BOUND('',#2620,.T.);
#2620 = EDGE_LOOP('',(#2621));
#2621 = ORIENTED_EDGE('',*,*,#2622,.T.);
#2622 = EDGE_CURVE('',#2623,#2623,#2625,.T.);
#2623 = VERTEX_POINT('',#2624);
#2624 = CARTESIAN_POINT('',(177.24,-78.45,1.51));
#2625 = CIRCLE('',#2626,0.4);
#2626 = AXIS2_PLACEMENT_3D('',#2627,#2628,#2629);
#2627 = CARTESIAN_POINT('',(177.24,-78.05,1.51));
#2628 = DIRECTION('',(-0.,0.,-1.));
#2629 = DIRECTION('',(-0.,-1.,0.));
#2630 = FACE_BOUND('',#2631,.T.);
#2631 = EDGE_LOOP('',(#2632));
#2632 = ORIENTED_EDGE('',*,*,#2633,.T.);
#2633 = EDGE_CURVE('',#2634,#2634,#2636,.T.);
#2634 = VERTEX_POINT('',#2635);
#2635 = CARTESIAN_POINT('',(183.83,-100.16,1.51));
#2636 = CIRCLE('',#2637,0.75);
#2637 = AXIS2_PLACEMENT_3D('',#2638,#2639,#2640);
#2638 = CARTESIAN_POINT('',(183.83,-99.41,1.51));
#2639 = DIRECTION('',(-0.,0.,-1.));
#2640 = DIRECTION('',(-0.,-1.,0.));
#2641 = FACE_BOUND('',#2642,.T.);
#2642 = EDGE_LOOP('',(#2643));
#2643 = ORIENTED_EDGE('',*,*,#2644,.T.);
#2644 = EDGE_CURVE('',#2645,#2645,#2647,.T.);
#2645 = VERTEX_POINT('',#2646);
#2646 = CARTESIAN_POINT('',(190.18,-97.62,1.51));
#2647 = CIRCLE('',#2648,0.75);
#2648 = AXIS2_PLACEMENT_3D('',#2649,#2650,#2651);
#2649 = CARTESIAN_POINT('',(190.18,-96.87,1.51));
#2650 = DIRECTION('',(-0.,0.,-1.));
#2651 = DIRECTION('',(-0.,-1.,0.));
#2652 = FACE_BOUND('',#2653,.T.);
#2653 = EDGE_LOOP('',(#2654));
#2654 = ORIENTED_EDGE('',*,*,#2655,.T.);
#2655 = EDGE_CURVE('',#2656,#2656,#2658,.T.);
#2656 = VERTEX_POINT('',#2657);
#2657 = CARTESIAN_POINT('',(180.98,-87.69,1.51));
#2658 = CIRCLE('',#2659,0.4);
#2659 = AXIS2_PLACEMENT_3D('',#2660,#2661,#2662);
#2660 = CARTESIAN_POINT('',(180.98,-87.29,1.51));
#2661 = DIRECTION('',(-0.,0.,-1.));
#2662 = DIRECTION('',(-7.105427357601E-14,-1.,0.));
#2663 = FACE_BOUND('',#2664,.T.);
#2664 = EDGE_LOOP('',(#2665));
#2665 = ORIENTED_EDGE('',*,*,#2666,.T.);
#2666 = EDGE_CURVE('',#2667,#2667,#2669,.T.);
#2667 = VERTEX_POINT('',#2668);
#2668 = CARTESIAN_POINT('',(188.6,-87.69,1.51));
#2669 = CIRCLE('',#2670,0.4);
#2670 = AXIS2_PLACEMENT_3D('',#2671,#2672,#2673);
#2671 = CARTESIAN_POINT('',(188.6,-87.29,1.51));
#2672 = DIRECTION('',(-0.,0.,-1.));
#2673 = DIRECTION('',(-0.,-1.,0.));
#2674 = FACE_BOUND('',#2675,.T.);
#2675 = EDGE_LOOP('',(#2676));
#2676 = ORIENTED_EDGE('',*,*,#2677,.T.);
#2677 = EDGE_CURVE('',#2678,#2678,#2680,.T.);
#2678 = VERTEX_POINT('',#2679);
#2679 = CARTESIAN_POINT('',(182.69,-82.88,1.51));
#2680 = CIRCLE('',#2681,0.4);
#2681 = AXIS2_PLACEMENT_3D('',#2682,#2683,#2684);
#2682 = CARTESIAN_POINT('',(182.69,-82.48,1.51));
#2683 = DIRECTION('',(-0.,0.,-1.));
#2684 = DIRECTION('',(-0.,-1.,0.));
#2685 = FACE_BOUND('',#2686,.T.);
#2686 = EDGE_LOOP('',(#2687));
#2687 = ORIENTED_EDGE('',*,*,#2688,.T.);
#2688 = EDGE_CURVE('',#2689,#2689,#2691,.T.);
#2689 = VERTEX_POINT('',#2690);
#2690 = CARTESIAN_POINT('',(180.96,-78.34,1.51));
#2691 = CIRCLE('',#2692,0.4);
#2692 = AXIS2_PLACEMENT_3D('',#2693,#2694,#2695);
#2693 = CARTESIAN_POINT('',(180.96,-77.94,1.51));
#2694 = DIRECTION('',(-0.,0.,-1.));
#2695 = DIRECTION('',(-0.,-1.,0.));
#2696 = FACE_BOUND('',#2697,.T.);
#2697 = EDGE_LOOP('',(#2698));
#2698 = ORIENTED_EDGE('',*,*,#2699,.T.);
#2699 = EDGE_CURVE('',#2700,#2700,#2702,.T.);
#2700 = VERTEX_POINT('',#2701);
#2701 = CARTESIAN_POINT('',(186.24,-82.88,1.51));
#2702 = CIRCLE('',#2703,0.4);
#2703 = AXIS2_PLACEMENT_3D('',#2704,#2705,#2706);
#2704 = CARTESIAN_POINT('',(186.24,-82.48,1.51));
#2705 = DIRECTION('',(-0.,0.,-1.));
#2706 = DIRECTION('',(-0.,-1.,0.));
#2707 = FACE_BOUND('',#2708,.T.);
#2708 = EDGE_LOOP('',(#2709));
#2709 = ORIENTED_EDGE('',*,*,#2710,.T.);
#2710 = EDGE_CURVE('',#2711,#2711,#2713,.T.);
#2711 = VERTEX_POINT('',#2712);
#2712 = CARTESIAN_POINT('',(188.58,-78.34,1.51));
#2713 = CIRCLE('',#2714,0.4);
#2714 = AXIS2_PLACEMENT_3D('',#2715,#2716,#2717);
#2715 = CARTESIAN_POINT('',(188.58,-77.94,1.51));
#2716 = DIRECTION('',(-0.,0.,-1.));
#2717 = DIRECTION('',(7.105427357601E-14,-1.,-0.));
#2718 = FACE_BOUND('',#2719,.T.);
#2719 = EDGE_LOOP('',(#2720));
#2720 = ORIENTED_EDGE('',*,*,#2721,.T.);
#2721 = EDGE_CURVE('',#2722,#2722,#2724,.T.);
#2722 = VERTEX_POINT('',#2723);
#2723 = CARTESIAN_POINT('',(192.15,-87.69,1.51));
#2724 = CIRCLE('',#2725,0.4);
#2725 = AXIS2_PLACEMENT_3D('',#2726,#2727,#2728);
#2726 = CARTESIAN_POINT('',(192.15,-87.29,1.51));
#2727 = DIRECTION('',(-0.,0.,-1.));
#2728 = DIRECTION('',(-0.,-1.,0.));
#2729 = FACE_BOUND('',#2730,.T.);
#2730 = EDGE_LOOP('',(#2731));
#2731 = ORIENTED_EDGE('',*,*,#2732,.T.);
#2732 = EDGE_CURVE('',#2733,#2733,#2735,.T.);
#2733 = VERTEX_POINT('',#2734);
#2734 = CARTESIAN_POINT('',(192.13,-78.56,1.51));
#2735 = CIRCLE('',#2736,0.4);
#2736 = AXIS2_PLACEMENT_3D('',#2737,#2738,#2739);
#2737 = CARTESIAN_POINT('',(192.13,-78.16,1.51));
#2738 = DIRECTION('',(-0.,0.,-1.));
#2739 = DIRECTION('',(-0.,-1.,0.));
#2740 = FACE_BOUND('',#2741,.T.);
#2741 = EDGE_LOOP('',(#2742));
#2742 = ORIENTED_EDGE('',*,*,#2743,.T.);
#2743 = EDGE_CURVE('',#2744,#2744,#2746,.T.);
#2744 = VERTEX_POINT('',#2745);
#2745 = CARTESIAN_POINT('',(193.86,-82.88,1.51));
#2746 = CIRCLE('',#2747,0.4);
#2747 = AXIS2_PLACEMENT_3D('',#2748,#2749,#2750);
#2748 = CARTESIAN_POINT('',(193.86,-82.48,1.51));
#2749 = DIRECTION('',(-0.,0.,-1.));
#2750 = DIRECTION('',(-0.,-1.,0.));
#2751 = FACE_BOUND('',#2752,.T.);
#2752 = EDGE_LOOP('',(#2753));
#2753 = ORIENTED_EDGE('',*,*,#2754,.T.);
#2754 = EDGE_CURVE('',#2755,#2755,#2757,.T.);
#2755 = VERTEX_POINT('',#2756);
#2756 = CARTESIAN_POINT('',(197.4,-82.66,1.51));
#2757 = CIRCLE('',#2758,0.4);
#2758 = AXIS2_PLACEMENT_3D('',#2759,#2760,#2761);
#2759 = CARTESIAN_POINT('',(197.4,-82.26,1.51));
#2760 = DIRECTION('',(-0.,0.,-1.));
#2761 = DIRECTION('',(-0.,-1.,0.));
#2762 = FACE_BOUND('',#2763,.T.);
#2763 = EDGE_LOOP('',(#2764));
#2764 = ORIENTED_EDGE('',*,*,#2765,.T.);
#2765 = EDGE_CURVE('',#2766,#2766,#2768,.T.);
#2766 = VERTEX_POINT('',#2767);
#2767 = CARTESIAN_POINT('',(202.94,-100.15,1.51));
#2768 = CIRCLE('',#2769,0.75);
#2769 = AXIS2_PLACEMENT_3D('',#2770,#2771,#2772);
#2770 = CARTESIAN_POINT('',(202.94,-99.4,1.51));
#2771 = DIRECTION('',(-0.,0.,-1.));
#2772 = DIRECTION('',(-0.,-1.,0.));
#2773 = FACE_BOUND('',#2774,.T.);
#2774 = EDGE_LOOP('',(#2775));
#2775 = ORIENTED_EDGE('',*,*,#2776,.T.);
#2776 = EDGE_CURVE('',#2777,#2777,#2779,.T.);
#2777 = VERTEX_POINT('',#2778);
#2778 = CARTESIAN_POINT('',(209.29,-97.61,1.51));
#2779 = CIRCLE('',#2780,0.75);
#2780 = AXIS2_PLACEMENT_3D('',#2781,#2782,#2783);
#2781 = CARTESIAN_POINT('',(209.29,-96.86,1.51));
#2782 = DIRECTION('',(-0.,0.,-1.));
#2783 = DIRECTION('',(-0.,-1.,0.));
#2784 = FACE_BOUND('',#2785,.T.);
#2785 = EDGE_LOOP('',(#2786));
#2786 = ORIENTED_EDGE('',*,*,#2787,.T.);
#2787 = EDGE_CURVE('',#2788,#2788,#2790,.T.);
#2788 = VERTEX_POINT('',#2789);
#2789 = CARTESIAN_POINT('',(199.77,-87.69,1.51));
#2790 = CIRCLE('',#2791,0.4);
#2791 = AXIS2_PLACEMENT_3D('',#2792,#2793,#2794);
#2792 = CARTESIAN_POINT('',(199.77,-87.29,1.51));
#2793 = DIRECTION('',(-0.,0.,-1.));
#2794 = DIRECTION('',(7.105427357601E-14,-1.,-0.));
#2795 = FACE_BOUND('',#2796,.T.);
#2796 = EDGE_LOOP('',(#2797));
#2797 = ORIENTED_EDGE('',*,*,#2798,.T.);
#2798 = EDGE_CURVE('',#2799,#2799,#2801,.T.);
#2799 = VERTEX_POINT('',#2800);
#2800 = CARTESIAN_POINT('',(203.97,-87.69,1.51));
#2801 = CIRCLE('',#2802,0.4);
#2802 = AXIS2_PLACEMENT_3D('',#2803,#2804,#2805);
#2803 = CARTESIAN_POINT('',(203.97,-87.29,1.51));
#2804 = DIRECTION('',(-0.,0.,-1.));
#2805 = DIRECTION('',(-0.,-1.,0.));
#2806 = FACE_BOUND('',#2807,.T.);
#2807 = EDGE_LOOP('',(#2808));
#2808 = ORIENTED_EDGE('',*,*,#2809,.T.);
#2809 = EDGE_CURVE('',#2810,#2810,#2812,.T.);
#2810 = VERTEX_POINT('',#2811);
#2811 = CARTESIAN_POINT('',(199.75,-78.56,1.51));
#2812 = CIRCLE('',#2813,0.4);
#2813 = AXIS2_PLACEMENT_3D('',#2814,#2815,#2816);
#2814 = CARTESIAN_POINT('',(199.75,-78.16,1.51));
#2815 = DIRECTION('',(-0.,0.,-1.));
#2816 = DIRECTION('',(-0.,-1.,0.));
#2817 = FACE_BOUND('',#2818,.T.);
#2818 = EDGE_LOOP('',(#2819));
#2819 = ORIENTED_EDGE('',*,*,#2820,.T.);
#2820 = EDGE_CURVE('',#2821,#2821,#2823,.T.);
#2821 = VERTEX_POINT('',#2822);
#2822 = CARTESIAN_POINT('',(205.02,-82.66,1.51));
#2823 = CIRCLE('',#2824,0.4);
#2824 = AXIS2_PLACEMENT_3D('',#2825,#2826,#2827);
#2825 = CARTESIAN_POINT('',(205.02,-82.26,1.51));
#2826 = DIRECTION('',(-0.,0.,-1.));
#2827 = DIRECTION('',(7.105427357601E-14,-1.,-0.));
#2828 = FACE_BOUND('',#2829,.T.);
#2829 = EDGE_LOOP('',(#2830));
#2830 = ORIENTED_EDGE('',*,*,#2831,.T.);
#2831 = EDGE_CURVE('',#2832,#2832,#2834,.T.);
#2832 = VERTEX_POINT('',#2833);
#2833 = CARTESIAN_POINT('',(203.64,-78.67,1.51));
#2834 = CIRCLE('',#2835,0.4);
#2835 = AXIS2_PLACEMENT_3D('',#2836,#2837,#2838);
#2836 = CARTESIAN_POINT('',(203.64,-78.27,1.51));
#2837 = DIRECTION('',(-0.,0.,-1.));
#2838 = DIRECTION('',(-0.,-1.,0.));
#2839 = FACE_BOUND('',#2840,.T.);
#2840 = EDGE_LOOP('',(#2841));
#2841 = ORIENTED_EDGE('',*,*,#2842,.T.);
#2842 = EDGE_CURVE('',#2843,#2843,#2845,.T.);
#2843 = VERTEX_POINT('',#2844);
#2844 = CARTESIAN_POINT('',(211.59,-87.69,1.51));
#2845 = CIRCLE('',#2846,0.4);
#2846 = AXIS2_PLACEMENT_3D('',#2847,#2848,#2849);
#2847 = CARTESIAN_POINT('',(211.59,-87.29,1.51));
#2848 = DIRECTION('',(-0.,0.,-1.));
#2849 = DIRECTION('',(-0.,-1.,0.));
#2850 = FACE_BOUND('',#2851,.T.);
#2851 = EDGE_LOOP('',(#2852));
#2852 = ORIENTED_EDGE('',*,*,#2853,.T.);
#2853 = EDGE_CURVE('',#2854,#2854,#2856,.T.);
#2854 = VERTEX_POINT('',#2855);
#2855 = CARTESIAN_POINT('',(211.26,-78.67,1.51));
#2856 = CIRCLE('',#2857,0.4);
#2857 = AXIS2_PLACEMENT_3D('',#2858,#2859,#2860);
#2858 = CARTESIAN_POINT('',(211.26,-78.27,1.51));
#2859 = DIRECTION('',(-0.,0.,-1.));
#2860 = DIRECTION('',(-0.,-1.,0.));
#2861 = FACE_BOUND('',#2862,.T.);
#2862 = EDGE_LOOP('',(#2863));
#2863 = ORIENTED_EDGE('',*,*,#2864,.T.);
#2864 = EDGE_CURVE('',#2865,#2865,#2867,.T.);
#2865 = VERTEX_POINT('',#2866);
#2866 = CARTESIAN_POINT('',(221.91,-100.13,1.51));
#2867 = CIRCLE('',#2868,0.75);
#2868 = AXIS2_PLACEMENT_3D('',#2869,#2870,#2871);
#2869 = CARTESIAN_POINT('',(221.91,-99.38,1.51));
#2870 = DIRECTION('',(-0.,0.,-1.));
#2871 = DIRECTION('',(-0.,-1.,0.));
#2872 = FACE_BOUND('',#2873,.T.);
#2873 = EDGE_LOOP('',(#2874));
#2874 = ORIENTED_EDGE('',*,*,#2875,.T.);
#2875 = EDGE_CURVE('',#2876,#2876,#2878,.T.);
#2876 = VERTEX_POINT('',#2877);
#2877 = CARTESIAN_POINT('',(228.26,-97.59,1.51));
#2878 = CIRCLE('',#2879,0.75);
#2879 = AXIS2_PLACEMENT_3D('',#2880,#2881,#2882);
#2880 = CARTESIAN_POINT('',(228.26,-96.84,1.51));
#2881 = DIRECTION('',(-0.,0.,-1.));
#2882 = DIRECTION('',(-0.,-1.,0.));
#2883 = FACE_BOUND('',#2884,.T.);
#2884 = EDGE_LOOP('',(#2885));
#2885 = ORIENTED_EDGE('',*,*,#2886,.T.);
#2886 = EDGE_CURVE('',#2887,#2887,#2889,.T.);
#2887 = VERTEX_POINT('',#2888);
#2888 = CARTESIAN_POINT('',(220.76,-83.66,1.51));
#2889 = CIRCLE('',#2890,0.85);
#2890 = AXIS2_PLACEMENT_3D('',#2891,#2892,#2893);
#2891 = CARTESIAN_POINT('',(220.76,-82.81,1.51));
#2892 = DIRECTION('',(-0.,0.,-1.));
#2893 = DIRECTION('',(-0.,-1.,0.));
#2894 = FACE_BOUND('',#2895,.T.);
#2895 = EDGE_LOOP('',(#2896));
#2896 = ORIENTED_EDGE('',*,*,#2897,.T.);
#2897 = EDGE_CURVE('',#2898,#2898,#2900,.T.);
#2898 = VERTEX_POINT('',#2899);
#2899 = CARTESIAN_POINT('',(222.03,-81.02,1.51));
#2900 = CIRCLE('',#2901,0.75);
#2901 = AXIS2_PLACEMENT_3D('',#2902,#2903,#2904);
#2902 = CARTESIAN_POINT('',(222.03,-80.27,1.51));
#2903 = DIRECTION('',(-0.,0.,-1.));
#2904 = DIRECTION('',(-0.,-1.,0.));
#2905 = FACE_BOUND('',#2906,.T.);
#2906 = EDGE_LOOP('',(#2907));
#2907 = ORIENTED_EDGE('',*,*,#2908,.T.);
#2908 = EDGE_CURVE('',#2909,#2909,#2911,.T.);
#2909 = VERTEX_POINT('',#2910);
#2910 = CARTESIAN_POINT('',(225.84,-84.81,1.51));
#2911 = CIRCLE('',#2912,2.);
#2912 = AXIS2_PLACEMENT_3D('',#2913,#2914,#2915);
#2913 = CARTESIAN_POINT('',(225.84,-82.81,1.51));
#2914 = DIRECTION('',(-0.,0.,-1.));
#2915 = DIRECTION('',(-0.,-1.,0.));
#2916 = FACE_BOUND('',#2917,.T.);
#2917 = EDGE_LOOP('',(#2918));
#2918 = ORIENTED_EDGE('',*,*,#2919,.T.);
#2919 = EDGE_CURVE('',#2920,#2920,#2922,.T.);
#2920 = VERTEX_POINT('',#2921);
#2921 = CARTESIAN_POINT('',(228.38,-78.48,1.51));
#2922 = CIRCLE('',#2923,0.75);
#2923 = AXIS2_PLACEMENT_3D('',#2924,#2925,#2926);
#2924 = CARTESIAN_POINT('',(228.38,-77.73,1.51));
#2925 = DIRECTION('',(-0.,0.,-1.));
#2926 = DIRECTION('',(-0.,-1.,0.));
#2927 = FACE_BOUND('',#2928,.T.);
#2928 = EDGE_LOOP('',(#2929));
#2929 = ORIENTED_EDGE('',*,*,#2930,.T.);
#2930 = EDGE_CURVE('',#2931,#2931,#2933,.T.);
#2931 = VERTEX_POINT('',#2932);
#2932 = CARTESIAN_POINT('',(230.92,-83.66,1.51));
#2933 = CIRCLE('',#2934,0.85);
#2934 = AXIS2_PLACEMENT_3D('',#2935,#2936,#2937);
#2935 = CARTESIAN_POINT('',(230.92,-82.81,1.51));
#2936 = DIRECTION('',(-0.,0.,-1.));
#2937 = DIRECTION('',(-3.343730521224E-14,-1.,0.));
#2938 = FACE_BOUND('',#2939,.T.);
#2939 = EDGE_LOOP('',(#2940));
#2940 = ORIENTED_EDGE('',*,*,#2941,.T.);
#2941 = EDGE_CURVE('',#2942,#2942,#2944,.T.);
#2942 = VERTEX_POINT('',#2943);
#2943 = CARTESIAN_POINT('',(203.93,-68.53,1.51));
#2944 = CIRCLE('',#2945,0.5);
#2945 = AXIS2_PLACEMENT_3D('',#2946,#2947,#2948);
#2946 = CARTESIAN_POINT('',(203.93,-68.03,1.51));
#2947 = DIRECTION('',(-0.,0.,-1.));
#2948 = DIRECTION('',(-0.,-1.,0.));
#2949 = FACE_BOUND('',#2950,.T.);
#2950 = EDGE_LOOP('',(#2951));
#2951 = ORIENTED_EDGE('',*,*,#2952,.T.);
#2952 = EDGE_CURVE('',#2953,#2953,#2955,.T.);
#2953 = VERTEX_POINT('',#2954);
#2954 = CARTESIAN_POINT('',(203.93,-65.99,1.51));
#2955 = CIRCLE('',#2956,0.5);
#2956 = AXIS2_PLACEMENT_3D('',#2957,#2958,#2959);
#2957 = CARTESIAN_POINT('',(203.93,-65.49,1.51));
#2958 = DIRECTION('',(-0.,0.,-1.));
#2959 = DIRECTION('',(-0.,-1.,0.));
#2960 = FACE_BOUND('',#2961,.T.);
#2961 = EDGE_LOOP('',(#2962));
#2962 = ORIENTED_EDGE('',*,*,#2963,.T.);
#2963 = EDGE_CURVE('',#2964,#2964,#2966,.T.);
#2964 = VERTEX_POINT('',#2965);
#2965 = CARTESIAN_POINT('',(203.93,-63.45,1.51));
#2966 = CIRCLE('',#2967,0.5);
#2967 = AXIS2_PLACEMENT_3D('',#2968,#2969,#2970);
#2968 = CARTESIAN_POINT('',(203.93,-62.95,1.51));
#2969 = DIRECTION('',(-0.,0.,-1.));
#2970 = DIRECTION('',(-0.,-1.,0.));
#2971 = FACE_BOUND('',#2972,.T.);
#2972 = EDGE_LOOP('',(#2973));
#2973 = ORIENTED_EDGE('',*,*,#2974,.T.);
#2974 = EDGE_CURVE('',#2975,#2975,#2977,.T.);
#2975 = VERTEX_POINT('',#2976);
#2976 = CARTESIAN_POINT('',(203.93,-60.91,1.51));
#2977 = CIRCLE('',#2978,0.5);
#2978 = AXIS2_PLACEMENT_3D('',#2979,#2980,#2981);
#2979 = CARTESIAN_POINT('',(203.93,-60.41,1.51));
#2980 = DIRECTION('',(-0.,0.,-1.));
#2981 = DIRECTION('',(-0.,-1.,0.));
#2982 = FACE_BOUND('',#2983,.T.);
#2983 = EDGE_LOOP('',(#2984));
#2984 = ORIENTED_EDGE('',*,*,#2985,.T.);
#2985 = EDGE_CURVE('',#2986,#2986,#2988,.T.);
#2986 = VERTEX_POINT('',#2987);
#2987 = CARTESIAN_POINT('',(216.8915,-70.3445,1.51));
#2988 = CIRCLE('',#2989,0.4445);
#2989 = AXIS2_PLACEMENT_3D('',#2990,#2991,#2992);
#2990 = CARTESIAN_POINT('',(216.8915,-69.9,1.51));
#2991 = DIRECTION('',(-0.,0.,-1.));
#2992 = DIRECTION('',(-0.,-1.,0.));
#2993 = FACE_BOUND('',#2994,.T.);
#2994 = EDGE_LOOP('',(#2995));
#2995 = ORIENTED_EDGE('',*,*,#2996,.T.);
#2996 = EDGE_CURVE('',#2997,#2997,#2999,.T.);
#2997 = VERTEX_POINT('',#2998);
#2998 = CARTESIAN_POINT('',(219.4315,-70.3445,1.51));
#2999 = CIRCLE('',#3000,0.4445);
#3000 = AXIS2_PLACEMENT_3D('',#3001,#3002,#3003);
#3001 = CARTESIAN_POINT('',(219.4315,-69.9,1.51));
#3002 = DIRECTION('',(-0.,0.,-1.));
#3003 = DIRECTION('',(-0.,-1.,0.));
#3004 = FACE_BOUND('',#3005,.T.);
#3005 = EDGE_LOOP('',(#3006));
#3006 = ORIENTED_EDGE('',*,*,#3007,.T.);
#3007 = EDGE_CURVE('',#3008,#3008,#3010,.T.);
#3008 = VERTEX_POINT('',#3009);
#3009 = CARTESIAN_POINT('',(221.9715,-70.3445,1.51));
#3010 = CIRCLE('',#3011,0.4445);
#3011 = AXIS2_PLACEMENT_3D('',#3012,#3013,#3014);
#3012 = CARTESIAN_POINT('',(221.9715,-69.9,1.51));
#3013 = DIRECTION('',(-0.,0.,-1.));
#3014 = DIRECTION('',(-0.,-1.,0.));
#3015 = FACE_BOUND('',#3016,.T.);
#3016 = EDGE_LOOP('',(#3017));
#3017 = ORIENTED_EDGE('',*,*,#3018,.T.);
#3018 = EDGE_CURVE('',#3019,#3019,#3021,.T.);
#3019 = VERTEX_POINT('',#3020);
#3020 = CARTESIAN_POINT('',(224.5115,-70.3445,1.51));
#3021 = CIRCLE('',#3022,0.4445);
#3022 = AXIS2_PLACEMENT_3D('',#3023,#3024,#3025);
#3023 = CARTESIAN_POINT('',(224.5115,-69.9,1.51));
#3024 = DIRECTION('',(-0.,0.,-1.));
#3025 = DIRECTION('',(-0.,-1.,0.));
#3026 = FACE_BOUND('',#3027,.T.);
#3027 = EDGE_LOOP('',(#3028));
#3028 = ORIENTED_EDGE('',*,*,#3029,.T.);
#3029 = EDGE_CURVE('',#3030,#3030,#3032,.T.);
#3030 = VERTEX_POINT('',#3031);
#3031 = CARTESIAN_POINT('',(227.0515,-70.3445,1.51));
#3032 = CIRCLE('',#3033,0.4445);
#3033 = AXIS2_PLACEMENT_3D('',#3034,#3035,#3036);
#3034 = CARTESIAN_POINT('',(227.0515,-69.9,1.51));
#3035 = DIRECTION('',(-0.,0.,-1.));
#3036 = DIRECTION('',(-0.,-1.,0.));
#3037 = FACE_BOUND('',#3038,.T.);
#3038 = EDGE_LOOP('',(#3039));
#3039 = ORIENTED_EDGE('',*,*,#3040,.T.);
#3040 = EDGE_CURVE('',#3041,#3041,#3043,.T.);
#3041 = VERTEX_POINT('',#3042);
#3042 = CARTESIAN_POINT('',(229.5915,-70.3445,1.51));
#3043 = CIRCLE('',#3044,0.4445);
#3044 = AXIS2_PLACEMENT_3D('',#3045,#3046,#3047);
#3045 = CARTESIAN_POINT('',(229.5915,-69.9,1.51));
#3046 = DIRECTION('',(-0.,0.,-1.));
#3047 = DIRECTION('',(-0.,-1.,0.));
#3048 = FACE_BOUND('',#3049,.T.);
#3049 = EDGE_LOOP('',(#3050));
#3050 = ORIENTED_EDGE('',*,*,#3051,.T.);
#3051 = EDGE_CURVE('',#3052,#3052,#3054,.T.);
#3052 = VERTEX_POINT('',#3053);
#3053 = CARTESIAN_POINT('',(232.1315,-70.3445,1.51));
#3054 = CIRCLE('',#3055,0.4445);
#3055 = AXIS2_PLACEMENT_3D('',#3056,#3057,#3058);
#3056 = CARTESIAN_POINT('',(232.1315,-69.9,1.51));
#3057 = DIRECTION('',(-0.,0.,-1.));
#3058 = DIRECTION('',(-6.394085361171E-14,-1.,0.));
#3059 = FACE_BOUND('',#3060,.T.);
#3060 = EDGE_LOOP('',(#3061));
#3061 = ORIENTED_EDGE('',*,*,#3062,.T.);
#3062 = EDGE_CURVE('',#3063,#3063,#3065,.T.);
#3063 = VERTEX_POINT('',#3064);
#3064 = CARTESIAN_POINT('',(216.8915,-55.1045,1.51));
#3065 = CIRCLE('',#3066,0.4445);
#3066 = AXIS2_PLACEMENT_3D('',#3067,#3068,#3069);
#3067 = CARTESIAN_POINT('',(216.8915,-54.66,1.51));
#3068 = DIRECTION('',(-0.,0.,-1.));
#3069 = DIRECTION('',(-0.,-1.,0.));
#3070 = FACE_BOUND('',#3071,.T.);
#3071 = EDGE_LOOP('',(#3072));
#3072 = ORIENTED_EDGE('',*,*,#3073,.T.);
#3073 = EDGE_CURVE('',#3074,#3074,#3076,.T.);
#3074 = VERTEX_POINT('',#3075);
#3075 = CARTESIAN_POINT('',(219.4315,-55.1045,1.51));
#3076 = CIRCLE('',#3077,0.4445);
#3077 = AXIS2_PLACEMENT_3D('',#3078,#3079,#3080);
#3078 = CARTESIAN_POINT('',(219.4315,-54.66,1.51));
#3079 = DIRECTION('',(-0.,0.,-1.));
#3080 = DIRECTION('',(-0.,-1.,0.));
#3081 = FACE_BOUND('',#3082,.T.);
#3082 = EDGE_LOOP('',(#3083));
#3083 = ORIENTED_EDGE('',*,*,#3084,.T.);
#3084 = EDGE_CURVE('',#3085,#3085,#3087,.T.);
#3085 = VERTEX_POINT('',#3086);
#3086 = CARTESIAN_POINT('',(221.9715,-55.1045,1.51));
#3087 = CIRCLE('',#3088,0.4445);
#3088 = AXIS2_PLACEMENT_3D('',#3089,#3090,#3091);
#3089 = CARTESIAN_POINT('',(221.9715,-54.66,1.51));
#3090 = DIRECTION('',(-0.,0.,-1.));
#3091 = DIRECTION('',(-0.,-1.,0.));
#3092 = FACE_BOUND('',#3093,.T.);
#3093 = EDGE_LOOP('',(#3094));
#3094 = ORIENTED_EDGE('',*,*,#3095,.T.);
#3095 = EDGE_CURVE('',#3096,#3096,#3098,.T.);
#3096 = VERTEX_POINT('',#3097);
#3097 = CARTESIAN_POINT('',(224.5115,-55.1045,1.51));
#3098 = CIRCLE('',#3099,0.4445);
#3099 = AXIS2_PLACEMENT_3D('',#3100,#3101,#3102);
#3100 = CARTESIAN_POINT('',(224.5115,-54.66,1.51));
#3101 = DIRECTION('',(-0.,0.,-1.));
#3102 = DIRECTION('',(-0.,-1.,0.));
#3103 = FACE_BOUND('',#3104,.T.);
#3104 = EDGE_LOOP('',(#3105));
#3105 = ORIENTED_EDGE('',*,*,#3106,.T.);
#3106 = EDGE_CURVE('',#3107,#3107,#3109,.T.);
#3107 = VERTEX_POINT('',#3108);
#3108 = CARTESIAN_POINT('',(227.0515,-55.1045,1.51));
#3109 = CIRCLE('',#3110,0.4445);
#3110 = AXIS2_PLACEMENT_3D('',#3111,#3112,#3113);
#3111 = CARTESIAN_POINT('',(227.0515,-54.66,1.51));
#3112 = DIRECTION('',(-0.,0.,-1.));
#3113 = DIRECTION('',(-0.,-1.,0.));
#3114 = FACE_BOUND('',#3115,.T.);
#3115 = EDGE_LOOP('',(#3116));
#3116 = ORIENTED_EDGE('',*,*,#3117,.T.);
#3117 = EDGE_CURVE('',#3118,#3118,#3120,.T.);
#3118 = VERTEX_POINT('',#3119);
#3119 = CARTESIAN_POINT('',(229.5915,-55.1045,1.51));
#3120 = CIRCLE('',#3121,0.4445);
#3121 = AXIS2_PLACEMENT_3D('',#3122,#3123,#3124);
#3122 = CARTESIAN_POINT('',(229.5915,-54.66,1.51));
#3123 = DIRECTION('',(-0.,0.,-1.));
#3124 = DIRECTION('',(-0.,-1.,0.));
#3125 = FACE_BOUND('',#3126,.T.);
#3126 = EDGE_LOOP('',(#3127));
#3127 = ORIENTED_EDGE('',*,*,#3128,.T.);
#3128 = EDGE_CURVE('',#3129,#3129,#3131,.T.);
#3129 = VERTEX_POINT('',#3130);
#3130 = CARTESIAN_POINT('',(232.1315,-55.1045,1.51));
#3131 = CIRCLE('',#3132,0.4445);
#3132 = AXIS2_PLACEMENT_3D('',#3133,#3134,#3135);
#3133 = CARTESIAN_POINT('',(232.1315,-54.66,1.51));
#3134 = DIRECTION('',(-0.,0.,-1.));
#3135 = DIRECTION('',(-6.394085361171E-14,-1.,0.));
#3136 = PLANE('',#3137);
#3137 = AXIS2_PLACEMENT_3D('',#3138,#3139,#3140);
#3138 = CARTESIAN_POINT('',(0.,0.,1.51));
#3139 = DIRECTION('',(0.,0.,1.));
#3140 = DIRECTION('',(1.,0.,-0.));
#3141 = ADVANCED_FACE('',(#3142),#3148,.T.);
#3142 = FACE_BOUND('',#3143,.T.);
#3143 = EDGE_LOOP('',(#3144,#3145,#3146,#3147));
#3144 = ORIENTED_EDGE('',*,*,#591,.T.);
#3145 = ORIENTED_EDGE('',*,*,#1881,.T.);
#3146 = ORIENTED_EDGE('',*,*,#551,.F.);
#3147 = ORIENTED_EDGE('',*,*,#615,.F.);
#3148 = PLANE('',#3149);
#3149 = AXIS2_PLACEMENT_3D('',#3150,#3151,#3152);
#3150 = CARTESIAN_POINT('',(158.21,-51.23,0.));
#3151 = DIRECTION('',(0.,1.,0.));
#3152 = DIRECTION('',(1.,0.,0.));
#3153 = ADVANCED_FACE('',(#3154),#3165,.F.);
#3154 = FACE_BOUND('',#3155,.T.);
#3155 = EDGE_LOOP('',(#3156,#3157,#3163,#3164));
#3156 = ORIENTED_EDGE('',*,*,#624,.T.);
#3157 = ORIENTED_EDGE('',*,*,#3158,.T.);
#3158 = EDGE_CURVE('',#625,#1891,#3159,.T.);
#3159 = LINE('',#3160,#3161);
#3160 = CARTESIAN_POINT('',(163.24,-140.95,-4.6E-02));
#3161 = VECTOR('',#3162,1.);
#3162 = DIRECTION('',(0.,0.,1.));
#3163 = ORIENTED_EDGE('',*,*,#1890,.F.);
#3164 = ORIENTED_EDGE('',*,*,#3158,.F.);
#3165 = CYLINDRICAL_SURFACE('',#3166,0.85);
#3166 = AXIS2_PLACEMENT_3D('',#3167,#3168,#3169);
#3167 = CARTESIAN_POINT('',(163.24,-140.1,-4.6E-02));
#3168 = DIRECTION('',(-0.,-0.,-1.));
#3169 = DIRECTION('',(-0.,-1.,0.));
#3170 = ADVANCED_FACE('',(#3171),#3182,.F.);
#3171 = FACE_BOUND('',#3172,.T.);
#3172 = EDGE_LOOP('',(#3173,#3174,#3180,#3181));
#3173 = ORIENTED_EDGE('',*,*,#635,.T.);
#3174 = ORIENTED_EDGE('',*,*,#3175,.T.);
#3175 = EDGE_CURVE('',#636,#1902,#3176,.T.);
#3176 = LINE('',#3177,#3178);
#3177 = CARTESIAN_POINT('',(164.51,-138.31,-4.6E-02));
#3178 = VECTOR('',#3179,1.);
#3179 = DIRECTION('',(0.,0.,1.));
#3180 = ORIENTED_EDGE('',*,*,#1901,.F.);
#3181 = ORIENTED_EDGE('',*,*,#3175,.F.);
#3182 = CYLINDRICAL_SURFACE('',#3183,0.75);
#3183 = AXIS2_PLACEMENT_3D('',#3184,#3185,#3186);
#3184 = CARTESIAN_POINT('',(164.51,-137.56,-4.6E-02));
#3185 = DIRECTION('',(-0.,-0.,-1.));
#3186 = DIRECTION('',(-0.,-1.,0.));
#3187 = ADVANCED_FACE('',(#3188),#3199,.F.);
#3188 = FACE_BOUND('',#3189,.T.);
#3189 = EDGE_LOOP('',(#3190,#3191,#3197,#3198));
#3190 = ORIENTED_EDGE('',*,*,#646,.T.);
#3191 = ORIENTED_EDGE('',*,*,#3192,.T.);
#3192 = EDGE_CURVE('',#647,#1913,#3193,.T.);
#3193 = LINE('',#3194,#3195);
#3194 = CARTESIAN_POINT('',(168.32,-142.1,-4.6E-02));
#3195 = VECTOR('',#3196,1.);
#3196 = DIRECTION('',(0.,0.,1.));
#3197 = ORIENTED_EDGE('',*,*,#1912,.F.);
#3198 = ORIENTED_EDGE('',*,*,#3192,.F.);
#3199 = CYLINDRICAL_SURFACE('',#3200,2.);
#3200 = AXIS2_PLACEMENT_3D('',#3201,#3202,#3203);
#3201 = CARTESIAN_POINT('',(168.32,-140.1,-4.6E-02));
#3202 = DIRECTION('',(-0.,-0.,-1.));
#3203 = DIRECTION('',(-0.,-1.,0.));
#3204 = ADVANCED_FACE('',(#3205),#3216,.F.);
#3205 = FACE_BOUND('',#3206,.T.);
#3206 = EDGE_LOOP('',(#3207,#3208,#3214,#3215));
#3207 = ORIENTED_EDGE('',*,*,#657,.T.);
#3208 = ORIENTED_EDGE('',*,*,#3209,.T.);
#3209 = EDGE_CURVE('',#658,#1924,#3210,.T.);
#3210 = LINE('',#3211,#3212);
#3211 = CARTESIAN_POINT('',(173.4,-140.95,-4.6E-02));
#3212 = VECTOR('',#3213,1.);
#3213 = DIRECTION('',(0.,0.,1.));
#3214 = ORIENTED_EDGE('',*,*,#1923,.F.);
#3215 = ORIENTED_EDGE('',*,*,#3209,.F.);
#3216 = CYLINDRICAL_SURFACE('',#3217,0.85);
#3217 = AXIS2_PLACEMENT_3D('',#3218,#3219,#3220);
#3218 = CARTESIAN_POINT('',(173.4,-140.1,-4.6E-02));
#3219 = DIRECTION('',(-0.,-0.,-1.));
#3220 = DIRECTION('',(-0.,-1.,0.));
#3221 = ADVANCED_FACE('',(#3222),#3233,.F.);
#3222 = FACE_BOUND('',#3223,.T.);
#3223 = EDGE_LOOP('',(#3224,#3225,#3231,#3232));
#3224 = ORIENTED_EDGE('',*,*,#668,.T.);
#3225 = ORIENTED_EDGE('',*,*,#3226,.T.);
#3226 = EDGE_CURVE('',#669,#1935,#3227,.T.);
#3227 = LINE('',#3228,#3229);
#3228 = CARTESIAN_POINT('',(170.86,-135.77,-4.6E-02));
#3229 = VECTOR('',#3230,1.);
#3230 = DIRECTION('',(0.,0.,1.));
#3231 = ORIENTED_EDGE('',*,*,#1934,.F.);
#3232 = ORIENTED_EDGE('',*,*,#3226,.F.);
#3233 = CYLINDRICAL_SURFACE('',#3234,0.75);
#3234 = AXIS2_PLACEMENT_3D('',#3235,#3236,#3237);
#3235 = CARTESIAN_POINT('',(170.86,-135.02,-4.6E-02));
#3236 = DIRECTION('',(-0.,-0.,-1.));
#3237 = DIRECTION('',(-0.,-1.,0.));
#3238 = ADVANCED_FACE('',(#3239),#3250,.F.);
#3239 = FACE_BOUND('',#3240,.T.);
#3240 = EDGE_LOOP('',(#3241,#3242,#3248,#3249));
#3241 = ORIENTED_EDGE('',*,*,#679,.T.);
#3242 = ORIENTED_EDGE('',*,*,#3243,.T.);
#3243 = EDGE_CURVE('',#680,#1946,#3244,.T.);
#3244 = LINE('',#3245,#3246);
#3245 = CARTESIAN_POINT('',(182.3,-140.96,-4.6E-02));
#3246 = VECTOR('',#3247,1.);
#3247 = DIRECTION('',(0.,0.,1.));
#3248 = ORIENTED_EDGE('',*,*,#1945,.F.);
#3249 = ORIENTED_EDGE('',*,*,#3243,.F.);
#3250 = CYLINDRICAL_SURFACE('',#3251,0.85);
#3251 = AXIS2_PLACEMENT_3D('',#3252,#3253,#3254);
#3252 = CARTESIAN_POINT('',(182.3,-140.11,-4.6E-02));
#3253 = DIRECTION('',(-0.,-0.,-1.));
#3254 = DIRECTION('',(-0.,-1.,0.));
#3255 = ADVANCED_FACE('',(#3256),#3267,.F.);
#3256 = FACE_BOUND('',#3257,.T.);
#3257 = EDGE_LOOP('',(#3258,#3259,#3265,#3266));
#3258 = ORIENTED_EDGE('',*,*,#690,.T.);
#3259 = ORIENTED_EDGE('',*,*,#3260,.T.);
#3260 = EDGE_CURVE('',#691,#1957,#3261,.T.);
#3261 = LINE('',#3262,#3263);
#3262 = CARTESIAN_POINT('',(183.57,-138.32,-4.6E-02));
#3263 = VECTOR('',#3264,1.);
#3264 = DIRECTION('',(0.,0.,1.));
#3265 = ORIENTED_EDGE('',*,*,#1956,.F.);
#3266 = ORIENTED_EDGE('',*,*,#3260,.F.);
#3267 = CYLINDRICAL_SURFACE('',#3268,0.75);
#3268 = AXIS2_PLACEMENT_3D('',#3269,#3270,#3271);
#3269 = CARTESIAN_POINT('',(183.57,-137.57,-4.6E-02));
#3270 = DIRECTION('',(-0.,-0.,-1.));
#3271 = DIRECTION('',(-0.,-1.,0.));
#3272 = ADVANCED_FACE('',(#3273),#3284,.F.);
#3273 = FACE_BOUND('',#3274,.T.);
#3274 = EDGE_LOOP('',(#3275,#3276,#3282,#3283));
#3275 = ORIENTED_EDGE('',*,*,#701,.T.);
#3276 = ORIENTED_EDGE('',*,*,#3277,.T.);
#3277 = EDGE_CURVE('',#702,#1968,#3278,.T.);
#3278 = LINE('',#3279,#3280);
#3279 = CARTESIAN_POINT('',(187.38,-142.11,-4.6E-02));
#3280 = VECTOR('',#3281,1.);
#3281 = DIRECTION('',(0.,0.,1.));
#3282 = ORIENTED_EDGE('',*,*,#1967,.F.);
#3283 = ORIENTED_EDGE('',*,*,#3277,.F.);
#3284 = CYLINDRICAL_SURFACE('',#3285,2.);
#3285 = AXIS2_PLACEMENT_3D('',#3286,#3287,#3288);
#3286 = CARTESIAN_POINT('',(187.38,-140.11,-4.6E-02));
#3287 = DIRECTION('',(-0.,-0.,-1.));
#3288 = DIRECTION('',(-0.,-1.,0.));
#3289 = ADVANCED_FACE('',(#3290),#3301,.F.);
#3290 = FACE_BOUND('',#3291,.T.);
#3291 = EDGE_LOOP('',(#3292,#3293,#3299,#3300));
#3292 = ORIENTED_EDGE('',*,*,#712,.T.);
#3293 = ORIENTED_EDGE('',*,*,#3294,.T.);
#3294 = EDGE_CURVE('',#713,#1979,#3295,.T.);
#3295 = LINE('',#3296,#3297);
#3296 = CARTESIAN_POINT('',(192.46,-140.96,-4.6E-02));
#3297 = VECTOR('',#3298,1.);
#3298 = DIRECTION('',(0.,0.,1.));
#3299 = ORIENTED_EDGE('',*,*,#1978,.F.);
#3300 = ORIENTED_EDGE('',*,*,#3294,.F.);
#3301 = CYLINDRICAL_SURFACE('',#3302,0.85);
#3302 = AXIS2_PLACEMENT_3D('',#3303,#3304,#3305);
#3303 = CARTESIAN_POINT('',(192.46,-140.11,-4.6E-02));
#3304 = DIRECTION('',(-0.,-0.,-1.));
#3305 = DIRECTION('',(-0.,-1.,0.));
#3306 = ADVANCED_FACE('',(#3307),#3318,.F.);
#3307 = FACE_BOUND('',#3308,.T.);
#3308 = EDGE_LOOP('',(#3309,#3310,#3316,#3317));
#3309 = ORIENTED_EDGE('',*,*,#723,.T.);
#3310 = ORIENTED_EDGE('',*,*,#3311,.T.);
#3311 = EDGE_CURVE('',#724,#1990,#3312,.T.);
#3312 = LINE('',#3313,#3314);
#3313 = CARTESIAN_POINT('',(189.92,-135.78,-4.6E-02));
#3314 = VECTOR('',#3315,1.);
#3315 = DIRECTION('',(0.,0.,1.));
#3316 = ORIENTED_EDGE('',*,*,#1989,.F.);
#3317 = ORIENTED_EDGE('',*,*,#3311,.F.);
#3318 = CYLINDRICAL_SURFACE('',#3319,0.75);
#3319 = AXIS2_PLACEMENT_3D('',#3320,#3321,#3322);
#3320 = CARTESIAN_POINT('',(189.92,-135.03,-4.6E-02));
#3321 = DIRECTION('',(-0.,-0.,-1.));
#3322 = DIRECTION('',(-0.,-1.,0.));
#3323 = ADVANCED_FACE('',(#3324),#3335,.F.);
#3324 = FACE_BOUND('',#3325,.T.);
#3325 = EDGE_LOOP('',(#3326,#3327,#3333,#3334));
#3326 = ORIENTED_EDGE('',*,*,#734,.T.);
#3327 = ORIENTED_EDGE('',*,*,#3328,.T.);
#3328 = EDGE_CURVE('',#735,#2001,#3329,.T.);
#3329 = LINE('',#3330,#3331);
#3330 = CARTESIAN_POINT('',(163.38,-121.9,-4.6E-02));
#3331 = VECTOR('',#3332,1.);
#3332 = DIRECTION('',(0.,0.,1.));
#3333 = ORIENTED_EDGE('',*,*,#2000,.F.);
#3334 = ORIENTED_EDGE('',*,*,#3328,.F.);
#3335 = CYLINDRICAL_SURFACE('',#3336,0.85);
#3336 = AXIS2_PLACEMENT_3D('',#3337,#3338,#3339);
#3337 = CARTESIAN_POINT('',(163.38,-121.05,-4.6E-02));
#3338 = DIRECTION('',(-0.,-0.,-1.));
#3339 = DIRECTION('',(-0.,-1.,0.));
#3340 = ADVANCED_FACE('',(#3341),#3352,.F.);
#3341 = FACE_BOUND('',#3342,.T.);
#3342 = EDGE_LOOP('',(#3343,#3344,#3350,#3351));
#3343 = ORIENTED_EDGE('',*,*,#745,.T.);
#3344 = ORIENTED_EDGE('',*,*,#3345,.T.);
#3345 = EDGE_CURVE('',#746,#2012,#3346,.T.);
#3346 = LINE('',#3347,#3348);
#3347 = CARTESIAN_POINT('',(164.65,-119.26,-4.6E-02));
#3348 = VECTOR('',#3349,1.);
#3349 = DIRECTION('',(0.,0.,1.));
#3350 = ORIENTED_EDGE('',*,*,#2011,.F.);
#3351 = ORIENTED_EDGE('',*,*,#3345,.F.);
#3352 = CYLINDRICAL_SURFACE('',#3353,0.75);
#3353 = AXIS2_PLACEMENT_3D('',#3354,#3355,#3356);
#3354 = CARTESIAN_POINT('',(164.65,-118.51,-4.6E-02));
#3355 = DIRECTION('',(-0.,-0.,-1.));
#3356 = DIRECTION('',(-0.,-1.,0.));
#3357 = ADVANCED_FACE('',(#3358),#3369,.F.);
#3358 = FACE_BOUND('',#3359,.T.);
#3359 = EDGE_LOOP('',(#3360,#3361,#3367,#3368));
#3360 = ORIENTED_EDGE('',*,*,#756,.T.);
#3361 = ORIENTED_EDGE('',*,*,#3362,.T.);
#3362 = EDGE_CURVE('',#757,#2023,#3363,.T.);
#3363 = LINE('',#3364,#3365);
#3364 = CARTESIAN_POINT('',(168.46,-123.05,-4.6E-02));
#3365 = VECTOR('',#3366,1.);
#3366 = DIRECTION('',(0.,0.,1.));
#3367 = ORIENTED_EDGE('',*,*,#2022,.F.);
#3368 = ORIENTED_EDGE('',*,*,#3362,.F.);
#3369 = CYLINDRICAL_SURFACE('',#3370,2.);
#3370 = AXIS2_PLACEMENT_3D('',#3371,#3372,#3373);
#3371 = CARTESIAN_POINT('',(168.46,-121.05,-4.6E-02));
#3372 = DIRECTION('',(-0.,-0.,-1.));
#3373 = DIRECTION('',(-0.,-1.,0.));
#3374 = ADVANCED_FACE('',(#3375),#3386,.F.);
#3375 = FACE_BOUND('',#3376,.T.);
#3376 = EDGE_LOOP('',(#3377,#3378,#3384,#3385));
#3377 = ORIENTED_EDGE('',*,*,#767,.T.);
#3378 = ORIENTED_EDGE('',*,*,#3379,.T.);
#3379 = EDGE_CURVE('',#768,#2034,#3380,.T.);
#3380 = LINE('',#3381,#3382);
#3381 = CARTESIAN_POINT('',(171.,-116.72,-4.6E-02));
#3382 = VECTOR('',#3383,1.);
#3383 = DIRECTION('',(0.,0.,1.));
#3384 = ORIENTED_EDGE('',*,*,#2033,.F.);
#3385 = ORIENTED_EDGE('',*,*,#3379,.F.);
#3386 = CYLINDRICAL_SURFACE('',#3387,0.75);
#3387 = AXIS2_PLACEMENT_3D('',#3388,#3389,#3390);
#3388 = CARTESIAN_POINT('',(171.,-115.97,-4.6E-02));
#3389 = DIRECTION('',(-0.,-0.,-1.));
#3390 = DIRECTION('',(-0.,-1.,0.));
#3391 = ADVANCED_FACE('',(#3392),#3403,.F.);
#3392 = FACE_BOUND('',#3393,.T.);
#3393 = EDGE_LOOP('',(#3394,#3395,#3401,#3402));
#3394 = ORIENTED_EDGE('',*,*,#778,.T.);
#3395 = ORIENTED_EDGE('',*,*,#3396,.T.);
#3396 = EDGE_CURVE('',#779,#2045,#3397,.T.);
#3397 = LINE('',#3398,#3399);
#3398 = CARTESIAN_POINT('',(173.54,-121.9,-4.6E-02));
#3399 = VECTOR('',#3400,1.);
#3400 = DIRECTION('',(0.,0.,1.));
#3401 = ORIENTED_EDGE('',*,*,#2044,.F.);
#3402 = ORIENTED_EDGE('',*,*,#3396,.F.);
#3403 = CYLINDRICAL_SURFACE('',#3404,0.85);
#3404 = AXIS2_PLACEMENT_3D('',#3405,#3406,#3407);
#3405 = CARTESIAN_POINT('',(173.54,-121.05,-4.6E-02));
#3406 = DIRECTION('',(-0.,-0.,-1.));
#3407 = DIRECTION('',(-0.,-1.,0.));
#3408 = ADVANCED_FACE('',(#3409),#3420,.F.);
#3409 = FACE_BOUND('',#3410,.T.);
#3410 = EDGE_LOOP('',(#3411,#3412,#3418,#3419));
#3411 = ORIENTED_EDGE('',*,*,#789,.T.);
#3412 = ORIENTED_EDGE('',*,*,#3413,.T.);
#3413 = EDGE_CURVE('',#790,#2056,#3414,.T.);
#3414 = LINE('',#3415,#3416);
#3415 = CARTESIAN_POINT('',(163.5,-102.79,-4.6E-02));
#3416 = VECTOR('',#3417,1.);
#3417 = DIRECTION('',(0.,0.,1.));
#3418 = ORIENTED_EDGE('',*,*,#2055,.F.);
#3419 = ORIENTED_EDGE('',*,*,#3413,.F.);
#3420 = CYLINDRICAL_SURFACE('',#3421,0.85);
#3421 = AXIS2_PLACEMENT_3D('',#3422,#3423,#3424);
#3422 = CARTESIAN_POINT('',(163.5,-101.94,-4.6E-02));
#3423 = DIRECTION('',(-0.,-0.,-1.));
#3424 = DIRECTION('',(-0.,-1.,0.));
#3425 = ADVANCED_FACE('',(#3426),#3437,.F.);
#3426 = FACE_BOUND('',#3427,.T.);
#3427 = EDGE_LOOP('',(#3428,#3429,#3435,#3436));
#3428 = ORIENTED_EDGE('',*,*,#800,.T.);
#3429 = ORIENTED_EDGE('',*,*,#3430,.T.);
#3430 = EDGE_CURVE('',#801,#2067,#3431,.T.);
#3431 = LINE('',#3432,#3433);
#3432 = CARTESIAN_POINT('',(168.58,-103.94,-4.6E-02));
#3433 = VECTOR('',#3434,1.);
#3434 = DIRECTION('',(0.,0.,1.));
#3435 = ORIENTED_EDGE('',*,*,#2066,.F.);
#3436 = ORIENTED_EDGE('',*,*,#3430,.F.);
#3437 = CYLINDRICAL_SURFACE('',#3438,2.);
#3438 = AXIS2_PLACEMENT_3D('',#3439,#3440,#3441);
#3439 = CARTESIAN_POINT('',(168.58,-101.94,-4.6E-02));
#3440 = DIRECTION('',(-0.,-0.,-1.));
#3441 = DIRECTION('',(-0.,-1.,0.));
#3442 = ADVANCED_FACE('',(#3443),#3454,.F.);
#3443 = FACE_BOUND('',#3444,.T.);
#3444 = EDGE_LOOP('',(#3445,#3446,#3452,#3453));
#3445 = ORIENTED_EDGE('',*,*,#811,.T.);
#3446 = ORIENTED_EDGE('',*,*,#3447,.T.);
#3447 = EDGE_CURVE('',#812,#2078,#3448,.T.);
#3448 = LINE('',#3449,#3450);
#3449 = CARTESIAN_POINT('',(173.66,-102.79,-4.6E-02));
#3450 = VECTOR('',#3451,1.);
#3451 = DIRECTION('',(0.,0.,1.));
#3452 = ORIENTED_EDGE('',*,*,#2077,.F.);
#3453 = ORIENTED_EDGE('',*,*,#3447,.F.);
#3454 = CYLINDRICAL_SURFACE('',#3455,0.85);
#3455 = AXIS2_PLACEMENT_3D('',#3456,#3457,#3458);
#3456 = CARTESIAN_POINT('',(173.66,-101.94,-4.6E-02));
#3457 = DIRECTION('',(-0.,-0.,-1.));
#3458 = DIRECTION('',(-0.,-1.,0.));
#3459 = ADVANCED_FACE('',(#3460),#3471,.F.);
#3460 = FACE_BOUND('',#3461,.T.);
#3461 = EDGE_LOOP('',(#3462,#3463,#3469,#3470));
#3462 = ORIENTED_EDGE('',*,*,#822,.T.);
#3463 = ORIENTED_EDGE('',*,*,#3464,.T.);
#3464 = EDGE_CURVE('',#823,#2089,#3465,.T.);
#3465 = LINE('',#3466,#3467);
#3466 = CARTESIAN_POINT('',(182.44,-121.91,-4.6E-02));
#3467 = VECTOR('',#3468,1.);
#3468 = DIRECTION('',(0.,0.,1.));
#3469 = ORIENTED_EDGE('',*,*,#2088,.F.);
#3470 = ORIENTED_EDGE('',*,*,#3464,.F.);
#3471 = CYLINDRICAL_SURFACE('',#3472,0.85);
#3472 = AXIS2_PLACEMENT_3D('',#3473,#3474,#3475);
#3473 = CARTESIAN_POINT('',(182.44,-121.06,-4.6E-02));
#3474 = DIRECTION('',(-0.,-0.,-1.));
#3475 = DIRECTION('',(-0.,-1.,0.));
#3476 = ADVANCED_FACE('',(#3477),#3488,.F.);
#3477 = FACE_BOUND('',#3478,.T.);
#3478 = EDGE_LOOP('',(#3479,#3480,#3486,#3487));
#3479 = ORIENTED_EDGE('',*,*,#833,.T.);
#3480 = ORIENTED_EDGE('',*,*,#3481,.T.);
#3481 = EDGE_CURVE('',#834,#2100,#3482,.T.);
#3482 = LINE('',#3483,#3484);
#3483 = CARTESIAN_POINT('',(183.71,-119.27,-4.6E-02));
#3484 = VECTOR('',#3485,1.);
#3485 = DIRECTION('',(0.,0.,1.));
#3486 = ORIENTED_EDGE('',*,*,#2099,.F.);
#3487 = ORIENTED_EDGE('',*,*,#3481,.F.);
#3488 = CYLINDRICAL_SURFACE('',#3489,0.75);
#3489 = AXIS2_PLACEMENT_3D('',#3490,#3491,#3492);
#3490 = CARTESIAN_POINT('',(183.71,-118.52,-4.6E-02));
#3491 = DIRECTION('',(-0.,-0.,-1.));
#3492 = DIRECTION('',(-0.,-1.,0.));
#3493 = ADVANCED_FACE('',(#3494),#3505,.F.);
#3494 = FACE_BOUND('',#3495,.T.);
#3495 = EDGE_LOOP('',(#3496,#3497,#3503,#3504));
#3496 = ORIENTED_EDGE('',*,*,#844,.T.);
#3497 = ORIENTED_EDGE('',*,*,#3498,.T.);
#3498 = EDGE_CURVE('',#845,#2111,#3499,.T.);
#3499 = LINE('',#3500,#3501);
#3500 = CARTESIAN_POINT('',(187.52,-123.06,-4.6E-02));
#3501 = VECTOR('',#3502,1.);
#3502 = DIRECTION('',(0.,0.,1.));
#3503 = ORIENTED_EDGE('',*,*,#2110,.F.);
#3504 = ORIENTED_EDGE('',*,*,#3498,.F.);
#3505 = CYLINDRICAL_SURFACE('',#3506,2.);
#3506 = AXIS2_PLACEMENT_3D('',#3507,#3508,#3509);
#3507 = CARTESIAN_POINT('',(187.52,-121.06,-4.6E-02));
#3508 = DIRECTION('',(-0.,-0.,-1.));
#3509 = DIRECTION('',(-0.,-1.,0.));
#3510 = ADVANCED_FACE('',(#3511),#3522,.F.);
#3511 = FACE_BOUND('',#3512,.T.);
#3512 = EDGE_LOOP('',(#3513,#3514,#3520,#3521));
#3513 = ORIENTED_EDGE('',*,*,#855,.T.);
#3514 = ORIENTED_EDGE('',*,*,#3515,.T.);
#3515 = EDGE_CURVE('',#856,#2122,#3516,.T.);
#3516 = LINE('',#3517,#3518);
#3517 = CARTESIAN_POINT('',(192.6,-121.91,-4.6E-02));
#3518 = VECTOR('',#3519,1.);
#3519 = DIRECTION('',(0.,0.,1.));
#3520 = ORIENTED_EDGE('',*,*,#2121,.F.);
#3521 = ORIENTED_EDGE('',*,*,#3515,.F.);
#3522 = CYLINDRICAL_SURFACE('',#3523,0.85);
#3523 = AXIS2_PLACEMENT_3D('',#3524,#3525,#3526);
#3524 = CARTESIAN_POINT('',(192.6,-121.06,-4.6E-02));
#3525 = DIRECTION('',(-0.,-0.,-1.));
#3526 = DIRECTION('',(-0.,-1.,0.));
#3527 = ADVANCED_FACE('',(#3528),#3539,.F.);
#3528 = FACE_BOUND('',#3529,.T.);
#3529 = EDGE_LOOP('',(#3530,#3531,#3537,#3538));
#3530 = ORIENTED_EDGE('',*,*,#866,.T.);
#3531 = ORIENTED_EDGE('',*,*,#3532,.T.);
#3532 = EDGE_CURVE('',#867,#2133,#3533,.T.);
#3533 = LINE('',#3534,#3535);
#3534 = CARTESIAN_POINT('',(190.06,-116.73,-4.6E-02));
#3535 = VECTOR('',#3536,1.);
#3536 = DIRECTION('',(0.,0.,1.));
#3537 = ORIENTED_EDGE('',*,*,#2132,.F.);
#3538 = ORIENTED_EDGE('',*,*,#3532,.F.);
#3539 = CYLINDRICAL_SURFACE('',#3540,0.75);
#3540 = AXIS2_PLACEMENT_3D('',#3541,#3542,#3543);
#3541 = CARTESIAN_POINT('',(190.06,-115.98,-4.6E-02));
#3542 = DIRECTION('',(-0.,-0.,-1.));
#3543 = DIRECTION('',(-0.,-1.,0.));
#3544 = ADVANCED_FACE('',(#3545),#3556,.F.);
#3545 = FACE_BOUND('',#3546,.T.);
#3546 = EDGE_LOOP('',(#3547,#3548,#3554,#3555));
#3547 = ORIENTED_EDGE('',*,*,#877,.T.);
#3548 = ORIENTED_EDGE('',*,*,#3549,.T.);
#3549 = EDGE_CURVE('',#878,#2144,#3550,.T.);
#3550 = LINE('',#3551,#3552);
#3551 = CARTESIAN_POINT('',(182.56,-102.8,-4.6E-02));
#3552 = VECTOR('',#3553,1.);
#3553 = DIRECTION('',(0.,0.,1.));
#3554 = ORIENTED_EDGE('',*,*,#2143,.F.);
#3555 = ORIENTED_EDGE('',*,*,#3549,.F.);
#3556 = CYLINDRICAL_SURFACE('',#3557,0.85);
#3557 = AXIS2_PLACEMENT_3D('',#3558,#3559,#3560);
#3558 = CARTESIAN_POINT('',(182.56,-101.95,-4.6E-02));
#3559 = DIRECTION('',(-0.,-0.,-1.));
#3560 = DIRECTION('',(-0.,-1.,0.));
#3561 = ADVANCED_FACE('',(#3562),#3573,.F.);
#3562 = FACE_BOUND('',#3563,.T.);
#3563 = EDGE_LOOP('',(#3564,#3565,#3571,#3572));
#3564 = ORIENTED_EDGE('',*,*,#888,.T.);
#3565 = ORIENTED_EDGE('',*,*,#3566,.T.);
#3566 = EDGE_CURVE('',#889,#2155,#3567,.T.);
#3567 = LINE('',#3568,#3569);
#3568 = CARTESIAN_POINT('',(187.64,-103.95,-4.6E-02));
#3569 = VECTOR('',#3570,1.);
#3570 = DIRECTION('',(0.,0.,1.));
#3571 = ORIENTED_EDGE('',*,*,#2154,.F.);
#3572 = ORIENTED_EDGE('',*,*,#3566,.F.);
#3573 = CYLINDRICAL_SURFACE('',#3574,2.);
#3574 = AXIS2_PLACEMENT_3D('',#3575,#3576,#3577);
#3575 = CARTESIAN_POINT('',(187.64,-101.95,-4.6E-02));
#3576 = DIRECTION('',(-0.,-0.,-1.));
#3577 = DIRECTION('',(-0.,-1.,0.));
#3578 = ADVANCED_FACE('',(#3579),#3590,.F.);
#3579 = FACE_BOUND('',#3580,.T.);
#3580 = EDGE_LOOP('',(#3581,#3582,#3588,#3589));
#3581 = ORIENTED_EDGE('',*,*,#899,.T.);
#3582 = ORIENTED_EDGE('',*,*,#3583,.T.);
#3583 = EDGE_CURVE('',#900,#2166,#3584,.T.);
#3584 = LINE('',#3585,#3586);
#3585 = CARTESIAN_POINT('',(192.72,-102.8,-4.6E-02));
#3586 = VECTOR('',#3587,1.);
#3587 = DIRECTION('',(0.,0.,1.));
#3588 = ORIENTED_EDGE('',*,*,#2165,.F.);
#3589 = ORIENTED_EDGE('',*,*,#3583,.F.);
#3590 = CYLINDRICAL_SURFACE('',#3591,0.85);
#3591 = AXIS2_PLACEMENT_3D('',#3592,#3593,#3594);
#3592 = CARTESIAN_POINT('',(192.72,-101.95,-4.6E-02));
#3593 = DIRECTION('',(-0.,-0.,-1.));
#3594 = DIRECTION('',(-0.,-1.,0.));
#3595 = ADVANCED_FACE('',(#3596),#3607,.F.);
#3596 = FACE_BOUND('',#3597,.T.);
#3597 = EDGE_LOOP('',(#3598,#3599,#3605,#3606));
#3598 = ORIENTED_EDGE('',*,*,#910,.T.);
#3599 = ORIENTED_EDGE('',*,*,#3600,.T.);
#3600 = EDGE_CURVE('',#911,#2177,#3601,.T.);
#3601 = LINE('',#3602,#3603);
#3602 = CARTESIAN_POINT('',(201.41,-140.95,-4.6E-02));
#3603 = VECTOR('',#3604,1.);
#3604 = DIRECTION('',(0.,0.,1.));
#3605 = ORIENTED_EDGE('',*,*,#2176,.F.);
#3606 = ORIENTED_EDGE('',*,*,#3600,.F.);
#3607 = CYLINDRICAL_SURFACE('',#3608,0.85);
#3608 = AXIS2_PLACEMENT_3D('',#3609,#3610,#3611);
#3609 = CARTESIAN_POINT('',(201.41,-140.1,-4.6E-02));
#3610 = DIRECTION('',(-0.,-0.,-1.));
#3611 = DIRECTION('',(-0.,-1.,0.));
#3612 = ADVANCED_FACE('',(#3613),#3624,.F.);
#3613 = FACE_BOUND('',#3614,.T.);
#3614 = EDGE_LOOP('',(#3615,#3616,#3622,#3623));
#3615 = ORIENTED_EDGE('',*,*,#921,.T.);
#3616 = ORIENTED_EDGE('',*,*,#3617,.T.);
#3617 = EDGE_CURVE('',#922,#2188,#3618,.T.);
#3618 = LINE('',#3619,#3620);
#3619 = CARTESIAN_POINT('',(206.49,-142.1,-4.6E-02));
#3620 = VECTOR('',#3621,1.);
#3621 = DIRECTION('',(0.,0.,1.));
#3622 = ORIENTED_EDGE('',*,*,#2187,.F.);
#3623 = ORIENTED_EDGE('',*,*,#3617,.F.);
#3624 = CYLINDRICAL_SURFACE('',#3625,2.);
#3625 = AXIS2_PLACEMENT_3D('',#3626,#3627,#3628);
#3626 = CARTESIAN_POINT('',(206.49,-140.1,-4.6E-02));
#3627 = DIRECTION('',(-0.,-0.,-1.));
#3628 = DIRECTION('',(-0.,-1.,0.));
#3629 = ADVANCED_FACE('',(#3630),#3641,.F.);
#3630 = FACE_BOUND('',#3631,.T.);
#3631 = EDGE_LOOP('',(#3632,#3633,#3639,#3640));
#3632 = ORIENTED_EDGE('',*,*,#932,.T.);
#3633 = ORIENTED_EDGE('',*,*,#3634,.T.);
#3634 = EDGE_CURVE('',#933,#2199,#3635,.T.);
#3635 = LINE('',#3636,#3637);
#3636 = CARTESIAN_POINT('',(202.68,-138.31,-4.6E-02));
#3637 = VECTOR('',#3638,1.);
#3638 = DIRECTION('',(0.,0.,1.));
#3639 = ORIENTED_EDGE('',*,*,#2198,.F.);
#3640 = ORIENTED_EDGE('',*,*,#3634,.F.);
#3641 = CYLINDRICAL_SURFACE('',#3642,0.75);
#3642 = AXIS2_PLACEMENT_3D('',#3643,#3644,#3645);
#3643 = CARTESIAN_POINT('',(202.68,-137.56,-4.6E-02));
#3644 = DIRECTION('',(-0.,-0.,-1.));
#3645 = DIRECTION('',(-0.,-1.,0.));
#3646 = ADVANCED_FACE('',(#3647),#3658,.F.);
#3647 = FACE_BOUND('',#3648,.T.);
#3648 = EDGE_LOOP('',(#3649,#3650,#3656,#3657));
#3649 = ORIENTED_EDGE('',*,*,#943,.T.);
#3650 = ORIENTED_EDGE('',*,*,#3651,.T.);
#3651 = EDGE_CURVE('',#944,#2210,#3652,.T.);
#3652 = LINE('',#3653,#3654);
#3653 = CARTESIAN_POINT('',(211.57,-140.95,-4.6E-02));
#3654 = VECTOR('',#3655,1.);
#3655 = DIRECTION('',(0.,0.,1.));
#3656 = ORIENTED_EDGE('',*,*,#2209,.F.);
#3657 = ORIENTED_EDGE('',*,*,#3651,.F.);
#3658 = CYLINDRICAL_SURFACE('',#3659,0.85);
#3659 = AXIS2_PLACEMENT_3D('',#3660,#3661,#3662);
#3660 = CARTESIAN_POINT('',(211.57,-140.1,-4.6E-02));
#3661 = DIRECTION('',(-0.,-0.,-1.));
#3662 = DIRECTION('',(-0.,-1.,0.));
#3663 = ADVANCED_FACE('',(#3664),#3675,.F.);
#3664 = FACE_BOUND('',#3665,.T.);
#3665 = EDGE_LOOP('',(#3666,#3667,#3673,#3674));
#3666 = ORIENTED_EDGE('',*,*,#954,.T.);
#3667 = ORIENTED_EDGE('',*,*,#3668,.T.);
#3668 = EDGE_CURVE('',#955,#2221,#3669,.T.);
#3669 = LINE('',#3670,#3671);
#3670 = CARTESIAN_POINT('',(209.03,-135.77,-4.6E-02));
#3671 = VECTOR('',#3672,1.);
#3672 = DIRECTION('',(0.,0.,1.));
#3673 = ORIENTED_EDGE('',*,*,#2220,.F.);
#3674 = ORIENTED_EDGE('',*,*,#3668,.F.);
#3675 = CYLINDRICAL_SURFACE('',#3676,0.75);
#3676 = AXIS2_PLACEMENT_3D('',#3677,#3678,#3679);
#3677 = CARTESIAN_POINT('',(209.03,-135.02,-4.6E-02));
#3678 = DIRECTION('',(-0.,-0.,-1.));
#3679 = DIRECTION('',(-0.,-1.,0.));
#3680 = ADVANCED_FACE('',(#3681),#3692,.F.);
#3681 = FACE_BOUND('',#3682,.T.);
#3682 = EDGE_LOOP('',(#3683,#3684,#3690,#3691));
#3683 = ORIENTED_EDGE('',*,*,#965,.T.);
#3684 = ORIENTED_EDGE('',*,*,#3685,.T.);
#3685 = EDGE_CURVE('',#966,#2232,#3686,.T.);
#3686 = LINE('',#3687,#3688);
#3687 = CARTESIAN_POINT('',(218.95,-143.45,-4.6E-02));
#3688 = VECTOR('',#3689,1.);
#3689 = DIRECTION('',(0.,0.,1.));
#3690 = ORIENTED_EDGE('',*,*,#2231,.F.);
#3691 = ORIENTED_EDGE('',*,*,#3685,.F.);
#3692 = CYLINDRICAL_SURFACE('',#3693,0.5);
#3693 = AXIS2_PLACEMENT_3D('',#3694,#3695,#3696);
#3694 = CARTESIAN_POINT('',(218.95,-142.95,-4.6E-02));
#3695 = DIRECTION('',(-0.,-0.,-1.));
#3696 = DIRECTION('',(-0.,-1.,0.));
#3697 = ADVANCED_FACE('',(#3698),#3709,.F.);
#3698 = FACE_BOUND('',#3699,.T.);
#3699 = EDGE_LOOP('',(#3700,#3701,#3707,#3708));
#3700 = ORIENTED_EDGE('',*,*,#976,.T.);
#3701 = ORIENTED_EDGE('',*,*,#3702,.T.);
#3702 = EDGE_CURVE('',#977,#2243,#3703,.T.);
#3703 = LINE('',#3704,#3705);
#3704 = CARTESIAN_POINT('',(218.95,-140.95,-4.6E-02));
#3705 = VECTOR('',#3706,1.);
#3706 = DIRECTION('',(0.,0.,1.));
#3707 = ORIENTED_EDGE('',*,*,#2242,.F.);
#3708 = ORIENTED_EDGE('',*,*,#3702,.F.);
#3709 = CYLINDRICAL_SURFACE('',#3710,0.5);
#3710 = AXIS2_PLACEMENT_3D('',#3711,#3712,#3713);
#3711 = CARTESIAN_POINT('',(218.95,-140.45,-4.6E-02));
#3712 = DIRECTION('',(-0.,-0.,-1.));
#3713 = DIRECTION('',(-0.,-1.,0.));
#3714 = ADVANCED_FACE('',(#3715),#3726,.F.);
#3715 = FACE_BOUND('',#3716,.T.);
#3716 = EDGE_LOOP('',(#3717,#3718,#3724,#3725));
#3717 = ORIENTED_EDGE('',*,*,#987,.T.);
#3718 = ORIENTED_EDGE('',*,*,#3719,.T.);
#3719 = EDGE_CURVE('',#988,#2254,#3720,.T.);
#3720 = LINE('',#3721,#3722);
#3721 = CARTESIAN_POINT('',(218.95,-138.45,-4.6E-02));
#3722 = VECTOR('',#3723,1.);
#3723 = DIRECTION('',(0.,0.,1.));
#3724 = ORIENTED_EDGE('',*,*,#2253,.F.);
#3725 = ORIENTED_EDGE('',*,*,#3719,.F.);
#3726 = CYLINDRICAL_SURFACE('',#3727,0.5);
#3727 = AXIS2_PLACEMENT_3D('',#3728,#3729,#3730);
#3728 = CARTESIAN_POINT('',(218.95,-137.95,-4.6E-02));
#3729 = DIRECTION('',(-0.,-0.,-1.));
#3730 = DIRECTION('',(-0.,-1.,0.));
#3731 = ADVANCED_FACE('',(#3732),#3748,.F.);
#3732 = FACE_BOUND('',#3733,.T.);
#3733 = EDGE_LOOP('',(#3734,#3735,#3741,#3742));
#3734 = ORIENTED_EDGE('',*,*,#998,.T.);
#3735 = ORIENTED_EDGE('',*,*,#3736,.T.);
#3736 = EDGE_CURVE('',#1001,#2267,#3737,.T.);
#3737 = LINE('',#3738,#3739);
#3738 = CARTESIAN_POINT('',(227.1,-146.8,-4.6E-02));
#3739 = VECTOR('',#3740,1.);
#3740 = DIRECTION('',(0.,0.,1.));
#3741 = ORIENTED_EDGE('',*,*,#2264,.F.);
#3742 = ORIENTED_EDGE('',*,*,#3743,.F.);
#3743 = EDGE_CURVE('',#999,#2265,#3744,.T.);
#3744 = LINE('',#3745,#3746);
#3745 = CARTESIAN_POINT('',(227.1,-145.3,-4.6E-02));
#3746 = VECTOR('',#3747,1.);
#3747 = DIRECTION('',(0.,0.,1.));
#3748 = CYLINDRICAL_SURFACE('',#3749,0.75);
#3749 = AXIS2_PLACEMENT_3D('',#3750,#3751,#3752);
#3750 = CARTESIAN_POINT('',(227.1,-146.05,-4.6E-02));
#3751 = DIRECTION('',(-0.,-0.,-1.));
#3752 = DIRECTION('',(-0.,-1.,0.));
#3753 = ADVANCED_FACE('',(#3754),#3765,.T.);
#3754 = FACE_BOUND('',#3755,.T.);
#3755 = EDGE_LOOP('',(#3756,#3757,#3758,#3759));
#3756 = ORIENTED_EDGE('',*,*,#1026,.T.);
#3757 = ORIENTED_EDGE('',*,*,#3743,.T.);
#3758 = ORIENTED_EDGE('',*,*,#2292,.F.);
#3759 = ORIENTED_EDGE('',*,*,#3760,.F.);
#3760 = EDGE_CURVE('',#1018,#2284,#3761,.T.);
#3761 = LINE('',#3762,#3763);
#3762 = CARTESIAN_POINT('',(225.8,-145.3,-4.6E-02));
#3763 = VECTOR('',#3764,1.);
#3764 = DIRECTION('',(0.,0.,1.));
#3765 = PLANE('',#3766);
#3766 = AXIS2_PLACEMENT_3D('',#3767,#3768,#3769);
#3767 = CARTESIAN_POINT('',(227.1,-145.3,-4.6E-02));
#3768 = DIRECTION('',(0.,-1.,0.));
#3769 = DIRECTION('',(-1.,0.,0.));
#3770 = ADVANCED_FACE('',(#3771),#3782,.F.);
#3771 = FACE_BOUND('',#3772,.T.);
#3772 = EDGE_LOOP('',(#3773,#3774,#3775,#3776));
#3773 = ORIENTED_EDGE('',*,*,#1017,.T.);
#3774 = ORIENTED_EDGE('',*,*,#3760,.T.);
#3775 = ORIENTED_EDGE('',*,*,#2283,.F.);
#3776 = ORIENTED_EDGE('',*,*,#3777,.F.);
#3777 = EDGE_CURVE('',#1010,#2276,#3778,.T.);
#3778 = LINE('',#3779,#3780);
#3779 = CARTESIAN_POINT('',(225.8,-146.8,-4.6E-02));
#3780 = VECTOR('',#3781,1.);
#3781 = DIRECTION('',(0.,0.,1.));
#3782 = CYLINDRICAL_SURFACE('',#3783,0.75);
#3783 = AXIS2_PLACEMENT_3D('',#3784,#3785,#3786);
#3784 = CARTESIAN_POINT('',(225.8,-146.05,-4.6E-02));
#3785 = DIRECTION('',(-0.,0.,-1.));
#3786 = DIRECTION('',(0.,1.,0.));
#3787 = ADVANCED_FACE('',(#3788),#3794,.T.);
#3788 = FACE_BOUND('',#3789,.T.);
#3789 = EDGE_LOOP('',(#3790,#3791,#3792,#3793));
#3790 = ORIENTED_EDGE('',*,*,#1009,.T.);
#3791 = ORIENTED_EDGE('',*,*,#3777,.T.);
#3792 = ORIENTED_EDGE('',*,*,#2275,.F.);
#3793 = ORIENTED_EDGE('',*,*,#3736,.F.);
#3794 = PLANE('',#3795);
#3795 = AXIS2_PLACEMENT_3D('',#3796,#3797,#3798);
#3796 = CARTESIAN_POINT('',(225.8,-146.8,-4.6E-02));
#3797 = DIRECTION('',(0.,1.,0.));
#3798 = DIRECTION('',(1.,0.,0.));
#3799 = ADVANCED_FACE('',(#3800),#3811,.F.);
#3800 = FACE_BOUND('',#3801,.T.);
#3801 = EDGE_LOOP('',(#3802,#3803,#3809,#3810));
#3802 = ORIENTED_EDGE('',*,*,#1034,.T.);
#3803 = ORIENTED_EDGE('',*,*,#3804,.T.);
#3804 = EDGE_CURVE('',#1035,#2301,#3805,.T.);
#3805 = LINE('',#3806,#3807);
#3806 = CARTESIAN_POINT('',(233.45,-143.45,-4.6E-02));
#3807 = VECTOR('',#3808,1.);
#3808 = DIRECTION('',(0.,0.,1.));
#3809 = ORIENTED_EDGE('',*,*,#2300,.F.);
#3810 = ORIENTED_EDGE('',*,*,#3804,.F.);
#3811 = CYLINDRICAL_SURFACE('',#3812,0.5);
#3812 = AXIS2_PLACEMENT_3D('',#3813,#3814,#3815);
#3813 = CARTESIAN_POINT('',(233.45,-142.95,-4.6E-02));
#3814 = DIRECTION('',(-0.,-0.,-1.));
#3815 = DIRECTION('',(-0.,-1.,0.));
#3816 = ADVANCED_FACE('',(#3817),#3828,.F.);
#3817 = FACE_BOUND('',#3818,.T.);
#3818 = EDGE_LOOP('',(#3819,#3820,#3826,#3827));
#3819 = ORIENTED_EDGE('',*,*,#1045,.T.);
#3820 = ORIENTED_EDGE('',*,*,#3821,.T.);
#3821 = EDGE_CURVE('',#1046,#2312,#3822,.T.);
#3822 = LINE('',#3823,#3824);
#3823 = CARTESIAN_POINT('',(233.45,-138.45,-4.6E-02));
#3824 = VECTOR('',#3825,1.);
#3825 = DIRECTION('',(0.,0.,1.));
#3826 = ORIENTED_EDGE('',*,*,#2311,.F.);
#3827 = ORIENTED_EDGE('',*,*,#3821,.F.);
#3828 = CYLINDRICAL_SURFACE('',#3829,0.5);
#3829 = AXIS2_PLACEMENT_3D('',#3830,#3831,#3832);
#3830 = CARTESIAN_POINT('',(233.45,-137.95,-4.6E-02));
#3831 = DIRECTION('',(-0.,-0.,-1.));
#3832 = DIRECTION('',(-0.,-1.,0.));
#3833 = ADVANCED_FACE('',(#3834),#3850,.F.);
#3834 = FACE_BOUND('',#3835,.T.);
#3835 = EDGE_LOOP('',(#3836,#3837,#3843,#3844));
#3836 = ORIENTED_EDGE('',*,*,#1056,.T.);
#3837 = ORIENTED_EDGE('',*,*,#3838,.T.);
#3838 = EDGE_CURVE('',#1059,#2325,#3839,.T.);
#3839 = LINE('',#3840,#3841);
#3840 = CARTESIAN_POINT('',(227.1,-135.6,-4.6E-02));
#3841 = VECTOR('',#3842,1.);
#3842 = DIRECTION('',(0.,0.,1.));
#3843 = ORIENTED_EDGE('',*,*,#2322,.F.);
#3844 = ORIENTED_EDGE('',*,*,#3845,.F.);
#3845 = EDGE_CURVE('',#1057,#2323,#3846,.T.);
#3846 = LINE('',#3847,#3848);
#3847 = CARTESIAN_POINT('',(227.1,-134.1,-4.6E-02));
#3848 = VECTOR('',#3849,1.);
#3849 = DIRECTION('',(0.,0.,1.));
#3850 = CYLINDRICAL_SURFACE('',#3851,0.75);
#3851 = AXIS2_PLACEMENT_3D('',#3852,#3853,#3854);
#3852 = CARTESIAN_POINT('',(227.1,-134.85,-4.6E-02));
#3853 = DIRECTION('',(-0.,-0.,-1.));
#3854 = DIRECTION('',(-0.,-1.,0.));
#3855 = ADVANCED_FACE('',(#3856),#3867,.T.);
#3856 = FACE_BOUND('',#3857,.T.);
#3857 = EDGE_LOOP('',(#3858,#3859,#3860,#3861));
#3858 = ORIENTED_EDGE('',*,*,#1084,.T.);
#3859 = ORIENTED_EDGE('',*,*,#3845,.T.);
#3860 = ORIENTED_EDGE('',*,*,#2350,.F.);
#3861 = ORIENTED_EDGE('',*,*,#3862,.F.);
#3862 = EDGE_CURVE('',#1076,#2342,#3863,.T.);
#3863 = LINE('',#3864,#3865);
#3864 = CARTESIAN_POINT('',(225.8,-134.1,-4.6E-02));
#3865 = VECTOR('',#3866,1.);
#3866 = DIRECTION('',(0.,0.,1.));
#3867 = PLANE('',#3868);
#3868 = AXIS2_PLACEMENT_3D('',#3869,#3870,#3871);
#3869 = CARTESIAN_POINT('',(227.1,-134.1,-4.6E-02));
#3870 = DIRECTION('',(0.,-1.,0.));
#3871 = DIRECTION('',(-1.,0.,0.));
#3872 = ADVANCED_FACE('',(#3873),#3884,.F.);
#3873 = FACE_BOUND('',#3874,.T.);
#3874 = EDGE_LOOP('',(#3875,#3876,#3877,#3878));
#3875 = ORIENTED_EDGE('',*,*,#1075,.T.);
#3876 = ORIENTED_EDGE('',*,*,#3862,.T.);
#3877 = ORIENTED_EDGE('',*,*,#2341,.F.);
#3878 = ORIENTED_EDGE('',*,*,#3879,.F.);
#3879 = EDGE_CURVE('',#1068,#2334,#3880,.T.);
#3880 = LINE('',#3881,#3882);
#3881 = CARTESIAN_POINT('',(225.8,-135.6,-4.6E-02));
#3882 = VECTOR('',#3883,1.);
#3883 = DIRECTION('',(0.,0.,1.));
#3884 = CYLINDRICAL_SURFACE('',#3885,0.75);
#3885 = AXIS2_PLACEMENT_3D('',#3886,#3887,#3888);
#3886 = CARTESIAN_POINT('',(225.8,-134.85,-4.6E-02));
#3887 = DIRECTION('',(-0.,0.,-1.));
#3888 = DIRECTION('',(0.,1.,0.));
#3889 = ADVANCED_FACE('',(#3890),#3896,.T.);
#3890 = FACE_BOUND('',#3891,.T.);
#3891 = EDGE_LOOP('',(#3892,#3893,#3894,#3895));
#3892 = ORIENTED_EDGE('',*,*,#1067,.T.);
#3893 = ORIENTED_EDGE('',*,*,#3879,.T.);
#3894 = ORIENTED_EDGE('',*,*,#2333,.F.);
#3895 = ORIENTED_EDGE('',*,*,#3838,.F.);
#3896 = PLANE('',#3897);
#3897 = AXIS2_PLACEMENT_3D('',#3898,#3899,#3900);
#3898 = CARTESIAN_POINT('',(225.8,-135.6,-4.6E-02));
#3899 = DIRECTION('',(0.,1.,0.));
#3900 = DIRECTION('',(1.,0.,0.));
#3901 = ADVANCED_FACE('',(#3902),#3913,.F.);
#3902 = FACE_BOUND('',#3903,.T.);
#3903 = EDGE_LOOP('',(#3904,#3905,#3911,#3912));
#3904 = ORIENTED_EDGE('',*,*,#1092,.T.);
#3905 = ORIENTED_EDGE('',*,*,#3906,.T.);
#3906 = EDGE_CURVE('',#1093,#2359,#3907,.T.);
#3907 = LINE('',#3908,#3909);
#3908 = CARTESIAN_POINT('',(201.55,-121.9,-4.6E-02));
#3909 = VECTOR('',#3910,1.);
#3910 = DIRECTION('',(0.,0.,1.));
#3911 = ORIENTED_EDGE('',*,*,#2358,.F.);
#3912 = ORIENTED_EDGE('',*,*,#3906,.F.);
#3913 = CYLINDRICAL_SURFACE('',#3914,0.85);
#3914 = AXIS2_PLACEMENT_3D('',#3915,#3916,#3917);
#3915 = CARTESIAN_POINT('',(201.55,-121.05,-4.6E-02));
#3916 = DIRECTION('',(-0.,-0.,-1.));
#3917 = DIRECTION('',(-0.,-1.,0.));
#3918 = ADVANCED_FACE('',(#3919),#3930,.F.);
#3919 = FACE_BOUND('',#3920,.T.);
#3920 = EDGE_LOOP('',(#3921,#3922,#3928,#3929));
#3921 = ORIENTED_EDGE('',*,*,#1103,.T.);
#3922 = ORIENTED_EDGE('',*,*,#3923,.T.);
#3923 = EDGE_CURVE('',#1104,#2370,#3924,.T.);
#3924 = LINE('',#3925,#3926);
#3925 = CARTESIAN_POINT('',(206.63,-123.05,-4.6E-02));
#3926 = VECTOR('',#3927,1.);
#3927 = DIRECTION('',(0.,0.,1.));
#3928 = ORIENTED_EDGE('',*,*,#2369,.F.);
#3929 = ORIENTED_EDGE('',*,*,#3923,.F.);
#3930 = CYLINDRICAL_SURFACE('',#3931,2.);
#3931 = AXIS2_PLACEMENT_3D('',#3932,#3933,#3934);
#3932 = CARTESIAN_POINT('',(206.63,-121.05,-4.6E-02));
#3933 = DIRECTION('',(-0.,-0.,-1.));
#3934 = DIRECTION('',(-0.,-1.,0.));
#3935 = ADVANCED_FACE('',(#3936),#3947,.F.);
#3936 = FACE_BOUND('',#3937,.T.);
#3937 = EDGE_LOOP('',(#3938,#3939,#3945,#3946));
#3938 = ORIENTED_EDGE('',*,*,#1114,.T.);
#3939 = ORIENTED_EDGE('',*,*,#3940,.T.);
#3940 = EDGE_CURVE('',#1115,#2381,#3941,.T.);
#3941 = LINE('',#3942,#3943);
#3942 = CARTESIAN_POINT('',(202.82,-119.26,-4.6E-02));
#3943 = VECTOR('',#3944,1.);
#3944 = DIRECTION('',(0.,0.,1.));
#3945 = ORIENTED_EDGE('',*,*,#2380,.F.);
#3946 = ORIENTED_EDGE('',*,*,#3940,.F.);
#3947 = CYLINDRICAL_SURFACE('',#3948,0.75);
#3948 = AXIS2_PLACEMENT_3D('',#3949,#3950,#3951);
#3949 = CARTESIAN_POINT('',(202.82,-118.51,-4.6E-02));
#3950 = DIRECTION('',(-0.,-0.,-1.));
#3951 = DIRECTION('',(-0.,-1.,0.));
#3952 = ADVANCED_FACE('',(#3953),#3964,.F.);
#3953 = FACE_BOUND('',#3954,.T.);
#3954 = EDGE_LOOP('',(#3955,#3956,#3962,#3963));
#3955 = ORIENTED_EDGE('',*,*,#1125,.T.);
#3956 = ORIENTED_EDGE('',*,*,#3957,.T.);
#3957 = EDGE_CURVE('',#1126,#2392,#3958,.T.);
#3958 = LINE('',#3959,#3960);
#3959 = CARTESIAN_POINT('',(211.71,-121.9,-4.6E-02));
#3960 = VECTOR('',#3961,1.);
#3961 = DIRECTION('',(0.,0.,1.));
#3962 = ORIENTED_EDGE('',*,*,#2391,.F.);
#3963 = ORIENTED_EDGE('',*,*,#3957,.F.);
#3964 = CYLINDRICAL_SURFACE('',#3965,0.85);
#3965 = AXIS2_PLACEMENT_3D('',#3966,#3967,#3968);
#3966 = CARTESIAN_POINT('',(211.71,-121.05,-4.6E-02));
#3967 = DIRECTION('',(-0.,-0.,-1.));
#3968 = DIRECTION('',(-0.,-1.,0.));
#3969 = ADVANCED_FACE('',(#3970),#3981,.F.);
#3970 = FACE_BOUND('',#3971,.T.);
#3971 = EDGE_LOOP('',(#3972,#3973,#3979,#3980));
#3972 = ORIENTED_EDGE('',*,*,#1136,.T.);
#3973 = ORIENTED_EDGE('',*,*,#3974,.T.);
#3974 = EDGE_CURVE('',#1137,#2403,#3975,.T.);
#3975 = LINE('',#3976,#3977);
#3976 = CARTESIAN_POINT('',(209.17,-116.72,-4.6E-02));
#3977 = VECTOR('',#3978,1.);
#3978 = DIRECTION('',(0.,0.,1.));
#3979 = ORIENTED_EDGE('',*,*,#2402,.F.);
#3980 = ORIENTED_EDGE('',*,*,#3974,.F.);
#3981 = CYLINDRICAL_SURFACE('',#3982,0.75);
#3982 = AXIS2_PLACEMENT_3D('',#3983,#3984,#3985);
#3983 = CARTESIAN_POINT('',(209.17,-115.97,-4.6E-02));
#3984 = DIRECTION('',(-0.,-0.,-1.));
#3985 = DIRECTION('',(-0.,-1.,0.));
#3986 = ADVANCED_FACE('',(#3987),#3998,.F.);
#3987 = FACE_BOUND('',#3988,.T.);
#3988 = EDGE_LOOP('',(#3989,#3990,#3996,#3997));
#3989 = ORIENTED_EDGE('',*,*,#1147,.T.);
#3990 = ORIENTED_EDGE('',*,*,#3991,.T.);
#3991 = EDGE_CURVE('',#1148,#2414,#3992,.T.);
#3992 = LINE('',#3993,#3994);
#3993 = CARTESIAN_POINT('',(201.67,-102.79,-4.6E-02));
#3994 = VECTOR('',#3995,1.);
#3995 = DIRECTION('',(0.,0.,1.));
#3996 = ORIENTED_EDGE('',*,*,#2413,.F.);
#3997 = ORIENTED_EDGE('',*,*,#3991,.F.);
#3998 = CYLINDRICAL_SURFACE('',#3999,0.85);
#3999 = AXIS2_PLACEMENT_3D('',#4000,#4001,#4002);
#4000 = CARTESIAN_POINT('',(201.67,-101.94,-4.6E-02));
#4001 = DIRECTION('',(-0.,-0.,-1.));
#4002 = DIRECTION('',(-3.343730521224E-14,-1.,0.));
#4003 = ADVANCED_FACE('',(#4004),#4015,.F.);
#4004 = FACE_BOUND('',#4005,.T.);
#4005 = EDGE_LOOP('',(#4006,#4007,#4013,#4014));
#4006 = ORIENTED_EDGE('',*,*,#1158,.T.);
#4007 = ORIENTED_EDGE('',*,*,#4008,.T.);
#4008 = EDGE_CURVE('',#1159,#2425,#4009,.T.);
#4009 = LINE('',#4010,#4011);
#4010 = CARTESIAN_POINT('',(206.75,-103.94,-4.6E-02));
#4011 = VECTOR('',#4012,1.);
#4012 = DIRECTION('',(0.,0.,1.));
#4013 = ORIENTED_EDGE('',*,*,#2424,.F.);
#4014 = ORIENTED_EDGE('',*,*,#4008,.F.);
#4015 = CYLINDRICAL_SURFACE('',#4016,2.);
#4016 = AXIS2_PLACEMENT_3D('',#4017,#4018,#4019);
#4017 = CARTESIAN_POINT('',(206.75,-101.94,-4.6E-02));
#4018 = DIRECTION('',(-0.,-0.,-1.));
#4019 = DIRECTION('',(-0.,-1.,0.));
#4020 = ADVANCED_FACE('',(#4021),#4032,.F.);
#4021 = FACE_BOUND('',#4022,.T.);
#4022 = EDGE_LOOP('',(#4023,#4024,#4030,#4031));
#4023 = ORIENTED_EDGE('',*,*,#1169,.T.);
#4024 = ORIENTED_EDGE('',*,*,#4025,.T.);
#4025 = EDGE_CURVE('',#1170,#2436,#4026,.T.);
#4026 = LINE('',#4027,#4028);
#4027 = CARTESIAN_POINT('',(211.83,-102.79,-4.6E-02));
#4028 = VECTOR('',#4029,1.);
#4029 = DIRECTION('',(0.,0.,1.));
#4030 = ORIENTED_EDGE('',*,*,#2435,.F.);
#4031 = ORIENTED_EDGE('',*,*,#4025,.F.);
#4032 = CYLINDRICAL_SURFACE('',#4033,0.85);
#4033 = AXIS2_PLACEMENT_3D('',#4034,#4035,#4036);
#4034 = CARTESIAN_POINT('',(211.83,-101.94,-4.6E-02));
#4035 = DIRECTION('',(-0.,0.,-1.));
#4036 = DIRECTION('',(3.343730521224E-14,-1.,-0.));
#4037 = ADVANCED_FACE('',(#4038),#4049,.F.);
#4038 = FACE_BOUND('',#4039,.T.);
#4039 = EDGE_LOOP('',(#4040,#4041,#4047,#4048));
#4040 = ORIENTED_EDGE('',*,*,#1180,.T.);
#4041 = ORIENTED_EDGE('',*,*,#4042,.T.);
#4042 = EDGE_CURVE('',#1181,#2447,#4043,.T.);
#4043 = LINE('',#4044,#4045);
#4044 = CARTESIAN_POINT('',(220.5,-121.82,-4.6E-02));
#4045 = VECTOR('',#4046,1.);
#4046 = DIRECTION('',(0.,0.,1.));
#4047 = ORIENTED_EDGE('',*,*,#2446,.F.);
#4048 = ORIENTED_EDGE('',*,*,#4042,.F.);
#4049 = CYLINDRICAL_SURFACE('',#4050,0.85);
#4050 = AXIS2_PLACEMENT_3D('',#4051,#4052,#4053);
#4051 = CARTESIAN_POINT('',(220.5,-120.97,-4.6E-02));
#4052 = DIRECTION('',(-0.,-0.,-1.));
#4053 = DIRECTION('',(-0.,-1.,0.));
#4054 = ADVANCED_FACE('',(#4055),#4066,.F.);
#4055 = FACE_BOUND('',#4056,.T.);
#4056 = EDGE_LOOP('',(#4057,#4058,#4064,#4065));
#4057 = ORIENTED_EDGE('',*,*,#1191,.T.);
#4058 = ORIENTED_EDGE('',*,*,#4059,.T.);
#4059 = EDGE_CURVE('',#1192,#2458,#4060,.T.);
#4060 = LINE('',#4061,#4062);
#4061 = CARTESIAN_POINT('',(221.77,-119.18,-4.6E-02));
#4062 = VECTOR('',#4063,1.);
#4063 = DIRECTION('',(0.,0.,1.));
#4064 = ORIENTED_EDGE('',*,*,#2457,.F.);
#4065 = ORIENTED_EDGE('',*,*,#4059,.F.);
#4066 = CYLINDRICAL_SURFACE('',#4067,0.75);
#4067 = AXIS2_PLACEMENT_3D('',#4068,#4069,#4070);
#4068 = CARTESIAN_POINT('',(221.77,-118.43,-4.6E-02));
#4069 = DIRECTION('',(-0.,-0.,-1.));
#4070 = DIRECTION('',(-0.,-1.,0.));
#4071 = ADVANCED_FACE('',(#4072),#4083,.F.);
#4072 = FACE_BOUND('',#4073,.T.);
#4073 = EDGE_LOOP('',(#4074,#4075,#4081,#4082));
#4074 = ORIENTED_EDGE('',*,*,#1202,.T.);
#4075 = ORIENTED_EDGE('',*,*,#4076,.T.);
#4076 = EDGE_CURVE('',#1203,#2469,#4077,.T.);
#4077 = LINE('',#4078,#4079);
#4078 = CARTESIAN_POINT('',(225.58,-122.97,-4.6E-02));
#4079 = VECTOR('',#4080,1.);
#4080 = DIRECTION('',(0.,0.,1.));
#4081 = ORIENTED_EDGE('',*,*,#2468,.F.);
#4082 = ORIENTED_EDGE('',*,*,#4076,.F.);
#4083 = CYLINDRICAL_SURFACE('',#4084,2.);
#4084 = AXIS2_PLACEMENT_3D('',#4085,#4086,#4087);
#4085 = CARTESIAN_POINT('',(225.58,-120.97,-4.6E-02));
#4086 = DIRECTION('',(-0.,-0.,-1.));
#4087 = DIRECTION('',(-0.,-1.,0.));
#4088 = ADVANCED_FACE('',(#4089),#4100,.F.);
#4089 = FACE_BOUND('',#4090,.T.);
#4090 = EDGE_LOOP('',(#4091,#4092,#4098,#4099));
#4091 = ORIENTED_EDGE('',*,*,#1213,.T.);
#4092 = ORIENTED_EDGE('',*,*,#4093,.T.);
#4093 = EDGE_CURVE('',#1214,#2480,#4094,.T.);
#4094 = LINE('',#4095,#4096);
#4095 = CARTESIAN_POINT('',(230.66,-121.82,-4.6E-02));
#4096 = VECTOR('',#4097,1.);
#4097 = DIRECTION('',(0.,0.,1.));
#4098 = ORIENTED_EDGE('',*,*,#2479,.F.);
#4099 = ORIENTED_EDGE('',*,*,#4093,.F.);
#4100 = CYLINDRICAL_SURFACE('',#4101,0.85);
#4101 = AXIS2_PLACEMENT_3D('',#4102,#4103,#4104);
#4102 = CARTESIAN_POINT('',(230.66,-120.97,-4.6E-02));
#4103 = DIRECTION('',(-0.,-0.,-1.));
#4104 = DIRECTION('',(-0.,-1.,0.));
#4105 = ADVANCED_FACE('',(#4106),#4117,.F.);
#4106 = FACE_BOUND('',#4107,.T.);
#4107 = EDGE_LOOP('',(#4108,#4109,#4115,#4116));
#4108 = ORIENTED_EDGE('',*,*,#1224,.T.);
#4109 = ORIENTED_EDGE('',*,*,#4110,.T.);
#4110 = EDGE_CURVE('',#1225,#2491,#4111,.T.);
#4111 = LINE('',#4112,#4113);
#4112 = CARTESIAN_POINT('',(228.12,-116.64,-4.6E-02));
#4113 = VECTOR('',#4114,1.);
#4114 = DIRECTION('',(0.,0.,1.));
#4115 = ORIENTED_EDGE('',*,*,#2490,.F.);
#4116 = ORIENTED_EDGE('',*,*,#4110,.F.);
#4117 = CYLINDRICAL_SURFACE('',#4118,0.75);
#4118 = AXIS2_PLACEMENT_3D('',#4119,#4120,#4121);
#4119 = CARTESIAN_POINT('',(228.12,-115.89,-4.6E-02));
#4120 = DIRECTION('',(-0.,-0.,-1.));
#4121 = DIRECTION('',(-0.,-1.,0.));
#4122 = ADVANCED_FACE('',(#4123),#4134,.F.);
#4123 = FACE_BOUND('',#4124,.T.);
#4124 = EDGE_LOOP('',(#4125,#4126,#4132,#4133));
#4125 = ORIENTED_EDGE('',*,*,#1235,.T.);
#4126 = ORIENTED_EDGE('',*,*,#4127,.T.);
#4127 = EDGE_CURVE('',#1236,#2502,#4128,.T.);
#4128 = LINE('',#4129,#4130);
#4129 = CARTESIAN_POINT('',(220.64,-102.77,-4.6E-02));
#4130 = VECTOR('',#4131,1.);
#4131 = DIRECTION('',(0.,0.,1.));
#4132 = ORIENTED_EDGE('',*,*,#2501,.F.);
#4133 = ORIENTED_EDGE('',*,*,#4127,.F.);
#4134 = CYLINDRICAL_SURFACE('',#4135,0.85);
#4135 = AXIS2_PLACEMENT_3D('',#4136,#4137,#4138);
#4136 = CARTESIAN_POINT('',(220.64,-101.92,-4.6E-02));
#4137 = DIRECTION('',(-0.,-0.,-1.));
#4138 = DIRECTION('',(-0.,-1.,0.));
#4139 = ADVANCED_FACE('',(#4140),#4151,.F.);
#4140 = FACE_BOUND('',#4141,.T.);
#4141 = EDGE_LOOP('',(#4142,#4143,#4149,#4150));
#4142 = ORIENTED_EDGE('',*,*,#1246,.T.);
#4143 = ORIENTED_EDGE('',*,*,#4144,.T.);
#4144 = EDGE_CURVE('',#1247,#2513,#4145,.T.);
#4145 = LINE('',#4146,#4147);
#4146 = CARTESIAN_POINT('',(225.72,-103.92,-4.6E-02));
#4147 = VECTOR('',#4148,1.);
#4148 = DIRECTION('',(0.,0.,1.));
#4149 = ORIENTED_EDGE('',*,*,#2512,.F.);
#4150 = ORIENTED_EDGE('',*,*,#4144,.F.);
#4151 = CYLINDRICAL_SURFACE('',#4152,2.);
#4152 = AXIS2_PLACEMENT_3D('',#4153,#4154,#4155);
#4153 = CARTESIAN_POINT('',(225.72,-101.92,-4.6E-02));
#4154 = DIRECTION('',(-0.,-0.,-1.));
#4155 = DIRECTION('',(-0.,-1.,0.));
#4156 = ADVANCED_FACE('',(#4157),#4168,.F.);
#4157 = FACE_BOUND('',#4158,.T.);
#4158 = EDGE_LOOP('',(#4159,#4160,#4166,#4167));
#4159 = ORIENTED_EDGE('',*,*,#1257,.T.);
#4160 = ORIENTED_EDGE('',*,*,#4161,.T.);
#4161 = EDGE_CURVE('',#1258,#2524,#4162,.T.);
#4162 = LINE('',#4163,#4164);
#4163 = CARTESIAN_POINT('',(230.8,-102.77,-4.6E-02));
#4164 = VECTOR('',#4165,1.);
#4165 = DIRECTION('',(0.,0.,1.));
#4166 = ORIENTED_EDGE('',*,*,#2523,.F.);
#4167 = ORIENTED_EDGE('',*,*,#4161,.F.);
#4168 = CYLINDRICAL_SURFACE('',#4169,0.85);
#4169 = AXIS2_PLACEMENT_3D('',#4170,#4171,#4172);
#4170 = CARTESIAN_POINT('',(230.8,-101.92,-4.6E-02));
#4171 = DIRECTION('',(-0.,-0.,-1.));
#4172 = DIRECTION('',(-0.,-1.,0.));
#4173 = ADVANCED_FACE('',(#4174),#4185,.F.);
#4174 = FACE_BOUND('',#4175,.T.);
#4175 = EDGE_LOOP('',(#4176,#4177,#4183,#4184));
#4176 = ORIENTED_EDGE('',*,*,#1268,.T.);
#4177 = ORIENTED_EDGE('',*,*,#4178,.T.);
#4178 = EDGE_CURVE('',#1269,#2535,#4179,.T.);
#4179 = LINE('',#4180,#4181);
#4180 = CARTESIAN_POINT('',(164.77,-100.15,-4.6E-02));
#4181 = VECTOR('',#4182,1.);
#4182 = DIRECTION('',(0.,0.,1.));
#4183 = ORIENTED_EDGE('',*,*,#2534,.F.);
#4184 = ORIENTED_EDGE('',*,*,#4178,.F.);
#4185 = CYLINDRICAL_SURFACE('',#4186,0.75);
#4186 = AXIS2_PLACEMENT_3D('',#4187,#4188,#4189);
#4187 = CARTESIAN_POINT('',(164.77,-99.4,-4.6E-02));
#4188 = DIRECTION('',(-0.,-0.,-1.));
#4189 = DIRECTION('',(-0.,-1.,0.));
#4190 = ADVANCED_FACE('',(#4191),#4202,.F.);
#4191 = FACE_BOUND('',#4192,.T.);
#4192 = EDGE_LOOP('',(#4193,#4194,#4200,#4201));
#4193 = ORIENTED_EDGE('',*,*,#1279,.T.);
#4194 = ORIENTED_EDGE('',*,*,#4195,.T.);
#4195 = EDGE_CURVE('',#1280,#2546,#4196,.T.);
#4196 = LINE('',#4197,#4198);
#4197 = CARTESIAN_POINT('',(171.12,-97.61,-4.6E-02));
#4198 = VECTOR('',#4199,1.);
#4199 = DIRECTION('',(0.,0.,1.));
#4200 = ORIENTED_EDGE('',*,*,#2545,.F.);
#4201 = ORIENTED_EDGE('',*,*,#4195,.F.);
#4202 = CYLINDRICAL_SURFACE('',#4203,0.75);
#4203 = AXIS2_PLACEMENT_3D('',#4204,#4205,#4206);
#4204 = CARTESIAN_POINT('',(171.12,-96.86,-4.6E-02));
#4205 = DIRECTION('',(-0.,-0.,-1.));
#4206 = DIRECTION('',(-0.,-1.,0.));
#4207 = ADVANCED_FACE('',(#4208),#4219,.F.);
#4208 = FACE_BOUND('',#4209,.T.);
#4209 = EDGE_LOOP('',(#4210,#4211,#4217,#4218));
#4210 = ORIENTED_EDGE('',*,*,#1290,.T.);
#4211 = ORIENTED_EDGE('',*,*,#4212,.T.);
#4212 = EDGE_CURVE('',#1291,#2557,#4213,.T.);
#4213 = LINE('',#4214,#4215);
#4214 = CARTESIAN_POINT('',(169.81,-87.69,-4.6E-02));
#4215 = VECTOR('',#4216,1.);
#4216 = DIRECTION('',(0.,0.,1.));
#4217 = ORIENTED_EDGE('',*,*,#2556,.F.);
#4218 = ORIENTED_EDGE('',*,*,#4212,.F.);
#4219 = CYLINDRICAL_SURFACE('',#4220,0.4);
#4220 = AXIS2_PLACEMENT_3D('',#4221,#4222,#4223);
#4221 = CARTESIAN_POINT('',(169.81,-87.29,-4.6E-02));
#4222 = DIRECTION('',(-0.,-0.,-1.));
#4223 = DIRECTION('',(-0.,-1.,0.));
#4224 = ADVANCED_FACE('',(#4225),#4236,.F.);
#4225 = FACE_BOUND('',#4226,.T.);
#4226 = EDGE_LOOP('',(#4227,#4228,#4234,#4235));
#4227 = ORIENTED_EDGE('',*,*,#1301,.T.);
#4228 = ORIENTED_EDGE('',*,*,#4229,.T.);
#4229 = EDGE_CURVE('',#1302,#2568,#4230,.T.);
#4230 = LINE('',#4231,#4232);
#4231 = CARTESIAN_POINT('',(163.64,-82.88,-4.6E-02));
#4232 = VECTOR('',#4233,1.);
#4233 = DIRECTION('',(0.,0.,1.));
#4234 = ORIENTED_EDGE('',*,*,#2567,.F.);
#4235 = ORIENTED_EDGE('',*,*,#4229,.F.);
#4236 = CYLINDRICAL_SURFACE('',#4237,0.4);
#4237 = AXIS2_PLACEMENT_3D('',#4238,#4239,#4240);
#4238 = CARTESIAN_POINT('',(163.64,-82.48,-4.6E-02));
#4239 = DIRECTION('',(-0.,-0.,-1.));
#4240 = DIRECTION('',(-0.,-1.,0.));
#4241 = ADVANCED_FACE('',(#4242),#4253,.F.);
#4242 = FACE_BOUND('',#4243,.T.);
#4243 = EDGE_LOOP('',(#4244,#4245,#4251,#4252));
#4244 = ORIENTED_EDGE('',*,*,#1312,.T.);
#4245 = ORIENTED_EDGE('',*,*,#4246,.T.);
#4246 = EDGE_CURVE('',#1313,#2579,#4247,.T.);
#4247 = LINE('',#4248,#4249);
#4248 = CARTESIAN_POINT('',(171.26,-82.88,-4.6E-02));
#4249 = VECTOR('',#4250,1.);
#4250 = DIRECTION('',(0.,0.,1.));
#4251 = ORIENTED_EDGE('',*,*,#2578,.F.);
#4252 = ORIENTED_EDGE('',*,*,#4246,.F.);
#4253 = CYLINDRICAL_SURFACE('',#4254,0.4);
#4254 = AXIS2_PLACEMENT_3D('',#4255,#4256,#4257);
#4255 = CARTESIAN_POINT('',(171.26,-82.48,-4.6E-02));
#4256 = DIRECTION('',(-0.,-0.,-1.));
#4257 = DIRECTION('',(-0.,-1.,0.));
#4258 = ADVANCED_FACE('',(#4259),#4270,.F.);
#4259 = FACE_BOUND('',#4260,.T.);
#4260 = EDGE_LOOP('',(#4261,#4262,#4268,#4269));
#4261 = ORIENTED_EDGE('',*,*,#1323,.T.);
#4262 = ORIENTED_EDGE('',*,*,#4263,.T.);
#4263 = EDGE_CURVE('',#1324,#2590,#4264,.T.);
#4264 = LINE('',#4265,#4266);
#4265 = CARTESIAN_POINT('',(169.62,-78.45,-4.6E-02));
#4266 = VECTOR('',#4267,1.);
#4267 = DIRECTION('',(0.,0.,1.));
#4268 = ORIENTED_EDGE('',*,*,#2589,.F.);
#4269 = ORIENTED_EDGE('',*,*,#4263,.F.);
#4270 = CYLINDRICAL_SURFACE('',#4271,0.4);
#4271 = AXIS2_PLACEMENT_3D('',#4272,#4273,#4274);
#4272 = CARTESIAN_POINT('',(169.62,-78.05,-4.6E-02));
#4273 = DIRECTION('',(-0.,-0.,-1.));
#4274 = DIRECTION('',(-0.,-1.,0.));
#4275 = ADVANCED_FACE('',(#4276),#4287,.F.);
#4276 = FACE_BOUND('',#4277,.T.);
#4277 = EDGE_LOOP('',(#4278,#4279,#4285,#4286));
#4278 = ORIENTED_EDGE('',*,*,#1334,.T.);
#4279 = ORIENTED_EDGE('',*,*,#4280,.T.);
#4280 = EDGE_CURVE('',#1335,#2601,#4281,.T.);
#4281 = LINE('',#4282,#4283);
#4282 = CARTESIAN_POINT('',(177.43,-87.69,-4.6E-02));
#4283 = VECTOR('',#4284,1.);
#4284 = DIRECTION('',(0.,0.,1.));
#4285 = ORIENTED_EDGE('',*,*,#2600,.F.);
#4286 = ORIENTED_EDGE('',*,*,#4280,.F.);
#4287 = CYLINDRICAL_SURFACE('',#4288,0.4);
#4288 = AXIS2_PLACEMENT_3D('',#4289,#4290,#4291);
#4289 = CARTESIAN_POINT('',(177.43,-87.29,-4.6E-02));
#4290 = DIRECTION('',(-0.,-0.,-1.));
#4291 = DIRECTION('',(-0.,-1.,0.));
#4292 = ADVANCED_FACE('',(#4293),#4304,.F.);
#4293 = FACE_BOUND('',#4294,.T.);
#4294 = EDGE_LOOP('',(#4295,#4296,#4302,#4303));
#4295 = ORIENTED_EDGE('',*,*,#1345,.T.);
#4296 = ORIENTED_EDGE('',*,*,#4297,.T.);
#4297 = EDGE_CURVE('',#1346,#2612,#4298,.T.);
#4298 = LINE('',#4299,#4300);
#4299 = CARTESIAN_POINT('',(175.07,-82.88,-4.6E-02));
#4300 = VECTOR('',#4301,1.);
#4301 = DIRECTION('',(0.,0.,1.));
#4302 = ORIENTED_EDGE('',*,*,#2611,.F.);
#4303 = ORIENTED_EDGE('',*,*,#4297,.F.);
#4304 = CYLINDRICAL_SURFACE('',#4305,0.4);
#4305 = AXIS2_PLACEMENT_3D('',#4306,#4307,#4308);
#4306 = CARTESIAN_POINT('',(175.07,-82.48,-4.6E-02));
#4307 = DIRECTION('',(-0.,-0.,-1.));
#4308 = DIRECTION('',(-0.,-1.,0.));
#4309 = ADVANCED_FACE('',(#4310),#4321,.F.);
#4310 = FACE_BOUND('',#4311,.T.);
#4311 = EDGE_LOOP('',(#4312,#4313,#4319,#4320));
#4312 = ORIENTED_EDGE('',*,*,#1356,.T.);
#4313 = ORIENTED_EDGE('',*,*,#4314,.T.);
#4314 = EDGE_CURVE('',#1357,#2623,#4315,.T.);
#4315 = LINE('',#4316,#4317);
#4316 = CARTESIAN_POINT('',(177.24,-78.45,-4.6E-02));
#4317 = VECTOR('',#4318,1.);
#4318 = DIRECTION('',(0.,0.,1.));
#4319 = ORIENTED_EDGE('',*,*,#2622,.F.);
#4320 = ORIENTED_EDGE('',*,*,#4314,.F.);
#4321 = CYLINDRICAL_SURFACE('',#4322,0.4);
#4322 = AXIS2_PLACEMENT_3D('',#4323,#4324,#4325);
#4323 = CARTESIAN_POINT('',(177.24,-78.05,-4.6E-02));
#4324 = DIRECTION('',(-0.,-0.,-1.));
#4325 = DIRECTION('',(-0.,-1.,0.));
#4326 = ADVANCED_FACE('',(#4327),#4338,.F.);
#4327 = FACE_BOUND('',#4328,.T.);
#4328 = EDGE_LOOP('',(#4329,#4330,#4336,#4337));
#4329 = ORIENTED_EDGE('',*,*,#1367,.T.);
#4330 = ORIENTED_EDGE('',*,*,#4331,.T.);
#4331 = EDGE_CURVE('',#1368,#2634,#4332,.T.);
#4332 = LINE('',#4333,#4334);
#4333 = CARTESIAN_POINT('',(183.83,-100.16,-4.6E-02));
#4334 = VECTOR('',#4335,1.);
#4335 = DIRECTION('',(0.,0.,1.));
#4336 = ORIENTED_EDGE('',*,*,#2633,.F.);
#4337 = ORIENTED_EDGE('',*,*,#4331,.F.);
#4338 = CYLINDRICAL_SURFACE('',#4339,0.75);
#4339 = AXIS2_PLACEMENT_3D('',#4340,#4341,#4342);
#4340 = CARTESIAN_POINT('',(183.83,-99.41,-4.6E-02));
#4341 = DIRECTION('',(-0.,-0.,-1.));
#4342 = DIRECTION('',(-0.,-1.,0.));
#4343 = ADVANCED_FACE('',(#4344),#4355,.F.);
#4344 = FACE_BOUND('',#4345,.T.);
#4345 = EDGE_LOOP('',(#4346,#4347,#4353,#4354));
#4346 = ORIENTED_EDGE('',*,*,#1378,.T.);
#4347 = ORIENTED_EDGE('',*,*,#4348,.T.);
#4348 = EDGE_CURVE('',#1379,#2645,#4349,.T.);
#4349 = LINE('',#4350,#4351);
#4350 = CARTESIAN_POINT('',(190.18,-97.62,-4.6E-02));
#4351 = VECTOR('',#4352,1.);
#4352 = DIRECTION('',(0.,0.,1.));
#4353 = ORIENTED_EDGE('',*,*,#2644,.F.);
#4354 = ORIENTED_EDGE('',*,*,#4348,.F.);
#4355 = CYLINDRICAL_SURFACE('',#4356,0.75);
#4356 = AXIS2_PLACEMENT_3D('',#4357,#4358,#4359);
#4357 = CARTESIAN_POINT('',(190.18,-96.87,-4.6E-02));
#4358 = DIRECTION('',(-0.,-0.,-1.));
#4359 = DIRECTION('',(-0.,-1.,0.));
#4360 = ADVANCED_FACE('',(#4361),#4372,.F.);
#4361 = FACE_BOUND('',#4362,.T.);
#4362 = EDGE_LOOP('',(#4363,#4364,#4370,#4371));
#4363 = ORIENTED_EDGE('',*,*,#1389,.T.);
#4364 = ORIENTED_EDGE('',*,*,#4365,.T.);
#4365 = EDGE_CURVE('',#1390,#2656,#4366,.T.);
#4366 = LINE('',#4367,#4368);
#4367 = CARTESIAN_POINT('',(180.98,-87.69,-4.6E-02));
#4368 = VECTOR('',#4369,1.);
#4369 = DIRECTION('',(0.,0.,1.));
#4370 = ORIENTED_EDGE('',*,*,#2655,.F.);
#4371 = ORIENTED_EDGE('',*,*,#4365,.F.);
#4372 = CYLINDRICAL_SURFACE('',#4373,0.4);
#4373 = AXIS2_PLACEMENT_3D('',#4374,#4375,#4376);
#4374 = CARTESIAN_POINT('',(180.98,-87.29,-4.6E-02));
#4375 = DIRECTION('',(-0.,-0.,-1.));
#4376 = DIRECTION('',(-7.105427357601E-14,-1.,0.));
#4377 = ADVANCED_FACE('',(#4378),#4389,.F.);
#4378 = FACE_BOUND('',#4379,.T.);
#4379 = EDGE_LOOP('',(#4380,#4381,#4387,#4388));
#4380 = ORIENTED_EDGE('',*,*,#1400,.T.);
#4381 = ORIENTED_EDGE('',*,*,#4382,.T.);
#4382 = EDGE_CURVE('',#1401,#2667,#4383,.T.);
#4383 = LINE('',#4384,#4385);
#4384 = CARTESIAN_POINT('',(188.6,-87.69,-4.6E-02));
#4385 = VECTOR('',#4386,1.);
#4386 = DIRECTION('',(0.,0.,1.));
#4387 = ORIENTED_EDGE('',*,*,#2666,.F.);
#4388 = ORIENTED_EDGE('',*,*,#4382,.F.);
#4389 = CYLINDRICAL_SURFACE('',#4390,0.4);
#4390 = AXIS2_PLACEMENT_3D('',#4391,#4392,#4393);
#4391 = CARTESIAN_POINT('',(188.6,-87.29,-4.6E-02));
#4392 = DIRECTION('',(-0.,-0.,-1.));
#4393 = DIRECTION('',(-0.,-1.,0.));
#4394 = ADVANCED_FACE('',(#4395),#4406,.F.);
#4395 = FACE_BOUND('',#4396,.T.);
#4396 = EDGE_LOOP('',(#4397,#4398,#4404,#4405));
#4397 = ORIENTED_EDGE('',*,*,#1411,.T.);
#4398 = ORIENTED_EDGE('',*,*,#4399,.T.);
#4399 = EDGE_CURVE('',#1412,#2678,#4400,.T.);
#4400 = LINE('',#4401,#4402);
#4401 = CARTESIAN_POINT('',(182.69,-82.88,-4.6E-02));
#4402 = VECTOR('',#4403,1.);
#4403 = DIRECTION('',(0.,0.,1.));
#4404 = ORIENTED_EDGE('',*,*,#2677,.F.);
#4405 = ORIENTED_EDGE('',*,*,#4399,.F.);
#4406 = CYLINDRICAL_SURFACE('',#4407,0.4);
#4407 = AXIS2_PLACEMENT_3D('',#4408,#4409,#4410);
#4408 = CARTESIAN_POINT('',(182.69,-82.48,-4.6E-02));
#4409 = DIRECTION('',(-0.,-0.,-1.));
#4410 = DIRECTION('',(-0.,-1.,0.));
#4411 = ADVANCED_FACE('',(#4412),#4423,.F.);
#4412 = FACE_BOUND('',#4413,.T.);
#4413 = EDGE_LOOP('',(#4414,#4415,#4421,#4422));
#4414 = ORIENTED_EDGE('',*,*,#1422,.T.);
#4415 = ORIENTED_EDGE('',*,*,#4416,.T.);
#4416 = EDGE_CURVE('',#1423,#2689,#4417,.T.);
#4417 = LINE('',#4418,#4419);
#4418 = CARTESIAN_POINT('',(180.96,-78.34,-4.6E-02));
#4419 = VECTOR('',#4420,1.);
#4420 = DIRECTION('',(0.,0.,1.));
#4421 = ORIENTED_EDGE('',*,*,#2688,.F.);
#4422 = ORIENTED_EDGE('',*,*,#4416,.F.);
#4423 = CYLINDRICAL_SURFACE('',#4424,0.4);
#4424 = AXIS2_PLACEMENT_3D('',#4425,#4426,#4427);
#4425 = CARTESIAN_POINT('',(180.96,-77.94,-4.6E-02));
#4426 = DIRECTION('',(-0.,-0.,-1.));
#4427 = DIRECTION('',(-0.,-1.,0.));
#4428 = ADVANCED_FACE('',(#4429),#4440,.F.);
#4429 = FACE_BOUND('',#4430,.T.);
#4430 = EDGE_LOOP('',(#4431,#4432,#4438,#4439));
#4431 = ORIENTED_EDGE('',*,*,#1433,.T.);
#4432 = ORIENTED_EDGE('',*,*,#4433,.T.);
#4433 = EDGE_CURVE('',#1434,#2700,#4434,.T.);
#4434 = LINE('',#4435,#4436);
#4435 = CARTESIAN_POINT('',(186.24,-82.88,-4.6E-02));
#4436 = VECTOR('',#4437,1.);
#4437 = DIRECTION('',(0.,0.,1.));
#4438 = ORIENTED_EDGE('',*,*,#2699,.F.);
#4439 = ORIENTED_EDGE('',*,*,#4433,.F.);
#4440 = CYLINDRICAL_SURFACE('',#4441,0.4);
#4441 = AXIS2_PLACEMENT_3D('',#4442,#4443,#4444);
#4442 = CARTESIAN_POINT('',(186.24,-82.48,-4.6E-02));
#4443 = DIRECTION('',(-0.,-0.,-1.));
#4444 = DIRECTION('',(-0.,-1.,0.));
#4445 = ADVANCED_FACE('',(#4446),#4457,.F.);
#4446 = FACE_BOUND('',#4447,.T.);
#4447 = EDGE_LOOP('',(#4448,#4449,#4455,#4456));
#4448 = ORIENTED_EDGE('',*,*,#1444,.T.);
#4449 = ORIENTED_EDGE('',*,*,#4450,.T.);
#4450 = EDGE_CURVE('',#1445,#2711,#4451,.T.);
#4451 = LINE('',#4452,#4453);
#4452 = CARTESIAN_POINT('',(188.58,-78.34,-4.6E-02));
#4453 = VECTOR('',#4454,1.);
#4454 = DIRECTION('',(0.,0.,1.));
#4455 = ORIENTED_EDGE('',*,*,#2710,.F.);
#4456 = ORIENTED_EDGE('',*,*,#4450,.F.);
#4457 = CYLINDRICAL_SURFACE('',#4458,0.4);
#4458 = AXIS2_PLACEMENT_3D('',#4459,#4460,#4461);
#4459 = CARTESIAN_POINT('',(188.58,-77.94,-4.6E-02));
#4460 = DIRECTION('',(-0.,0.,-1.));
#4461 = DIRECTION('',(7.105427357601E-14,-1.,-0.));
#4462 = ADVANCED_FACE('',(#4463),#4474,.F.);
#4463 = FACE_BOUND('',#4464,.T.);
#4464 = EDGE_LOOP('',(#4465,#4466,#4472,#4473));
#4465 = ORIENTED_EDGE('',*,*,#1455,.T.);
#4466 = ORIENTED_EDGE('',*,*,#4467,.T.);
#4467 = EDGE_CURVE('',#1456,#2722,#4468,.T.);
#4468 = LINE('',#4469,#4470);
#4469 = CARTESIAN_POINT('',(192.15,-87.69,-4.6E-02));
#4470 = VECTOR('',#4471,1.);
#4471 = DIRECTION('',(0.,0.,1.));
#4472 = ORIENTED_EDGE('',*,*,#2721,.F.);
#4473 = ORIENTED_EDGE('',*,*,#4467,.F.);
#4474 = CYLINDRICAL_SURFACE('',#4475,0.4);
#4475 = AXIS2_PLACEMENT_3D('',#4476,#4477,#4478);
#4476 = CARTESIAN_POINT('',(192.15,-87.29,-4.6E-02));
#4477 = DIRECTION('',(-0.,-0.,-1.));
#4478 = DIRECTION('',(-0.,-1.,0.));
#4479 = ADVANCED_FACE('',(#4480),#4491,.F.);
#4480 = FACE_BOUND('',#4481,.T.);
#4481 = EDGE_LOOP('',(#4482,#4483,#4489,#4490));
#4482 = ORIENTED_EDGE('',*,*,#1466,.T.);
#4483 = ORIENTED_EDGE('',*,*,#4484,.T.);
#4484 = EDGE_CURVE('',#1467,#2733,#4485,.T.);
#4485 = LINE('',#4486,#4487);
#4486 = CARTESIAN_POINT('',(192.13,-78.56,-4.6E-02));
#4487 = VECTOR('',#4488,1.);
#4488 = DIRECTION('',(0.,0.,1.));
#4489 = ORIENTED_EDGE('',*,*,#2732,.F.);
#4490 = ORIENTED_EDGE('',*,*,#4484,.F.);
#4491 = CYLINDRICAL_SURFACE('',#4492,0.4);
#4492 = AXIS2_PLACEMENT_3D('',#4493,#4494,#4495);
#4493 = CARTESIAN_POINT('',(192.13,-78.16,-4.6E-02));
#4494 = DIRECTION('',(-0.,-0.,-1.));
#4495 = DIRECTION('',(-0.,-1.,0.));
#4496 = ADVANCED_FACE('',(#4497),#4508,.F.);
#4497 = FACE_BOUND('',#4498,.T.);
#4498 = EDGE_LOOP('',(#4499,#4500,#4506,#4507));
#4499 = ORIENTED_EDGE('',*,*,#1477,.T.);
#4500 = ORIENTED_EDGE('',*,*,#4501,.T.);
#4501 = EDGE_CURVE('',#1478,#2744,#4502,.T.);
#4502 = LINE('',#4503,#4504);
#4503 = CARTESIAN_POINT('',(193.86,-82.88,-4.6E-02));
#4504 = VECTOR('',#4505,1.);
#4505 = DIRECTION('',(0.,0.,1.));
#4506 = ORIENTED_EDGE('',*,*,#2743,.F.);
#4507 = ORIENTED_EDGE('',*,*,#4501,.F.);
#4508 = CYLINDRICAL_SURFACE('',#4509,0.4);
#4509 = AXIS2_PLACEMENT_3D('',#4510,#4511,#4512);
#4510 = CARTESIAN_POINT('',(193.86,-82.48,-4.6E-02));
#4511 = DIRECTION('',(-0.,-0.,-1.));
#4512 = DIRECTION('',(-0.,-1.,0.));
#4513 = ADVANCED_FACE('',(#4514),#4525,.F.);
#4514 = FACE_BOUND('',#4515,.T.);
#4515 = EDGE_LOOP('',(#4516,#4517,#4523,#4524));
#4516 = ORIENTED_EDGE('',*,*,#1488,.T.);
#4517 = ORIENTED_EDGE('',*,*,#4518,.T.);
#4518 = EDGE_CURVE('',#1489,#2755,#4519,.T.);
#4519 = LINE('',#4520,#4521);
#4520 = CARTESIAN_POINT('',(197.4,-82.66,-4.6E-02));
#4521 = VECTOR('',#4522,1.);
#4522 = DIRECTION('',(0.,0.,1.));
#4523 = ORIENTED_EDGE('',*,*,#2754,.F.);
#4524 = ORIENTED_EDGE('',*,*,#4518,.F.);
#4525 = CYLINDRICAL_SURFACE('',#4526,0.4);
#4526 = AXIS2_PLACEMENT_3D('',#4527,#4528,#4529);
#4527 = CARTESIAN_POINT('',(197.4,-82.26,-4.6E-02));
#4528 = DIRECTION('',(-0.,-0.,-1.));
#4529 = DIRECTION('',(-0.,-1.,0.));
#4530 = ADVANCED_FACE('',(#4531),#4542,.F.);
#4531 = FACE_BOUND('',#4532,.T.);
#4532 = EDGE_LOOP('',(#4533,#4534,#4540,#4541));
#4533 = ORIENTED_EDGE('',*,*,#1499,.T.);
#4534 = ORIENTED_EDGE('',*,*,#4535,.T.);
#4535 = EDGE_CURVE('',#1500,#2766,#4536,.T.);
#4536 = LINE('',#4537,#4538);
#4537 = CARTESIAN_POINT('',(202.94,-100.15,-4.6E-02));
#4538 = VECTOR('',#4539,1.);
#4539 = DIRECTION('',(0.,0.,1.));
#4540 = ORIENTED_EDGE('',*,*,#2765,.F.);
#4541 = ORIENTED_EDGE('',*,*,#4535,.F.);
#4542 = CYLINDRICAL_SURFACE('',#4543,0.75);
#4543 = AXIS2_PLACEMENT_3D('',#4544,#4545,#4546);
#4544 = CARTESIAN_POINT('',(202.94,-99.4,-4.6E-02));
#4545 = DIRECTION('',(-0.,-0.,-1.));
#4546 = DIRECTION('',(-0.,-1.,0.));
#4547 = ADVANCED_FACE('',(#4548),#4559,.F.);
#4548 = FACE_BOUND('',#4549,.T.);
#4549 = EDGE_LOOP('',(#4550,#4551,#4557,#4558));
#4550 = ORIENTED_EDGE('',*,*,#1510,.T.);
#4551 = ORIENTED_EDGE('',*,*,#4552,.T.);
#4552 = EDGE_CURVE('',#1511,#2777,#4553,.T.);
#4553 = LINE('',#4554,#4555);
#4554 = CARTESIAN_POINT('',(209.29,-97.61,-4.6E-02));
#4555 = VECTOR('',#4556,1.);
#4556 = DIRECTION('',(0.,0.,1.));
#4557 = ORIENTED_EDGE('',*,*,#2776,.F.);
#4558 = ORIENTED_EDGE('',*,*,#4552,.F.);
#4559 = CYLINDRICAL_SURFACE('',#4560,0.75);
#4560 = AXIS2_PLACEMENT_3D('',#4561,#4562,#4563);
#4561 = CARTESIAN_POINT('',(209.29,-96.86,-4.6E-02));
#4562 = DIRECTION('',(-0.,-0.,-1.));
#4563 = DIRECTION('',(-0.,-1.,0.));
#4564 = ADVANCED_FACE('',(#4565),#4576,.F.);
#4565 = FACE_BOUND('',#4566,.T.);
#4566 = EDGE_LOOP('',(#4567,#4568,#4574,#4575));
#4567 = ORIENTED_EDGE('',*,*,#1521,.T.);
#4568 = ORIENTED_EDGE('',*,*,#4569,.T.);
#4569 = EDGE_CURVE('',#1522,#2788,#4570,.T.);
#4570 = LINE('',#4571,#4572);
#4571 = CARTESIAN_POINT('',(199.77,-87.69,-4.6E-02));
#4572 = VECTOR('',#4573,1.);
#4573 = DIRECTION('',(0.,0.,1.));
#4574 = ORIENTED_EDGE('',*,*,#2787,.F.);
#4575 = ORIENTED_EDGE('',*,*,#4569,.F.);
#4576 = CYLINDRICAL_SURFACE('',#4577,0.4);
#4577 = AXIS2_PLACEMENT_3D('',#4578,#4579,#4580);
#4578 = CARTESIAN_POINT('',(199.77,-87.29,-4.6E-02));
#4579 = DIRECTION('',(-0.,0.,-1.));
#4580 = DIRECTION('',(7.105427357601E-14,-1.,-0.));
#4581 = ADVANCED_FACE('',(#4582),#4593,.F.);
#4582 = FACE_BOUND('',#4583,.T.);
#4583 = EDGE_LOOP('',(#4584,#4585,#4591,#4592));
#4584 = ORIENTED_EDGE('',*,*,#1532,.T.);
#4585 = ORIENTED_EDGE('',*,*,#4586,.T.);
#4586 = EDGE_CURVE('',#1533,#2799,#4587,.T.);
#4587 = LINE('',#4588,#4589);
#4588 = CARTESIAN_POINT('',(203.97,-87.69,-4.6E-02));
#4589 = VECTOR('',#4590,1.);
#4590 = DIRECTION('',(0.,0.,1.));
#4591 = ORIENTED_EDGE('',*,*,#2798,.F.);
#4592 = ORIENTED_EDGE('',*,*,#4586,.F.);
#4593 = CYLINDRICAL_SURFACE('',#4594,0.4);
#4594 = AXIS2_PLACEMENT_3D('',#4595,#4596,#4597);
#4595 = CARTESIAN_POINT('',(203.97,-87.29,-4.6E-02));
#4596 = DIRECTION('',(-0.,-0.,-1.));
#4597 = DIRECTION('',(-0.,-1.,0.));
#4598 = ADVANCED_FACE('',(#4599),#4610,.F.);
#4599 = FACE_BOUND('',#4600,.T.);
#4600 = EDGE_LOOP('',(#4601,#4602,#4608,#4609));
#4601 = ORIENTED_EDGE('',*,*,#1543,.T.);
#4602 = ORIENTED_EDGE('',*,*,#4603,.T.);
#4603 = EDGE_CURVE('',#1544,#2810,#4604,.T.);
#4604 = LINE('',#4605,#4606);
#4605 = CARTESIAN_POINT('',(199.75,-78.56,-4.6E-02));
#4606 = VECTOR('',#4607,1.);
#4607 = DIRECTION('',(0.,0.,1.));
#4608 = ORIENTED_EDGE('',*,*,#2809,.F.);
#4609 = ORIENTED_EDGE('',*,*,#4603,.F.);
#4610 = CYLINDRICAL_SURFACE('',#4611,0.4);
#4611 = AXIS2_PLACEMENT_3D('',#4612,#4613,#4614);
#4612 = CARTESIAN_POINT('',(199.75,-78.16,-4.6E-02));
#4613 = DIRECTION('',(-0.,-0.,-1.));
#4614 = DIRECTION('',(-0.,-1.,0.));
#4615 = ADVANCED_FACE('',(#4616),#4627,.F.);
#4616 = FACE_BOUND('',#4617,.T.);
#4617 = EDGE_LOOP('',(#4618,#4619,#4625,#4626));
#4618 = ORIENTED_EDGE('',*,*,#1554,.T.);
#4619 = ORIENTED_EDGE('',*,*,#4620,.T.);
#4620 = EDGE_CURVE('',#1555,#2821,#4621,.T.);
#4621 = LINE('',#4622,#4623);
#4622 = CARTESIAN_POINT('',(205.02,-82.66,-4.6E-02));
#4623 = VECTOR('',#4624,1.);
#4624 = DIRECTION('',(0.,0.,1.));
#4625 = ORIENTED_EDGE('',*,*,#2820,.F.);
#4626 = ORIENTED_EDGE('',*,*,#4620,.F.);
#4627 = CYLINDRICAL_SURFACE('',#4628,0.4);
#4628 = AXIS2_PLACEMENT_3D('',#4629,#4630,#4631);
#4629 = CARTESIAN_POINT('',(205.02,-82.26,-4.6E-02));
#4630 = DIRECTION('',(-0.,0.,-1.));
#4631 = DIRECTION('',(7.105427357601E-14,-1.,-0.));
#4632 = ADVANCED_FACE('',(#4633),#4644,.F.);
#4633 = FACE_BOUND('',#4634,.T.);
#4634 = EDGE_LOOP('',(#4635,#4636,#4642,#4643));
#4635 = ORIENTED_EDGE('',*,*,#1565,.T.);
#4636 = ORIENTED_EDGE('',*,*,#4637,.T.);
#4637 = EDGE_CURVE('',#1566,#2832,#4638,.T.);
#4638 = LINE('',#4639,#4640);
#4639 = CARTESIAN_POINT('',(203.64,-78.67,-4.6E-02));
#4640 = VECTOR('',#4641,1.);
#4641 = DIRECTION('',(0.,0.,1.));
#4642 = ORIENTED_EDGE('',*,*,#2831,.F.);
#4643 = ORIENTED_EDGE('',*,*,#4637,.F.);
#4644 = CYLINDRICAL_SURFACE('',#4645,0.4);
#4645 = AXIS2_PLACEMENT_3D('',#4646,#4647,#4648);
#4646 = CARTESIAN_POINT('',(203.64,-78.27,-4.6E-02));
#4647 = DIRECTION('',(-0.,-0.,-1.));
#4648 = DIRECTION('',(-0.,-1.,0.));
#4649 = ADVANCED_FACE('',(#4650),#4661,.F.);
#4650 = FACE_BOUND('',#4651,.T.);
#4651 = EDGE_LOOP('',(#4652,#4653,#4659,#4660));
#4652 = ORIENTED_EDGE('',*,*,#1576,.T.);
#4653 = ORIENTED_EDGE('',*,*,#4654,.T.);
#4654 = EDGE_CURVE('',#1577,#2843,#4655,.T.);
#4655 = LINE('',#4656,#4657);
#4656 = CARTESIAN_POINT('',(211.59,-87.69,-4.6E-02));
#4657 = VECTOR('',#4658,1.);
#4658 = DIRECTION('',(0.,0.,1.));
#4659 = ORIENTED_EDGE('',*,*,#2842,.F.);
#4660 = ORIENTED_EDGE('',*,*,#4654,.F.);
#4661 = CYLINDRICAL_SURFACE('',#4662,0.4);
#4662 = AXIS2_PLACEMENT_3D('',#4663,#4664,#4665);
#4663 = CARTESIAN_POINT('',(211.59,-87.29,-4.6E-02));
#4664 = DIRECTION('',(-0.,-0.,-1.));
#4665 = DIRECTION('',(-0.,-1.,0.));
#4666 = ADVANCED_FACE('',(#4667),#4678,.F.);
#4667 = FACE_BOUND('',#4668,.T.);
#4668 = EDGE_LOOP('',(#4669,#4670,#4676,#4677));
#4669 = ORIENTED_EDGE('',*,*,#1587,.T.);
#4670 = ORIENTED_EDGE('',*,*,#4671,.T.);
#4671 = EDGE_CURVE('',#1588,#2854,#4672,.T.);
#4672 = LINE('',#4673,#4674);
#4673 = CARTESIAN_POINT('',(211.26,-78.67,-4.6E-02));
#4674 = VECTOR('',#4675,1.);
#4675 = DIRECTION('',(0.,0.,1.));
#4676 = ORIENTED_EDGE('',*,*,#2853,.F.);
#4677 = ORIENTED_EDGE('',*,*,#4671,.F.);
#4678 = CYLINDRICAL_SURFACE('',#4679,0.4);
#4679 = AXIS2_PLACEMENT_3D('',#4680,#4681,#4682);
#4680 = CARTESIAN_POINT('',(211.26,-78.27,-4.6E-02));
#4681 = DIRECTION('',(-0.,-0.,-1.));
#4682 = DIRECTION('',(-0.,-1.,0.));
#4683 = ADVANCED_FACE('',(#4684),#4695,.F.);
#4684 = FACE_BOUND('',#4685,.T.);
#4685 = EDGE_LOOP('',(#4686,#4687,#4693,#4694));
#4686 = ORIENTED_EDGE('',*,*,#1598,.T.);
#4687 = ORIENTED_EDGE('',*,*,#4688,.T.);
#4688 = EDGE_CURVE('',#1599,#2865,#4689,.T.);
#4689 = LINE('',#4690,#4691);
#4690 = CARTESIAN_POINT('',(221.91,-100.13,-4.6E-02));
#4691 = VECTOR('',#4692,1.);
#4692 = DIRECTION('',(0.,0.,1.));
#4693 = ORIENTED_EDGE('',*,*,#2864,.F.);
#4694 = ORIENTED_EDGE('',*,*,#4688,.F.);
#4695 = CYLINDRICAL_SURFACE('',#4696,0.75);
#4696 = AXIS2_PLACEMENT_3D('',#4697,#4698,#4699);
#4697 = CARTESIAN_POINT('',(221.91,-99.38,-4.6E-02));
#4698 = DIRECTION('',(-0.,-0.,-1.));
#4699 = DIRECTION('',(-0.,-1.,0.));
#4700 = ADVANCED_FACE('',(#4701),#4712,.F.);
#4701 = FACE_BOUND('',#4702,.T.);
#4702 = EDGE_LOOP('',(#4703,#4704,#4710,#4711));
#4703 = ORIENTED_EDGE('',*,*,#1609,.T.);
#4704 = ORIENTED_EDGE('',*,*,#4705,.T.);
#4705 = EDGE_CURVE('',#1610,#2876,#4706,.T.);
#4706 = LINE('',#4707,#4708);
#4707 = CARTESIAN_POINT('',(228.26,-97.59,-4.6E-02));
#4708 = VECTOR('',#4709,1.);
#4709 = DIRECTION('',(0.,0.,1.));
#4710 = ORIENTED_EDGE('',*,*,#2875,.F.);
#4711 = ORIENTED_EDGE('',*,*,#4705,.F.);
#4712 = CYLINDRICAL_SURFACE('',#4713,0.75);
#4713 = AXIS2_PLACEMENT_3D('',#4714,#4715,#4716);
#4714 = CARTESIAN_POINT('',(228.26,-96.84,-4.6E-02));
#4715 = DIRECTION('',(-0.,-0.,-1.));
#4716 = DIRECTION('',(-0.,-1.,0.));
#4717 = ADVANCED_FACE('',(#4718),#4729,.F.);
#4718 = FACE_BOUND('',#4719,.T.);
#4719 = EDGE_LOOP('',(#4720,#4721,#4727,#4728));
#4720 = ORIENTED_EDGE('',*,*,#1620,.T.);
#4721 = ORIENTED_EDGE('',*,*,#4722,.T.);
#4722 = EDGE_CURVE('',#1621,#2887,#4723,.T.);
#4723 = LINE('',#4724,#4725);
#4724 = CARTESIAN_POINT('',(220.76,-83.66,-4.6E-02));
#4725 = VECTOR('',#4726,1.);
#4726 = DIRECTION('',(0.,0.,1.));
#4727 = ORIENTED_EDGE('',*,*,#2886,.F.);
#4728 = ORIENTED_EDGE('',*,*,#4722,.F.);
#4729 = CYLINDRICAL_SURFACE('',#4730,0.85);
#4730 = AXIS2_PLACEMENT_3D('',#4731,#4732,#4733);
#4731 = CARTESIAN_POINT('',(220.76,-82.81,-4.6E-02));
#4732 = DIRECTION('',(-0.,-0.,-1.));
#4733 = DIRECTION('',(-0.,-1.,0.));
#4734 = ADVANCED_FACE('',(#4735),#4746,.F.);
#4735 = FACE_BOUND('',#4736,.T.);
#4736 = EDGE_LOOP('',(#4737,#4738,#4744,#4745));
#4737 = ORIENTED_EDGE('',*,*,#1631,.T.);
#4738 = ORIENTED_EDGE('',*,*,#4739,.T.);
#4739 = EDGE_CURVE('',#1632,#2898,#4740,.T.);
#4740 = LINE('',#4741,#4742);
#4741 = CARTESIAN_POINT('',(222.03,-81.02,-4.6E-02));
#4742 = VECTOR('',#4743,1.);
#4743 = DIRECTION('',(0.,0.,1.));
#4744 = ORIENTED_EDGE('',*,*,#2897,.F.);
#4745 = ORIENTED_EDGE('',*,*,#4739,.F.);
#4746 = CYLINDRICAL_SURFACE('',#4747,0.75);
#4747 = AXIS2_PLACEMENT_3D('',#4748,#4749,#4750);
#4748 = CARTESIAN_POINT('',(222.03,-80.27,-4.6E-02));
#4749 = DIRECTION('',(-0.,-0.,-1.));
#4750 = DIRECTION('',(-0.,-1.,0.));
#4751 = ADVANCED_FACE('',(#4752),#4763,.F.);
#4752 = FACE_BOUND('',#4753,.T.);
#4753 = EDGE_LOOP('',(#4754,#4755,#4761,#4762));
#4754 = ORIENTED_EDGE('',*,*,#1642,.T.);
#4755 = ORIENTED_EDGE('',*,*,#4756,.T.);
#4756 = EDGE_CURVE('',#1643,#2909,#4757,.T.);
#4757 = LINE('',#4758,#4759);
#4758 = CARTESIAN_POINT('',(225.84,-84.81,-4.6E-02));
#4759 = VECTOR('',#4760,1.);
#4760 = DIRECTION('',(0.,0.,1.));
#4761 = ORIENTED_EDGE('',*,*,#2908,.F.);
#4762 = ORIENTED_EDGE('',*,*,#4756,.F.);
#4763 = CYLINDRICAL_SURFACE('',#4764,2.);
#4764 = AXIS2_PLACEMENT_3D('',#4765,#4766,#4767);
#4765 = CARTESIAN_POINT('',(225.84,-82.81,-4.6E-02));
#4766 = DIRECTION('',(-0.,-0.,-1.));
#4767 = DIRECTION('',(-0.,-1.,0.));
#4768 = ADVANCED_FACE('',(#4769),#4780,.F.);
#4769 = FACE_BOUND('',#4770,.T.);
#4770 = EDGE_LOOP('',(#4771,#4772,#4778,#4779));
#4771 = ORIENTED_EDGE('',*,*,#1653,.T.);
#4772 = ORIENTED_EDGE('',*,*,#4773,.T.);
#4773 = EDGE_CURVE('',#1654,#2920,#4774,.T.);
#4774 = LINE('',#4775,#4776);
#4775 = CARTESIAN_POINT('',(228.38,-78.48,-4.6E-02));
#4776 = VECTOR('',#4777,1.);
#4777 = DIRECTION('',(0.,0.,1.));
#4778 = ORIENTED_EDGE('',*,*,#2919,.F.);
#4779 = ORIENTED_EDGE('',*,*,#4773,.F.);
#4780 = CYLINDRICAL_SURFACE('',#4781,0.75);
#4781 = AXIS2_PLACEMENT_3D('',#4782,#4783,#4784);
#4782 = CARTESIAN_POINT('',(228.38,-77.73,-4.6E-02));
#4783 = DIRECTION('',(-0.,-0.,-1.));
#4784 = DIRECTION('',(-0.,-1.,0.));
#4785 = ADVANCED_FACE('',(#4786),#4797,.F.);
#4786 = FACE_BOUND('',#4787,.T.);
#4787 = EDGE_LOOP('',(#4788,#4789,#4795,#4796));
#4788 = ORIENTED_EDGE('',*,*,#1664,.T.);
#4789 = ORIENTED_EDGE('',*,*,#4790,.T.);
#4790 = EDGE_CURVE('',#1665,#2931,#4791,.T.);
#4791 = LINE('',#4792,#4793);
#4792 = CARTESIAN_POINT('',(230.92,-83.66,-4.6E-02));
#4793 = VECTOR('',#4794,1.);
#4794 = DIRECTION('',(0.,0.,1.));
#4795 = ORIENTED_EDGE('',*,*,#2930,.F.);
#4796 = ORIENTED_EDGE('',*,*,#4790,.F.);
#4797 = CYLINDRICAL_SURFACE('',#4798,0.85);
#4798 = AXIS2_PLACEMENT_3D('',#4799,#4800,#4801);
#4799 = CARTESIAN_POINT('',(230.92,-82.81,-4.6E-02));
#4800 = DIRECTION('',(-0.,-0.,-1.));
#4801 = DIRECTION('',(-3.343730521224E-14,-1.,0.));
#4802 = ADVANCED_FACE('',(#4803),#4814,.F.);
#4803 = FACE_BOUND('',#4804,.T.);
#4804 = EDGE_LOOP('',(#4805,#4806,#4812,#4813));
#4805 = ORIENTED_EDGE('',*,*,#1675,.T.);
#4806 = ORIENTED_EDGE('',*,*,#4807,.T.);
#4807 = EDGE_CURVE('',#1676,#2942,#4808,.T.);
#4808 = LINE('',#4809,#4810);
#4809 = CARTESIAN_POINT('',(203.93,-68.53,-4.6E-02));
#4810 = VECTOR('',#4811,1.);
#4811 = DIRECTION('',(0.,0.,1.));
#4812 = ORIENTED_EDGE('',*,*,#2941,.F.);
#4813 = ORIENTED_EDGE('',*,*,#4807,.F.);
#4814 = CYLINDRICAL_SURFACE('',#4815,0.5);
#4815 = AXIS2_PLACEMENT_3D('',#4816,#4817,#4818);
#4816 = CARTESIAN_POINT('',(203.93,-68.03,-4.6E-02));
#4817 = DIRECTION('',(-0.,-0.,-1.));
#4818 = DIRECTION('',(-0.,-1.,0.));
#4819 = ADVANCED_FACE('',(#4820),#4831,.F.);
#4820 = FACE_BOUND('',#4821,.T.);
#4821 = EDGE_LOOP('',(#4822,#4823,#4829,#4830));
#4822 = ORIENTED_EDGE('',*,*,#1686,.T.);
#4823 = ORIENTED_EDGE('',*,*,#4824,.T.);
#4824 = EDGE_CURVE('',#1687,#2953,#4825,.T.);
#4825 = LINE('',#4826,#4827);
#4826 = CARTESIAN_POINT('',(203.93,-65.99,-4.6E-02));
#4827 = VECTOR('',#4828,1.);
#4828 = DIRECTION('',(0.,0.,1.));
#4829 = ORIENTED_EDGE('',*,*,#2952,.F.);
#4830 = ORIENTED_EDGE('',*,*,#4824,.F.);
#4831 = CYLINDRICAL_SURFACE('',#4832,0.5);
#4832 = AXIS2_PLACEMENT_3D('',#4833,#4834,#4835);
#4833 = CARTESIAN_POINT('',(203.93,-65.49,-4.6E-02));
#4834 = DIRECTION('',(-0.,-0.,-1.));
#4835 = DIRECTION('',(-0.,-1.,0.));
#4836 = ADVANCED_FACE('',(#4837),#4848,.F.);
#4837 = FACE_BOUND('',#4838,.T.);
#4838 = EDGE_LOOP('',(#4839,#4840,#4846,#4847));
#4839 = ORIENTED_EDGE('',*,*,#1697,.T.);
#4840 = ORIENTED_EDGE('',*,*,#4841,.T.);
#4841 = EDGE_CURVE('',#1698,#2964,#4842,.T.);
#4842 = LINE('',#4843,#4844);
#4843 = CARTESIAN_POINT('',(203.93,-63.45,-4.6E-02));
#4844 = VECTOR('',#4845,1.);
#4845 = DIRECTION('',(0.,0.,1.));
#4846 = ORIENTED_EDGE('',*,*,#2963,.F.);
#4847 = ORIENTED_EDGE('',*,*,#4841,.F.);
#4848 = CYLINDRICAL_SURFACE('',#4849,0.5);
#4849 = AXIS2_PLACEMENT_3D('',#4850,#4851,#4852);
#4850 = CARTESIAN_POINT('',(203.93,-62.95,-4.6E-02));
#4851 = DIRECTION('',(-0.,-0.,-1.));
#4852 = DIRECTION('',(-0.,-1.,0.));
#4853 = ADVANCED_FACE('',(#4854),#4865,.F.);
#4854 = FACE_BOUND('',#4855,.T.);
#4855 = EDGE_LOOP('',(#4856,#4857,#4863,#4864));
#4856 = ORIENTED_EDGE('',*,*,#1708,.T.);
#4857 = ORIENTED_EDGE('',*,*,#4858,.T.);
#4858 = EDGE_CURVE('',#1709,#2975,#4859,.T.);
#4859 = LINE('',#4860,#4861);
#4860 = CARTESIAN_POINT('',(203.93,-60.91,-4.6E-02));
#4861 = VECTOR('',#4862,1.);
#4862 = DIRECTION('',(0.,0.,1.));
#4863 = ORIENTED_EDGE('',*,*,#2974,.F.);
#4864 = ORIENTED_EDGE('',*,*,#4858,.F.);
#4865 = CYLINDRICAL_SURFACE('',#4866,0.5);
#4866 = AXIS2_PLACEMENT_3D('',#4867,#4868,#4869);
#4867 = CARTESIAN_POINT('',(203.93,-60.41,-4.6E-02));
#4868 = DIRECTION('',(-0.,-0.,-1.));
#4869 = DIRECTION('',(-0.,-1.,0.));
#4870 = ADVANCED_FACE('',(#4871),#4882,.F.);
#4871 = FACE_BOUND('',#4872,.T.);
#4872 = EDGE_LOOP('',(#4873,#4874,#4880,#4881));
#4873 = ORIENTED_EDGE('',*,*,#1719,.T.);
#4874 = ORIENTED_EDGE('',*,*,#4875,.T.);
#4875 = EDGE_CURVE('',#1720,#2986,#4876,.T.);
#4876 = LINE('',#4877,#4878);
#4877 = CARTESIAN_POINT('',(216.8915,-70.3445,-4.6E-02));
#4878 = VECTOR('',#4879,1.);
#4879 = DIRECTION('',(0.,0.,1.));
#4880 = ORIENTED_EDGE('',*,*,#2985,.F.);
#4881 = ORIENTED_EDGE('',*,*,#4875,.F.);
#4882 = CYLINDRICAL_SURFACE('',#4883,0.4445);
#4883 = AXIS2_PLACEMENT_3D('',#4884,#4885,#4886);
#4884 = CARTESIAN_POINT('',(216.8915,-69.9,-4.6E-02));
#4885 = DIRECTION('',(-0.,-0.,-1.));
#4886 = DIRECTION('',(-0.,-1.,0.));
#4887 = ADVANCED_FACE('',(#4888),#4899,.F.);
#4888 = FACE_BOUND('',#4889,.T.);
#4889 = EDGE_LOOP('',(#4890,#4891,#4897,#4898));
#4890 = ORIENTED_EDGE('',*,*,#1730,.T.);
#4891 = ORIENTED_EDGE('',*,*,#4892,.T.);
#4892 = EDGE_CURVE('',#1731,#2997,#4893,.T.);
#4893 = LINE('',#4894,#4895);
#4894 = CARTESIAN_POINT('',(219.4315,-70.3445,-4.6E-02));
#4895 = VECTOR('',#4896,1.);
#4896 = DIRECTION('',(0.,0.,1.));
#4897 = ORIENTED_EDGE('',*,*,#2996,.F.);
#4898 = ORIENTED_EDGE('',*,*,#4892,.F.);
#4899 = CYLINDRICAL_SURFACE('',#4900,0.4445);
#4900 = AXIS2_PLACEMENT_3D('',#4901,#4902,#4903);
#4901 = CARTESIAN_POINT('',(219.4315,-69.9,-4.6E-02));
#4902 = DIRECTION('',(-0.,-0.,-1.));
#4903 = DIRECTION('',(-0.,-1.,0.));
#4904 = ADVANCED_FACE('',(#4905),#4916,.F.);
#4905 = FACE_BOUND('',#4906,.T.);
#4906 = EDGE_LOOP('',(#4907,#4908,#4914,#4915));
#4907 = ORIENTED_EDGE('',*,*,#1741,.T.);
#4908 = ORIENTED_EDGE('',*,*,#4909,.T.);
#4909 = EDGE_CURVE('',#1742,#3008,#4910,.T.);
#4910 = LINE('',#4911,#4912);
#4911 = CARTESIAN_POINT('',(221.9715,-70.3445,-4.6E-02));
#4912 = VECTOR('',#4913,1.);
#4913 = DIRECTION('',(0.,0.,1.));
#4914 = ORIENTED_EDGE('',*,*,#3007,.F.);
#4915 = ORIENTED_EDGE('',*,*,#4909,.F.);
#4916 = CYLINDRICAL_SURFACE('',#4917,0.4445);
#4917 = AXIS2_PLACEMENT_3D('',#4918,#4919,#4920);
#4918 = CARTESIAN_POINT('',(221.9715,-69.9,-4.6E-02));
#4919 = DIRECTION('',(-0.,-0.,-1.));
#4920 = DIRECTION('',(-0.,-1.,0.));
#4921 = ADVANCED_FACE('',(#4922),#4933,.F.);
#4922 = FACE_BOUND('',#4923,.T.);
#4923 = EDGE_LOOP('',(#4924,#4925,#4931,#4932));
#4924 = ORIENTED_EDGE('',*,*,#1752,.T.);
#4925 = ORIENTED_EDGE('',*,*,#4926,.T.);
#4926 = EDGE_CURVE('',#1753,#3019,#4927,.T.);
#4927 = LINE('',#4928,#4929);
#4928 = CARTESIAN_POINT('',(224.5115,-70.3445,-4.6E-02));
#4929 = VECTOR('',#4930,1.);
#4930 = DIRECTION('',(0.,0.,1.));
#4931 = ORIENTED_EDGE('',*,*,#3018,.F.);
#4932 = ORIENTED_EDGE('',*,*,#4926,.F.);
#4933 = CYLINDRICAL_SURFACE('',#4934,0.4445);
#4934 = AXIS2_PLACEMENT_3D('',#4935,#4936,#4937);
#4935 = CARTESIAN_POINT('',(224.5115,-69.9,-4.6E-02));
#4936 = DIRECTION('',(-0.,-0.,-1.));
#4937 = DIRECTION('',(-0.,-1.,0.));
#4938 = ADVANCED_FACE('',(#4939),#4950,.F.);
#4939 = FACE_BOUND('',#4940,.T.);
#4940 = EDGE_LOOP('',(#4941,#4942,#4948,#4949));
#4941 = ORIENTED_EDGE('',*,*,#1763,.T.);
#4942 = ORIENTED_EDGE('',*,*,#4943,.T.);
#4943 = EDGE_CURVE('',#1764,#3030,#4944,.T.);
#4944 = LINE('',#4945,#4946);
#4945 = CARTESIAN_POINT('',(227.0515,-70.3445,-4.6E-02));
#4946 = VECTOR('',#4947,1.);
#4947 = DIRECTION('',(0.,0.,1.));
#4948 = ORIENTED_EDGE('',*,*,#3029,.F.);
#4949 = ORIENTED_EDGE('',*,*,#4943,.F.);
#4950 = CYLINDRICAL_SURFACE('',#4951,0.4445);
#4951 = AXIS2_PLACEMENT_3D('',#4952,#4953,#4954);
#4952 = CARTESIAN_POINT('',(227.0515,-69.9,-4.6E-02));
#4953 = DIRECTION('',(-0.,-0.,-1.));
#4954 = DIRECTION('',(-0.,-1.,0.));
#4955 = ADVANCED_FACE('',(#4956),#4967,.F.);
#4956 = FACE_BOUND('',#4957,.T.);
#4957 = EDGE_LOOP('',(#4958,#4959,#4965,#4966));
#4958 = ORIENTED_EDGE('',*,*,#1774,.T.);
#4959 = ORIENTED_EDGE('',*,*,#4960,.T.);
#4960 = EDGE_CURVE('',#1775,#3041,#4961,.T.);
#4961 = LINE('',#4962,#4963);
#4962 = CARTESIAN_POINT('',(229.5915,-70.3445,-4.6E-02));
#4963 = VECTOR('',#4964,1.);
#4964 = DIRECTION('',(0.,0.,1.));
#4965 = ORIENTED_EDGE('',*,*,#3040,.F.);
#4966 = ORIENTED_EDGE('',*,*,#4960,.F.);
#4967 = CYLINDRICAL_SURFACE('',#4968,0.4445);
#4968 = AXIS2_PLACEMENT_3D('',#4969,#4970,#4971);
#4969 = CARTESIAN_POINT('',(229.5915,-69.9,-4.6E-02));
#4970 = DIRECTION('',(-0.,-0.,-1.));
#4971 = DIRECTION('',(-0.,-1.,0.));
#4972 = ADVANCED_FACE('',(#4973),#4984,.F.);
#4973 = FACE_BOUND('',#4974,.T.);
#4974 = EDGE_LOOP('',(#4975,#4976,#4982,#4983));
#4975 = ORIENTED_EDGE('',*,*,#1785,.T.);
#4976 = ORIENTED_EDGE('',*,*,#4977,.T.);
#4977 = EDGE_CURVE('',#1786,#3052,#4978,.T.);
#4978 = LINE('',#4979,#4980);
#4979 = CARTESIAN_POINT('',(232.1315,-70.3445,-4.6E-02));
#4980 = VECTOR('',#4981,1.);
#4981 = DIRECTION('',(0.,0.,1.));
#4982 = ORIENTED_EDGE('',*,*,#3051,.F.);
#4983 = ORIENTED_EDGE('',*,*,#4977,.F.);
#4984 = CYLINDRICAL_SURFACE('',#4985,0.4445);
#4985 = AXIS2_PLACEMENT_3D('',#4986,#4987,#4988);
#4986 = CARTESIAN_POINT('',(232.1315,-69.9,-4.6E-02));
#4987 = DIRECTION('',(-0.,-0.,-1.));
#4988 = DIRECTION('',(-6.394085361171E-14,-1.,0.));
#4989 = ADVANCED_FACE('',(#4990),#5001,.F.);
#4990 = FACE_BOUND('',#4991,.T.);
#4991 = EDGE_LOOP('',(#4992,#4993,#4999,#5000));
#4992 = ORIENTED_EDGE('',*,*,#1796,.T.);
#4993 = ORIENTED_EDGE('',*,*,#4994,.T.);
#4994 = EDGE_CURVE('',#1797,#3063,#4995,.T.);
#4995 = LINE('',#4996,#4997);
#4996 = CARTESIAN_POINT('',(216.8915,-55.1045,-4.6E-02));
#4997 = VECTOR('',#4998,1.);
#4998 = DIRECTION('',(0.,0.,1.));
#4999 = ORIENTED_EDGE('',*,*,#3062,.F.);
#5000 = ORIENTED_EDGE('',*,*,#4994,.F.);
#5001 = CYLINDRICAL_SURFACE('',#5002,0.4445);
#5002 = AXIS2_PLACEMENT_3D('',#5003,#5004,#5005);
#5003 = CARTESIAN_POINT('',(216.8915,-54.66,-4.6E-02));
#5004 = DIRECTION('',(-0.,-0.,-1.));
#5005 = DIRECTION('',(-0.,-1.,0.));
#5006 = ADVANCED_FACE('',(#5007),#5018,.F.);
#5007 = FACE_BOUND('',#5008,.T.);
#5008 = EDGE_LOOP('',(#5009,#5010,#5016,#5017));
#5009 = ORIENTED_EDGE('',*,*,#1807,.T.);
#5010 = ORIENTED_EDGE('',*,*,#5011,.T.);
#5011 = EDGE_CURVE('',#1808,#3074,#5012,.T.);
#5012 = LINE('',#5013,#5014);
#5013 = CARTESIAN_POINT('',(219.4315,-55.1045,-4.6E-02));
#5014 = VECTOR('',#5015,1.);
#5015 = DIRECTION('',(0.,0.,1.));
#5016 = ORIENTED_EDGE('',*,*,#3073,.F.);
#5017 = ORIENTED_EDGE('',*,*,#5011,.F.);
#5018 = CYLINDRICAL_SURFACE('',#5019,0.4445);
#5019 = AXIS2_PLACEMENT_3D('',#5020,#5021,#5022);
#5020 = CARTESIAN_POINT('',(219.4315,-54.66,-4.6E-02));
#5021 = DIRECTION('',(-0.,-0.,-1.));
#5022 = DIRECTION('',(-0.,-1.,0.));
#5023 = ADVANCED_FACE('',(#5024),#5035,.F.);
#5024 = FACE_BOUND('',#5025,.T.);
#5025 = EDGE_LOOP('',(#5026,#5027,#5033,#5034));
#5026 = ORIENTED_EDGE('',*,*,#1818,.T.);
#5027 = ORIENTED_EDGE('',*,*,#5028,.T.);
#5028 = EDGE_CURVE('',#1819,#3085,#5029,.T.);
#5029 = LINE('',#5030,#5031);
#5030 = CARTESIAN_POINT('',(221.9715,-55.1045,-4.6E-02));
#5031 = VECTOR('',#5032,1.);
#5032 = DIRECTION('',(0.,0.,1.));
#5033 = ORIENTED_EDGE('',*,*,#3084,.F.);
#5034 = ORIENTED_EDGE('',*,*,#5028,.F.);
#5035 = CYLINDRICAL_SURFACE('',#5036,0.4445);
#5036 = AXIS2_PLACEMENT_3D('',#5037,#5038,#5039);
#5037 = CARTESIAN_POINT('',(221.9715,-54.66,-4.6E-02));
#5038 = DIRECTION('',(-0.,-0.,-1.));
#5039 = DIRECTION('',(-0.,-1.,0.));
#5040 = ADVANCED_FACE('',(#5041),#5052,.F.);
#5041 = FACE_BOUND('',#5042,.T.);
#5042 = EDGE_LOOP('',(#5043,#5044,#5050,#5051));
#5043 = ORIENTED_EDGE('',*,*,#1829,.T.);
#5044 = ORIENTED_EDGE('',*,*,#5045,.T.);
#5045 = EDGE_CURVE('',#1830,#3096,#5046,.T.);
#5046 = LINE('',#5047,#5048);
#5047 = CARTESIAN_POINT('',(224.5115,-55.1045,-4.6E-02));
#5048 = VECTOR('',#5049,1.);
#5049 = DIRECTION('',(0.,0.,1.));
#5050 = ORIENTED_EDGE('',*,*,#3095,.F.);
#5051 = ORIENTED_EDGE('',*,*,#5045,.F.);
#5052 = CYLINDRICAL_SURFACE('',#5053,0.4445);
#5053 = AXIS2_PLACEMENT_3D('',#5054,#5055,#5056);
#5054 = CARTESIAN_POINT('',(224.5115,-54.66,-4.6E-02));
#5055 = DIRECTION('',(-0.,-0.,-1.));
#5056 = DIRECTION('',(-0.,-1.,0.));
#5057 = ADVANCED_FACE('',(#5058),#5069,.F.);
#5058 = FACE_BOUND('',#5059,.T.);
#5059 = EDGE_LOOP('',(#5060,#5061,#5067,#5068));
#5060 = ORIENTED_EDGE('',*,*,#1840,.T.);
#5061 = ORIENTED_EDGE('',*,*,#5062,.T.);
#5062 = EDGE_CURVE('',#1841,#3107,#5063,.T.);
#5063 = LINE('',#5064,#5065);
#5064 = CARTESIAN_POINT('',(227.0515,-55.1045,-4.6E-02));
#5065 = VECTOR('',#5066,1.);
#5066 = DIRECTION('',(0.,0.,1.));
#5067 = ORIENTED_EDGE('',*,*,#3106,.F.);
#5068 = ORIENTED_EDGE('',*,*,#5062,.F.);
#5069 = CYLINDRICAL_SURFACE('',#5070,0.4445);
#5070 = AXIS2_PLACEMENT_3D('',#5071,#5072,#5073);
#5071 = CARTESIAN_POINT('',(227.0515,-54.66,-4.6E-02));
#5072 = DIRECTION('',(-0.,-0.,-1.));
#5073 = DIRECTION('',(-0.,-1.,0.));
#5074 = ADVANCED_FACE('',(#5075),#5086,.F.);
#5075 = FACE_BOUND('',#5076,.T.);
#5076 = EDGE_LOOP('',(#5077,#5078,#5084,#5085));
#5077 = ORIENTED_EDGE('',*,*,#1851,.T.);
#5078 = ORIENTED_EDGE('',*,*,#5079,.T.);
#5079 = EDGE_CURVE('',#1852,#3118,#5080,.T.);
#5080 = LINE('',#5081,#5082);
#5081 = CARTESIAN_POINT('',(229.5915,-55.1045,-4.6E-02));
#5082 = VECTOR('',#5083,1.);
#5083 = DIRECTION('',(0.,0.,1.));
#5084 = ORIENTED_EDGE('',*,*,#3117,.F.);
#5085 = ORIENTED_EDGE('',*,*,#5079,.F.);
#5086 = CYLINDRICAL_SURFACE('',#5087,0.4445);
#5087 = AXIS2_PLACEMENT_3D('',#5088,#5089,#5090);
#5088 = CARTESIAN_POINT('',(229.5915,-54.66,-4.6E-02));
#5089 = DIRECTION('',(-0.,-0.,-1.));
#5090 = DIRECTION('',(-0.,-1.,0.));
#5091 = ADVANCED_FACE('',(#5092),#5103,.F.);
#5092 = FACE_BOUND('',#5093,.T.);
#5093 = EDGE_LOOP('',(#5094,#5095,#5101,#5102));
#5094 = ORIENTED_EDGE('',*,*,#1862,.T.);
#5095 = ORIENTED_EDGE('',*,*,#5096,.T.);
#5096 = EDGE_CURVE('',#1863,#3129,#5097,.T.);
#5097 = LINE('',#5098,#5099);
#5098 = CARTESIAN_POINT('',(232.1315,-55.1045,-4.6E-02));
#5099 = VECTOR('',#5100,1.);
#5100 = DIRECTION('',(0.,0.,1.));
#5101 = ORIENTED_EDGE('',*,*,#3128,.F.);
#5102 = ORIENTED_EDGE('',*,*,#5096,.F.);
#5103 = CYLINDRICAL_SURFACE('',#5104,0.4445);
#5104 = AXIS2_PLACEMENT_3D('',#5105,#5106,#5107);
#5105 = CARTESIAN_POINT('',(232.1315,-54.66,-4.6E-02));
#5106 = DIRECTION('',(-0.,-0.,-1.));
#5107 = DIRECTION('',(-6.394085361171E-14,-1.,0.));
#5108 = ( GEOMETRIC_REPRESENTATION_CONTEXT(3) 
GLOBAL_UNCERTAINTY_ASSIGNED_CONTEXT((#5112)) 
GLOBAL_UNIT_ASSIGNED_CONTEXT((#5109,#5110,#5111)) REPRESENTATION_CONTEXT
('Context #1','3D Context with UNIT and UNCERTAINTY') );
#5109 = ( LENGTH_UNIT() NAMED_UNIT(*) SI_UNIT(.MILLI.,.METRE.) );
#5110 = ( NAMED_UNIT(*) PLANE_ANGLE_UNIT() SI_UNIT($,.RADIAN.) );
#5111 = ( NAMED_UNIT(*) SI_UNIT($,.STERADIAN.) SOLID_ANGLE_UNIT() );
#5112 = UNCERTAINTY_MEASURE_WITH_UNIT(LENGTH_MEASURE(1.E-07),#5109,
  'distance_accuracy_value','confusion accuracy');
#5113 = CONTEXT_DEPENDENT_SHAPE_REPRESENTATION(#5114,#5116);
#5114 = ( REPRESENTATION_RELATIONSHIP('','',#504,#10) 
REPRESENTATION_RELATIONSHIP_WITH_TRANSFORMATION(#5115) 
SHAPE_REPRESENTATION_RELATIONSHIP() );
#5115 = ITEM_DEFINED_TRANSFORMATION('','',#11,#63);
#5116 = PRODUCT_DEFINITION_SHAPE('Placement','Placement of an item',
  #5117);
#5117 = NEXT_ASSEMBLY_USAGE_OCCURRENCE('13','=>[0:1:1:3]','',#5,#499,$);
#5118 = PRODUCT_RELATED_PRODUCT_CATEGORY('part',$,(#501));
#5119 = MECHANICAL_DESIGN_GEOMETRIC_PRESENTATION_REPRESENTATION('',(
    #5120),#5108);
#5120 = STYLED_ITEM('color',(#5121),#505);
#5121 = PRESENTATION_STYLE_ASSIGNMENT((#5122));
#5122 = SURFACE_STYLE_USAGE(.BOTH.,#5123);
#5123 = SURFACE_SIDE_STYLE('',(#5124));
#5124 = SURFACE_STYLE_FILL_AREA(#5125);
#5125 = FILL_AREA_STYLE('',(#5126));
#5126 = FILL_AREA_STYLE_COLOUR('',#5127);
#5127 = COLOUR_RGB('',0.313304153717,0.484529207832,0.410020903123);
#5128 = MECHANICAL_DESIGN_GEOMETRIC_PRESENTATION_REPRESENTATION('',(
    #5129,#5137,#5144,#5151,#5158,#5165,#5172,#5179,#5187,#5194,#5201,
    #5209,#5216,#5223,#5230,#5237),#431);
#5129 = STYLED_ITEM('color',(#5130),#83);
#5130 = PRESENTATION_STYLE_ASSIGNMENT((#5131));
#5131 = SURFACE_STYLE_USAGE(.BOTH.,#5132);
#5132 = SURFACE_SIDE_STYLE('',(#5133));
#5133 = SURFACE_STYLE_FILL_AREA(#5134);
#5134 = FILL_AREA_STYLE('',(#5135));
#5135 = FILL_AREA_STYLE_COLOUR('',#5136);
#5136 = COLOUR_RGB('',0.823999987314,0.819999987296,0.781000009244);
#5137 = STYLED_ITEM('color',(#5138),#116);
#5138 = PRESENTATION_STYLE_ASSIGNMENT((#5139));
#5139 = SURFACE_STYLE_USAGE(.BOTH.,#5140);
#5140 = SURFACE_SIDE_STYLE('',(#5141));
#5141 = SURFACE_STYLE_FILL_AREA(#5142);
#5142 = FILL_AREA_STYLE('',(#5143));
#5143 = FILL_AREA_STYLE_COLOUR('',#5136);
#5144 = STYLED_ITEM('color',(#5145),#142);
#5145 = PRESENTATION_STYLE_ASSIGNMENT((#5146));
#5146 = SURFACE_STYLE_USAGE(.BOTH.,#5147);
#5147 = SURFACE_SIDE_STYLE('',(#5148));
#5148 = SURFACE_STYLE_FILL_AREA(#5149);
#5149 = FILL_AREA_STYLE('',(#5150));
#5150 = FILL_AREA_STYLE_COLOUR('',#5136);
#5151 = STYLED_ITEM('color',(#5152),#167);
#5152 = PRESENTATION_STYLE_ASSIGNMENT((#5153));
#5153 = SURFACE_STYLE_USAGE(.BOTH.,#5154);
#5154 = SURFACE_SIDE_STYLE('',(#5155));
#5155 = SURFACE_STYLE_FILL_AREA(#5156);
#5156 = FILL_AREA_STYLE('',(#5157));
#5157 = FILL_AREA_STYLE_COLOUR('',#5136);
#5158 = STYLED_ITEM('color',(#5159),#193);
#5159 = PRESENTATION_STYLE_ASSIGNMENT((#5160));
#5160 = SURFACE_STYLE_USAGE(.BOTH.,#5161);
#5161 = SURFACE_SIDE_STYLE('',(#5162));
#5162 = SURFACE_STYLE_FILL_AREA(#5163);
#5163 = FILL_AREA_STYLE('',(#5164));
#5164 = FILL_AREA_STYLE_COLOUR('',#5136);
#5165 = STYLED_ITEM('color',(#5166),#218);
#5166 = PRESENTATION_STYLE_ASSIGNMENT((#5167));
#5167 = SURFACE_STYLE_USAGE(.BOTH.,#5168);
#5168 = SURFACE_SIDE_STYLE('',(#5169));
#5169 = SURFACE_STYLE_FILL_AREA(#5170);
#5170 = FILL_AREA_STYLE('',(#5171));
#5171 = FILL_AREA_STYLE_COLOUR('',#5136);
#5172 = STYLED_ITEM('color',(#5173),#227);
#5173 = PRESENTATION_STYLE_ASSIGNMENT((#5174));
#5174 = SURFACE_STYLE_USAGE(.BOTH.,#5175);
#5175 = SURFACE_SIDE_STYLE('',(#5176));
#5176 = SURFACE_STYLE_FILL_AREA(#5177);
#5177 = FILL_AREA_STYLE('',(#5178));
#5178 = FILL_AREA_STYLE_COLOUR('',#5136);
#5179 = STYLED_ITEM('color',(#5180),#238);
#5180 = PRESENTATION_STYLE_ASSIGNMENT((#5181));
#5181 = SURFACE_STYLE_USAGE(.BOTH.,#5182);
#5182 = SURFACE_SIDE_STYLE('',(#5183));
#5183 = SURFACE_STYLE_FILL_AREA(#5184);
#5184 = FILL_AREA_STYLE('',(#5185));
#5185 = FILL_AREA_STYLE_COLOUR('',#5186);
#5186 = COLOUR_RGB('',0.699999984889,9.999999991362E-02,
  5.000000142576E-02);
#5187 = STYLED_ITEM('color',(#5188),#271);
#5188 = PRESENTATION_STYLE_ASSIGNMENT((#5189));
#5189 = SURFACE_STYLE_USAGE(.BOTH.,#5190);
#5190 = SURFACE_SIDE_STYLE('',(#5191));
#5191 = SURFACE_STYLE_FILL_AREA(#5192);
#5192 = FILL_AREA_STYLE('',(#5193));
#5193 = FILL_AREA_STYLE_COLOUR('',#5186);
#5194 = STYLED_ITEM('color',(#5195),#291);
#5195 = PRESENTATION_STYLE_ASSIGNMENT((#5196));
#5196 = SURFACE_STYLE_USAGE(.BOTH.,#5197);
#5197 = SURFACE_SIDE_STYLE('',(#5198));
#5198 = SURFACE_STYLE_FILL_AREA(#5199);
#5199 = FILL_AREA_STYLE('',(#5200));
#5200 = FILL_AREA_STYLE_COLOUR('',#5186);
#5201 = STYLED_ITEM('color',(#5202),#311);
#5202 = PRESENTATION_STYLE_ASSIGNMENT((#5203));
#5203 = SURFACE_STYLE_USAGE(.BOTH.,#5204);
#5204 = SURFACE_SIDE_STYLE('',(#5205));
#5205 = SURFACE_STYLE_FILL_AREA(#5206);
#5206 = FILL_AREA_STYLE('',(#5207));
#5207 = FILL_AREA_STYLE_COLOUR('',#5208);
#5208 = COLOUR_RGB('',0.,0.631244006163,0.748016017657);
#5209 = STYLED_ITEM('color',(#5210),#336);
#5210 = PRESENTATION_STYLE_ASSIGNMENT((#5211));
#5211 = SURFACE_STYLE_USAGE(.BOTH.,#5212);
#5212 = SURFACE_SIDE_STYLE('',(#5213));
#5213 = SURFACE_STYLE_FILL_AREA(#5214);
#5214 = FILL_AREA_STYLE('',(#5215));
#5215 = FILL_AREA_STYLE_COLOUR('',#5208);
#5216 = STYLED_ITEM('color',(#5217),#361);
#5217 = PRESENTATION_STYLE_ASSIGNMENT((#5218));
#5218 = SURFACE_STYLE_USAGE(.BOTH.,#5219);
#5219 = SURFACE_SIDE_STYLE('',(#5220));
#5220 = SURFACE_STYLE_FILL_AREA(#5221);
#5221 = FILL_AREA_STYLE('',(#5222));
#5222 = FILL_AREA_STYLE_COLOUR('',#5208);
#5223 = STYLED_ITEM('color',(#5224),#387);
#5224 = PRESENTATION_STYLE_ASSIGNMENT((#5225));
#5225 = SURFACE_STYLE_USAGE(.BOTH.,#5226);
#5226 = SURFACE_SIDE_STYLE('',(#5227));
#5227 = SURFACE_STYLE_FILL_AREA(#5228);
#5228 = FILL_AREA_STYLE('',(#5229));
#5229 = FILL_AREA_STYLE_COLOUR('',#5208);
#5230 = STYLED_ITEM('color',(#5231),#413);
#5231 = PRESENTATION_STYLE_ASSIGNMENT((#5232));
#5232 = SURFACE_STYLE_USAGE(.BOTH.,#5233);
#5233 = SURFACE_SIDE_STYLE('',(#5234));
#5234 = SURFACE_STYLE_FILL_AREA(#5235);
#5235 = FILL_AREA_STYLE('',(#5236));
#5236 = FILL_AREA_STYLE_COLOUR('',#5208);
#5237 = STYLED_ITEM('color',(#5238),#422);
#5238 = PRESENTATION_STYLE_ASSIGNMENT((#5239));
#5239 = SURFACE_STYLE_USAGE(.BOTH.,#5240);
#5240 = SURFACE_SIDE_STYLE('',(#5241));
#5241 = SURFACE_STYLE_FILL_AREA(#5242);
#5242 = FILL_AREA_STYLE('',(#5243));
#5243 = FILL_AREA_STYLE_COLOUR('',#5208);
ENDSEC;
END-ISO-10303-21;
